ramp_id,split,interval_index,time_d,interval_d,normalized_stress_tau_over_sigma_ref,maturation_state,at_risk_lineages,hydrodynamic_events,biological_events,true_hydrodynamic_rate_d_1,true_biological_rate_d_1,observed_hydrodynamic_rate_d_1,observed_biological_rate_d_1,fitted_hydrodynamic_rate_d_1,fitted_biological_rate_d_1
subthreshold_train,train,0,0.025,0.05,0.65,0.10267464063705882,3000,0,0,0.0,0.00015181188739555725,0.0,0.0,0.0,7.049299663215518e-05
subthreshold_train,train,1,0.07500000000000001,0.05,0.65,0.10298781662816749,3000,0,0,0.0,0.00015249204559544745,0.0,0.0,0.0,7.084487395429498e-05
subthreshold_train,train,2,0.125,0.05,0.65,0.10333751292703483,3000,0,0,0.0,0.00015325511758240492,0.0,0.0,0.0,7.123985986701079e-05
subthreshold_train,train,3,0.17500000000000002,0.05,0.65,0.10372795118901698,3000,0,0,0.0,0.00015411160132888582,0.0,0.0,0.0,7.168346580516196e-05
subthreshold_train,train,4,0.225,0.05,0.65,0.10416383191052267,3000,0,0,0.0,0.00015507342089930107,0.0,0.0,0.0,7.218196504517056e-05
subthreshold_train,train,5,0.275,0.05,0.65,0.10465038647126752,3000,0,0,0.0,0.0001561541438129587,0.0,0.0,0.0,7.27425119711456e-05
subthreshold_train,train,6,0.32500000000000007,0.05,0.65,0.10519343426717066,3000,0,0,0.0,0.0001573692370980193,0.0,0.0,0.0,7.337328329359037e-05
subthreshold_train,train,7,0.37500000000000006,0.05,0.65,0.10579944528766949,3000,0,0,0.0,0.000158736370162544,0.0,0.0,0.0,7.408364599385453e-05
subthreshold_train,train,8,0.42500000000000004,0.05,0.65,0.10647560847608346,3000,0,0,0.0,0.0001602757745795896,0.0,0.0,0.0,7.488435796392646e-05
subthreshold_train,train,9,0.47500000000000003,0.05,0.65,0.10722990618218418,3000,0,0,0.0,0.00016201067339013798,0.0,0.0,0.0,7.578780884370589e-05
subthreshold_train,train,10,0.525,0.05,0.65,0.10807119496811193,3000,0,0,0.0,0.00016396779573066433,0.0,0.0,0.0,7.680831053054748e-05
subthreshold_train,train,11,0.5750000000000001,0.05,0.65,0.10900929295708642,3000,0,0,0.0,0.00016617799670375113,0.0,0.0,0.0,7.796244938778848e-05
subthreshold_train,train,12,0.6250000000000001,0.05,0.65,0.11005507381281823,3000,0,0,0.0,0.00016867700771325421,0.0,0.0,0.0,7.926951549736253e-05
subthreshold_train,train,13,0.675,0.05,0.65,0.11122056729878133,3000,0,0,0.0,0.00017150634935902989,0.0,0.0,0.0,8.075202863977193e-05
subthreshold_train,train,14,0.7250000000000001,0.05,0.65,0.11251906618190705,3000,0,0,0.0,0.00017471444794005215,0.0,0.0,0.0,8.243638638732121e-05
subthreshold_train,train,15,0.775,0.05,0.65,0.1139652390047752,3000,0,0,0.0,0.00017835800833899076,0.0,0.0,0.0,8.43536672354704e-05
subthreshold_train,train,16,0.8250000000000001,0.05,0.65,0.11557524794256867,3000,0,0,0.0,0.00018250371149479828,0.0,0.0,0.0,8.654063172225514e-05
subthreshold_train,train,17,0.8750000000000001,0.05,0.65,0.11736687057315551,3000,0,0,0.0,0.00018723032509685366,0.0,0.0,0.0,8.904097789736893e-05
subthreshold_train,train,18,0.925,0.05,0.65,0.11935962390677697,3000,0,0,0.0,0.0001926313433211622,0.0,0.0,0.0,9.190692555612648e-05
subthreshold_train,train,19,0.9750000000000001,0.05,0.65,0.1215748884313797,3000,0,0,0.0,0.0001988183078190058,0.0,0.0,0.0,9.520122811054412e-05
subthreshold_train,train,20,1.025,0.05,0.6510416666666667,0.12403602921611218,3000,0,0,0.0,0.00020592501115846733,0.0,0.0,0.0,9.899974431722265e-05
subthreshold_train,train,21,1.075,0.05,0.6531250000000001,0.12676851026555527,3000,0,0,0.0,0.000214112850258976,0.0,0.0,0.0,0.00010339474785349913
subthreshold_train,train,22,1.125,0.05,0.6552083333333334,0.12979999732036157,3000,0,0,0.0,0.00022357768772394442,0.0,0.0,0.0,0.00010849921598269976
subthreshold_train,train,23,1.175,0.05,0.6572916666666667,0.13316044315076267,3000,0,0,0.0,0.00023455870279728958,0.0,0.0,0.0,0.00011445242654755214
subthreshold_train,train,24,1.225,0.05,0.659375,0.1368821480907617,3000,0,0,0.0,0.000247349884333853,0.0,0.0,0.0,0.00012142731580539208
subthreshold_train,train,25,1.275,0.05,0.6614583333333334,0.14099978712794528,3000,0,0,0.0,0.0002623150547737533,0.0,0.0,0.0,0.00012964022350316277
subthreshold_train,train,26,1.325,0.05,0.6635416666666667,0.14555039332924163,3000,0,0,0.0,0.0002799076439862831,0.0,0.0,0.0,0.00013936389854644392
subthreshold_train,train,27,1.375,0.05,0.665625,0.15057328580245627,3000,0,0,0.0,0.00030069689428947037,0.0,0.0,0.0,0.00015094499172781534
subthreshold_train,train,28,1.425,0.05,0.6677083333333333,0.15610992885294553,3000,0,0,0.0,0.00032540282957624377,0.0,0.0,0.0,0.00016482777021215102
subthreshold_train,train,29,1.475,0.05,0.6697916666666667,0.1622037076174197,3000,0,0,0.0,0.00035494324402720397,0.0,0.0,0.0,0.00018158652461759822
subthreshold_train,train,30,1.525,0.05,0.671875,0.16889960440937585,3000,0,0,0.0,0.00039049727742419046,0.0,0.0,0.0,0.00020197021215252926
subthreshold_train,train,31,1.575,0.05,0.6739583333333333,0.17624375950828583,3000,0,0,0.0,0.0004335920148967133,0.0,0.0,0.0,0.00022696445069587837
subthreshold_train,train,32,1.625,0.05,0.6760416666666667,0.1842829004321464,3000,0,1,0.0,0.0004862212237709541,0.0,0.006666666666666667,0.0,0.0002578782918342367
subthreshold_train,train,33,1.675,0.05,0.678125,0.1930636251594675,2999,0,0,0.0,0.0005510091682706935,0.0,0.0,0.0,0.0002964666187060488
subthreshold_train,train,34,1.725,0.05,0.6802083333333333,0.20263152765149767,2999,0,0,0.0,0.000631437916523987,0.0,0.0,0.0,0.00034510407741361414
subthreshold_train,train,35,1.775,0.05,0.6822916666666667,0.21303015871124725,2999,0,0,0.0,0.0007321643545697213,0.0,0.0,0.0,0.0004070339567054351
subthreshold_train,train,36,1.825,0.05,0.6843750000000001,0.2242998220072152,2999,0,0,0.0,0.0008594641613764654,0.0,0.0,0.0,0.000486726541744088
subthreshold_train,train,37,1.875,0.05,0.6864583333333334,0.23647621419449216,2999,0,0,0.0,0.0010218554372301676,0.0,0.0,0.0,0.0005903978380955605
subthreshold_train,train,38,1.925,0.05,0.6885416666666667,0.2495889295212122,2999,0,0,0.0,0.001230975851587627,0.0,0.0,0.0,0.0007267634568745416
subthreshold_train,train,39,1.975,0.05,0.690625,0.2636598628960607,2999,0,1,0.0,0.0015028153119195332,0.0,0.006668889629876625,0.0,0.0009081367694307992
subthreshold_train,train,40,2.025,0.05,0.6927083333333334,0.27870156055530226,2998,0,0,0.0,0.0018594416050765259,0.0,0.0,0.0,0.0011520284106765351
subthreshold_train,train,41,2.075,0.05,0.6947916666666667,0.2947155832420001,2998,0,0,0.0,0.0023313969681877027,0.0,0.0,0.0,0.0014834682631692613
subthreshold_train,train,42,2.125,0.05,0.696875,0.3116909617991538,2998,0,1,0.0,0.00296098063910611,0.0,0.0066711140760507,0.0,0.0019383497671370392
subthreshold_train,train,43,2.175,0.05,0.6989583333333333,0.3296028374914135,2997,0,0,0.0,0.003806644588806683,0.0,0.0,0.0,0.002568177412378444
subthreshold_train,train,44,2.225,0.05,0.7010416666666667,0.34841138714836606,2997,0,0,0.0,0.0049486703976229255,0.0,0.0,0.0,0.0034466433870563185
subthreshold_train,train,45,2.275,0.05,0.703125,0.36806113426776965,2997,0,0,0.0,0.00649607546264496,0.0,0.0,0.0,0.004678376376169554
subthreshold_train,train,46,2.325,0.05,0.7052083333333333,0.38848073971172936,2997,0,0,0.0,0.008594165149500628,0.0,0.0,0.0,0.006409802136791379
subthreshold_train,train,47,2.375,0.05,0.7072916666666667,0.4095833484144792,2997,0,1,0.0,0.011431089787577505,0.0,0.0066733400066733405,0.0,0.008840984105410192
subthreshold_train,train,48,2.4250000000000003,0.05,0.7093750000000001,0.4312675414722563,2996,0,3,0.0,0.015239978063196139,0.0,0.02002670226969292,0.0,0.012235063269904662
subthreshold_train,train,49,2.475,0.05,0.7114583333333333,0.45341890729408374,2993,0,3,0.0,0.02029076934909763,0.0,0.020046775810223856,0.0,0.01691804120426304
subthreshold_train,train,50,2.525,0.05,0.7135416666666667,0.475912203762224,2990,0,2,0.0,0.02686366746329584,0.0,0.013377926421404682,0.0,0.02325658596205666
subthreshold_train,train,51,2.575,0.05,0.7156250000000001,0.4986140394482761,2988,0,3,0.0,0.035196697348863305,0.0,0.020080321285140562,0.0,0.031598377645072714
subthreshold_train,train,52,2.625,0.05,0.7177083333333334,0.5213859605517239,2985,0,10,0.0,0.04540724193295822,0.0,0.06700167504187604,0.0,0.04216579159325854
subthreshold_train,train,53,2.6750000000000003,0.05,0.7197916666666667,0.544087796237776,2975,0,9,0.0,0.057404366904360515,0.0,0.06050420168067227,0.0,0.05491883463911439
subthreshold_train,train,54,2.725,0.05,0.721875,0.5665810927059162,2966,0,14,0.0,0.07082969247015532,0.0,0.09440323668240053,0.0,0.06944486439428928
subthreshold_train,train,55,2.775,0.05,0.7239583333333334,0.5887324585277437,2952,0,9,0.0,0.0850714068424779,0.0,0.06097560975609757,0.0,0.08495858325659272
subthreshold_train,train,56,2.825,0.05,0.7260416666666667,0.6104166515855208,2943,0,15,0.0,0.09936975807420756,0.0,0.1019367991845056,0.0,0.10045774772544827
subthreshold_train,train,57,2.875,0.05,0.728125,0.6315192602882705,2928,0,15,0.0,0.11298036036397117,0.0,0.10245901639344263,0.0,0.11497964122427413
subthreshold_train,train,58,2.9250000000000003,0.05,0.7302083333333333,0.6519388657322304,2913,0,10,0.0,0.12532445850549284,0.0,0.06865774116031582,0.0,0.12782765480019304
subthreshold_train,train,59,2.975,0.05,0.7322916666666667,0.671588612851634,2903,0,32,0.0,0.13606696664887336,0.0,0.22046159145711333,0.0,0.13866595552418953
subthreshold_train,train,60,3.025,0.05,0.734375,0.6903971625085863,2871,0,18,0.0,0.14511067665644625,0.0,0.12539184952978055,0.0,0.14747820231525555
subthreshold_train,train,61,3.075,0.05,0.7364583333333333,0.7083090382008462,2853,0,17,0.0,0.15253608361039725,0.0,0.11917280056081317,0.0,0.15445621395386577
subthreshold_train,train,62,3.125,0.05,0.7385416666666667,0.7252844167579998,2836,0,28,0.0,0.15852649644170985,0.0,0.19746121297602254,0.0,0.15988685819071638
subthreshold_train,train,63,3.1750000000000003,0.05,0.7406250000000001,0.7412984394446976,2808,0,19,0.0,0.16330521709608956,0.0,0.1353276353276353,0.0,0.1640716713193201
subthreshold_train,train,64,3.225,0.05,0.7427083333333333,0.7563401371039393,2789,0,23,0.0,0.1670941593663128,0.0,0.1649336679813553,0.0,0.16728320963381124
subthreshold_train,train,65,3.275,0.05,0.7447916666666667,0.7704110704787878,2766,0,30,0.0,0.17009203260073044,0.0,0.21691973969631234,0.0,0.1697482948031623
subthreshold_train,train,66,3.325,0.05,0.7468750000000001,0.7835237858055079,2736,0,24,0.0,0.1724661542952985,0.0,0.17543859649122806,0.0,0.17164665255869269
subthreshold_train,train,67,3.375,0.05,0.7489583333333334,0.7957001779927847,2712,0,17,0.0,0.17435212709755865,0.0,0.12536873156342185,0.0,0.1731165426269462
subthreshold_train,train,68,3.4250000000000003,0.05,0.7510416666666667,0.8069698412887527,2695,0,14,0.0,0.17585725562742288,0.0,0.1038961038961039,0.0,0.17426250421506193
subthreshold_train,train,69,3.475,0.05,0.753125,0.8173684723485023,2681,0,27,0.0,0.17706523047835532,0.0,0.20141738157403952,0.0,0.1751628596685766
subthreshold_train,train,70,3.525,0.05,0.7552083333333334,0.8269363748405323,2654,0,28,0.0,0.17804079999805084,0.0,0.2110022607385079,0.0,0.17587607500276425
subthreshold_train,train,71,3.575,0.05,0.7572916666666667,0.8357170995678536,2626,0,25,0.0,0.17883387759950875,0.0,0.1904036557501904,0.0,0.17644579916327077
subthreshold_train,train,72,3.625,0.05,0.759375,0.8437562404917142,2601,0,22,0.0,0.17948292370207036,0.0,0.16916570549788543,0.0,0.17690470826460292
subthreshold_train,train,73,3.6750000000000003,0.05,0.7614583333333333,0.8511003955906241,2579,0,30,0.0,0.1800176270879065,0.0,0.23264831329972854,0.0,0.17727737514085742
subthreshold_train,train,74,3.725,0.05,0.7635416666666667,0.8577962923825803,2549,0,17,0.0,0.18046098322996176,0.0,0.133385641428011,0.0,0.177582385598127
subthreshold_train,train,75,3.775,0.05,0.765625,0.8638900711470544,2532,0,17,0.0,0.180830883715632,0.0,0.1342812006319115,0.0,0.17783388988524007
subthreshold_train,train,76,3.825,0.05,0.7677083333333333,0.8694267141975437,2515,0,32,0.0,0.1811413227049748,0.0,0.2544731610337972,0.0,0.17804273800553388
subthreshold_train,train,77,3.875,0.05,0.7697916666666667,0.8744496066707582,2483,0,28,0.0,0.18140330950735264,0.0,0.2255336286749899,0.0,0.1782173112643548
subthreshold_train,train,78,3.9250000000000003,0.05,0.7718750000000001,0.8790002128720547,2455,0,20,0.0,0.18162555836413882,0.0,0.1629327902240326,0.0,0.17836413305540302
subthreshold_train,train,79,3.975,0.05,0.7739583333333333,0.8831178519092382,2435,0,28,0.0,0.18181501046724086,0.0,0.2299794661190965,0.0,0.17848831936190285
subthreshold_train,train,80,4.025,0.05,0.7760416666666667,0.8868395568492372,2407,0,25,0.0,0.18197723004510988,0.0,0.2077274615704196,0.0,0.1785939127222453
subthreshold_train,train,81,4.075,0.05,0.7781250000000001,0.8902000026796384,2382,0,18,0.0,0.18211670597511206,0.0,0.15113350125944583,0.0,0.17868413121557272
subthreshold_train,train,82,4.125000000000001,0.05,0.7802083333333334,0.8932314897344447,2364,0,22,0.0,0.18223708244040993,0.0,0.18612521150592215,0.0,0.17876155522369477
subthreshold_train,train,83,4.175000000000001,0.05,0.7822916666666667,0.8959639707838878,2342,0,13,0.0,0.1823413361660439,0.0,0.11101622544833475,0.0,0.1788282684093991
subthreshold_train,train,84,4.2250000000000005,0.05,0.784375,0.8984251115686201,2329,0,25,0.0,0.1824319133022495,0.0,0.21468441391155002,0.0,0.17888596482531433
subthreshold_train,train,85,4.275,0.05,0.7864583333333334,0.9006403760932229,2304,0,25,0.0,0.18251083570567672,0.0,0.2170138888888889,0.0,0.17893603082285323
subthreshold_train,train,86,4.325,0.05,0.7885416666666667,0.9026331294268445,2279,0,16,0.0,0.1825797839108452,0.0,0.14041246160596751,0.0,0.17897960809973132
subthreshold_train,train,87,4.375000000000001,0.05,0.790625,0.9044247520574312,2263,0,19,0.0,0.18264016226277915,0.0,0.16791869200176757,0.0,0.17901764254439262
subthreshold_train,train,88,4.425000000000001,0.05,0.7927083333333333,0.9060347609952248,2244,0,23,0.0,0.18269315033060396,0.0,0.20499108734402852,0.0,0.17905092231970474
subthreshold_train,train,89,4.4750000000000005,0.05,0.7947916666666667,0.9074809338180929,2221,0,23,0.0,0.18273974371726562,0.0,0.20711391265195855,0.0,0.17908010774416439
subthreshold_train,train,90,4.525,0.05,0.796875,0.9087794327012186,2198,0,23,0.0,0.18278078663130498,0.0,0.20928116469517744,0.0,0.17910575488277958
subthreshold_train,train,91,4.575,0.05,0.7989583333333333,0.9099449261871817,2175,0,21,0.0,0.18281699802585832,0.0,0.19310344827586207,0.0,0.17912833428516972
subthreshold_train,train,92,4.625000000000001,0.05,0.8010416666666668,0.9109907070429135,2154,0,16,0.0,0.18284899268869897,0.0,0.14856081708449395,0.0,0.17914824595785217
subthreshold_train,train,93,4.675000000000001,0.05,0.8031250000000001,0.911928805031888,2138,0,20,0.0,0.18287729834919036,0.0,0.18709073900841908,0.0,0.17916583139730466
subthreshold_train,train,94,4.7250000000000005,0.05,0.8052083333333334,0.9127700938178157,2118,0,24,0.0,0.1829023696270572,0.0,0.22662889518413595,0.0,0.17918138331593217
subthreshold_train,train,95,4.775,0.05,0.8072916666666667,0.9135243915239165,2094,0,21,0.0,0.18292459946444442,0.0,0.20057306590257878,0.0,0.1791951535470299
subthreshold_train,train,96,4.825000000000001,0.05,0.8093750000000001,0.9142005547123305,2073,0,19,0.0,0.1829443285424549,0.0,0.18330921369995176,0.0,0.1792073595045676
subthreshold_train,train,97,4.875000000000001,0.05,0.8114583333333334,0.9148065657328293,2054,0,17,0.0,0.18296185307559687,0.0,0.1655306718597858,0.0,0.17921818948990967
subthreshold_train,train,98,4.925000000000001,0.05,0.8135416666666667,0.9153496135287325,2037,0,18,0.0,0.18297743129441962,0.0,0.1767304860088365,0.0,0.17922780707370436
subthreshold_train,train,99,4.9750000000000005,0.05,0.815625,0.9158361680894772,2019,0,15,0.0,0.18299128886216381,0.0,0.1485884101040119,0.0,0.17923635473216964
subthreshold_train,train,100,5.025,0.05,0.8177083333333334,0.916272048810983,2004,0,20,0.0,0.18300362342107626,0.0,0.1996007984031936,0.0,0.17924395687922623
subthreshold_train,train,101,5.075000000000001,0.05,0.8197916666666667,0.9166624870729652,1984,0,17,0.0,0.18301460842480513,0.0,0.17137096774193547,0.0,0.17925072240665493
subthreshold_train,train,102,5.125000000000001,0.05,0.821875,0.9170121833718324,1967,0,12,0.0,0.18302439638248216,0.0,0.12201321809862734,0.0,0.1792567468216722
subthreshold_train,train,103,5.175000000000001,0.05,0.8239583333333333,0.917325359362941,1955,0,21,0.0,0.18303312161580526,0.0,0.21483375959079284,0.0,0.17926211405349582
subthreshold_train,train,104,5.2250000000000005,0.05,0.8260416666666667,0.9176058051702385,1934,0,13,0.0,0.18304090261119466,0.0,0.13443640124095138,0.0,0.17926689798647025
subthreshold_train,train,105,5.275,0.05,0.828125,0.9178569223174656,1921,0,20,0.0,0.18304784403380225,0.0,0.20822488287350335,0.0,0.17927116376627203
subthreshold_train,train,106,5.325000000000001,0.05,0.8302083333333334,0.9180817626253309,1901,0,12,0.0,0.18305403845794024,0.0,0.1262493424513414,0.0,0.17927496891695613
subthreshold_train,train,107,5.375000000000001,0.05,0.8322916666666668,0.9182830634051596,1889,0,16,0.0,0.18305956785870936,0.0,0.16940179989412388,0.0,0.17927836429963165
subthreshold_train,train,108,5.425000000000001,0.05,0.8343750000000001,0.9184632792628714,1873,0,9,0.0,0.18306450490172863,0.0,0.09610250934329952,0.0,0.17928139493798065
subthreshold_train,train,109,5.4750000000000005,0.05,0.8364583333333334,0.9186246108087791,1864,0,15,0.0,0.18306891406150735,0.0,0.1609442060085837,0.0,0.1792841007313602
subthreshold_train,train,110,5.525,0.05,0.8385416666666667,0.9187690305494756,1849,0,15,0.0,0.18307285259383613,0.0,0.16224986479177933,0.0,0.17928651707261964
subthreshold_train,train,111,5.575000000000001,0.05,0.8406250000000001,0.9188983062185971,1834,0,23,0.0,0.18307637138337327,0.0,0.25081788440567065,0.0,0.1792886753848455
subthreshold_train,train,112,5.625000000000001,0.05,0.8427083333333334,0.9190140217839708,1811,0,13,0.0,0.18307951568416492,0.0,0.14356709000552179,0.0,0.1792906035888751
subthreshold_train,train,113,5.675000000000001,0.05,0.8447916666666667,0.9191175963499076,1798,0,20,0.0,0.18308232576801906,0.0,0.22246941045606228,0.0,0.1792923265114828
subthreshold_train,train,114,5.7250000000000005,0.05,0.846875,0.9192103011554147,1778,0,23,0.0,0.18308483749333002,0.0,0.2587176602924634,0.0,0.17929386624255678
subthreshold_train,train,115,5.775,0.05,0.8489583333333334,0.9192932748520312,1755,0,11,0.0,0.1830870828050276,0.0,0.12535612535612536,0.0,0.17929524244828088
subthreshold_train,train,116,5.825000000000001,0.05,0.8510416666666667,0.9193675372289244,1744,0,15,0.0,0.18308909017473177,0.0,0.1720183486238532,0.0,0.17929647264625712
subthreshold_train,train,117,5.875000000000001,0.05,0.853125,0.919434001537873,1729,0,20,0.0,0.18309088498886067,0.0,0.23134759976865238,0.0,0.1792975724476123
subthreshold_train,train,118,5.925000000000001,0.05,0.8552083333333333,0.9194934855568114,1709,0,15,0.0,0.18309248989133076,0.0,0.17554125219426564,0.0,0.17929855577038928
subthreshold_train,train,119,5.9750000000000005,0.05,0.8572916666666667,0.9195467215177225,1694,0,15,0.0,0.18309392508655065,0.0,0.1770956316410862,0.0,0.1792994350279005
subthreshold_train,train,120,6.025,0.05,0.859375,0.9195943650127956,1679,0,15,0.0,0.18309520860762316,0.0,0.1786777843954735,0.0,0.17930022129520193
subthreshold_train,train,121,6.075000000000001,0.05,0.8614583333333334,0.9196370029818687,1664,0,18,0.0,0.1830963565540044,0.0,0.21634615384615383,0.0,0.17930092445640666
subthreshold_train,train,122,6.125000000000001,0.05,0.8635416666666668,0.9196751608742304,1646,0,6,0.0,0.18309738330230213,0.0,0.07290400972053462,0.0,0.17930155333518594
subthreshold_train,train,123,6.175000000000001,0.05,0.8656250000000001,0.919709309068755,1640,0,11,0.0,0.18309830169341249,0.0,0.13414634146341464,0.0,0.1793021158104918
subthreshold_train,train,124,6.2250000000000005,0.05,0.8677083333333334,0.919739868628092,1629,0,12,0.0,0.18309912319878502,0.0,0.14732965009208102,0.0,0.1793026189192669
subthreshold_train,train,125,6.275,0.05,0.8697916666666667,0.9197672164551092,1617,0,12,0.0,0.18309985806824794,0.0,0.1484230055658627,0.0,0.17930306894768078
subthreshold_train,train,126,6.325000000000001,0.05,0.8718750000000001,0.9197916899129883,1605,0,12,0.0,0.183100515461526,0.0,0.14953271028037382,0.0,0.17930347151223205
subthreshold_train,train,127,6.375000000000001,0.05,0.8739583333333334,0.9198135909641967,1593,0,12,0.0,0.1831011035653175,0.0,0.15065913370998116,0.0,0.1793038316318926
subthreshold_train,train,128,6.425000000000001,0.05,0.8760416666666667,0.9198331898779947,1581,0,19,0.0,0.18310162969757168,0.0,0.24035420619860845,0.0,0.1793041537923201
subthreshold_train,train,129,6.4750000000000005,0.05,0.878125,0.9198507285510946,1562,0,15,0.0,0.18310210040040975,0.0,0.19206145966709345,0.0,0.17930444200304327
subthreshold_train,train,130,6.525,0.05,0.8802083333333334,0.9198664234815493,1547,0,17,0.0,0.18310252152296239,0.0,0.21978021978021975,0.0,0.17930469984841288
subthreshold_train,train,131,6.575000000000001,0.05,0.8822916666666667,0.9198804684318532,1530,0,12,0.0,0.18310289829524598,0.0,0.1568627450980392,0.0,0.17930493053301916
subthreshold_train,train,132,6.625000000000001,0.05,0.884375,0.9198930368135516,1518,0,20,0.0,0.18310323539407036,0.0,0.26350461133069825,0.0,0.17930513692219194
subthreshold_train,train,133,6.675000000000001,0.05,0.8864583333333333,0.9199042838223308,1498,0,11,0.0,0.18310353700185553,0.0,0.14686248331108143,0.0,0.1793053215781291
subthreshold_train,train,134,6.7250000000000005,0.05,0.8885416666666667,0.9199143483495843,1487,0,7,0.0,0.18310380685913533,0.0,0.09414929388029589,0.0,0.17930548679213557
subthreshold_train,train,135,6.775,0.05,0.890625,0.9199233546937573,1480,0,14,0.0,0.18310404831143723,0.0,0.1891891891891892,0.0,0.17930563461339996
subthreshold_train,train,136,6.825000000000001,0.05,0.8927083333333334,0.9199314140923693,1466,0,21,0.0,0.18310426435115063,0.0,0.28649386084583905,0.0,0.17930576687468747
subthreshold_train,train,137,6.875000000000001,0.05,0.8947916666666668,0.9199386260934413,1445,0,8,0.0,0.18310445765492603,0.0,0.11072664359861592,0.0,0.17930588521528418
subthreshold_train,train,138,6.925000000000001,0.05,0.8968750000000001,0.9199450797831142,1437,0,17,0.0,0.18310463061708923,0.0,0.2366040361864996,0.0,0.17930599110149195
subthreshold_train,train,139,6.9750000000000005,0.05,0.8989583333333334,0.9199508548845023,1420,0,12,0.0,0.18310478537949976,0.0,0.16901408450704225,0.0,0.17930608584493848
subthreshold_train,train,140,7.025,0.05,0.9,0.9199560227412521,1408,0,6,0.0,0.18310492385823493,0.0,0.08522727272727272,0.0,0.17930617061893794
subthreshold_train,train,141,7.075000000000001,0.05,0.9,0.9199606471978827,1402,0,21,0.0,0.18310504776744208,0.0,0.29957203994293863,0.0,0.17930624647311216
subthreshold_train,train,142,7.125000000000001,0.05,0.9,0.9199647853877179,1381,0,8,0.0,0.18310515864065963,0.0,0.11585807385952208,0.0,0.1793063143464594
subthreshold_train,train,143,7.175000000000001,0.05,0.9,0.9199684884380945,1373,0,10,0.0,0.18310525784987966,0.0,0.14566642388929352,0.0,0.17930637507903607
subthreshold_train,train,144,7.2250000000000005,0.05,0.9,0.9199718021015197,1363,0,9,0.0,0.18310534662259187,0.0,0.13206162876008803,0.0,0.17930642942240088
subthreshold_train,train,145,7.275,0.05,0.9,0.9199747673205412,1354,0,10,0.0,0.18310542605702368,0.0,0.14771048744460857,0.0,0.17930647804895242
subthreshold_train,train,146,7.325000000000001,0.05,0.9,0.9199774207332859,1344,0,10,0.0,0.18310549713576912,0.0,0.1488095238095238,0.0,0.17930652156027882
subthreshold_train,train,147,7.375000000000001,0.05,0.9,0.9199797951258927,1334,0,9,0.0,0.18310556073797774,0.0,0.13493253373313344,0.0,0.17930656049462423
subthreshold_train,train,148,7.425000000000001,0.05,0.9,0.9199819198374088,1325,0,11,0.0,0.18310561765025543,0.0,0.1660377358490566,0.0,0.17930659533356624
subthreshold_train,train,149,7.4750000000000005,0.05,0.9,0.9199838211221453,1314,0,20,0.0,0.1831056685764146,0.0,0.30441400304414,0.0,0.1793066265079877
subthreshold_train,train,150,7.525,0.05,0.9,0.9199855224739548,1294,0,9,0.0,0.18310571414619567,0.0,0.1391035548686244,0.0,0.17930665440341823
subthreshold_train,train,151,7.575000000000001,0.05,0.9,0.9199870449164314,1285,0,8,0.0,0.18310575492306802,0.0,0.1245136186770428,0.0,0.17930667936481173
subthreshold_train,train,152,7.625000000000001,0.05,0.9,0.9199884072626098,1277,0,5,0.0,0.1831057914112085,0.0,0.07830853563038372,0.0,0.17930670170082005
subthreshold_train,train,153,7.675000000000001,0.05,0.9,0.919989626347371,1272,0,15,0.0,0.18310582406174428,0.0,0.2358490566037736,0.0,0.17930672168761586
subthreshold_train,train,154,7.7250000000000005,0.05,0.9,0.9199907172354193,1257,0,5,0.0,0.18310585327833748,0.0,0.07955449482895784,0.0,0.1793067395723121
subthreshold_train,train,155,7.775,0.05,0.9,0.9199916934073956,1252,0,11,0.0,0.18310587942218162,0.0,0.1757188498402556,0.0,0.17930675557602183
subthreshold_train,train,156,7.825000000000001,0.05,0.9,0.9199925669264305,1241,0,17,0.0,0.18310590281647124,0.0,0.273972602739726,0.0,0.1793067698965945
subthreshold_train,train,157,7.875000000000001,0.05,0.9,0.9199933485871848,1224,0,18,0.0,0.18310592375040122,0.0,0.29411764705882354,0.0,0.17930678271106515
subthreshold_train,train,158,7.925000000000001,0.05,0.9,0.9199940480492235,1206,0,4,0.0,0.1831059424827445,0.0,0.06633499170812603,0.0,0.17930679417784448
subthreshold_train,train,159,7.9750000000000005,0.05,0.9,0.919994673956368,1202,0,15,0.0,0.1831059592450535,0.0,0.24958402662229617,0.0,0.17930680443867913
mild_up_train,train,0,0.025,0.05,0.65,0.10267464063705882,3000,0,0,0.0,0.00015181188739555725,0.0,0.0,0.0,7.049299663215518e-05
mild_up_train,train,1,0.07500000000000001,0.05,0.65,0.10298781662816749,3000,0,0,0.0,0.00015249204559544745,0.0,0.0,0.0,7.084487395429498e-05
mild_up_train,train,2,0.125,0.05,0.65,0.10333751292703483,3000,0,0,0.0,0.00015325511758240492,0.0,0.0,0.0,7.123985986701079e-05
mild_up_train,train,3,0.17500000000000002,0.05,0.65,0.10372795118901698,3000,0,0,0.0,0.00015411160132888582,0.0,0.0,0.0,7.168346580516196e-05
mild_up_train,train,4,0.225,0.05,0.65,0.10416383191052267,3000,0,0,0.0,0.00015507342089930107,0.0,0.0,0.0,7.218196504517056e-05
mild_up_train,train,5,0.275,0.05,0.65,0.10465038647126752,3000,0,0,0.0,0.0001561541438129587,0.0,0.0,0.0,7.27425119711456e-05
mild_up_train,train,6,0.32500000000000007,0.05,0.65,0.10519343426717066,3000,0,0,0.0,0.0001573692370980193,0.0,0.0,0.0,7.337328329359037e-05
mild_up_train,train,7,0.37500000000000006,0.05,0.65,0.10579944528766949,3000,0,0,0.0,0.000158736370162544,0.0,0.0,0.0,7.408364599385453e-05
mild_up_train,train,8,0.42500000000000004,0.05,0.65,0.10647560847608346,3000,0,0,0.0,0.0001602757745795896,0.0,0.0,0.0,7.488435796392646e-05
mild_up_train,train,9,0.47500000000000003,0.05,0.65,0.10722990618218418,3000,0,0,0.0,0.00016201067339013798,0.0,0.0,0.0,7.578780884370589e-05
mild_up_train,train,10,0.525,0.05,0.65,0.10807119496811193,3000,0,0,0.0,0.00016396779573066433,0.0,0.0,0.0,7.680831053054748e-05
mild_up_train,train,11,0.5750000000000001,0.05,0.65,0.10900929295708642,3000,0,0,0.0,0.00016617799670375113,0.0,0.0,0.0,7.796244938778848e-05
mild_up_train,train,12,0.6250000000000001,0.05,0.65,0.11005507381281823,3000,0,0,0.0,0.00016867700771325421,0.0,0.0,0.0,7.926951549736253e-05
mild_up_train,train,13,0.675,0.05,0.65,0.11122056729878133,3000,0,0,0.0,0.00017150634935902989,0.0,0.0,0.0,8.075202863977193e-05
mild_up_train,train,14,0.7250000000000001,0.05,0.65,0.11251906618190705,3000,0,0,0.0,0.00017471444794005215,0.0,0.0,0.0,8.243638638732121e-05
mild_up_train,train,15,0.775,0.05,0.65,0.1139652390047752,3000,0,0,0.0,0.00017835800833899076,0.0,0.0,0.0,8.43536672354704e-05
mild_up_train,train,16,0.8250000000000001,0.05,0.65,0.11557524794256867,3000,0,0,0.0,0.00018250371149479828,0.0,0.0,0.0,8.654063172225514e-05
mild_up_train,train,17,0.8750000000000001,0.05,0.65,0.11736687057315551,3000,0,0,0.0,0.00018723032509685366,0.0,0.0,0.0,8.904097789736893e-05
mild_up_train,train,18,0.925,0.05,0.65,0.11935962390677697,3000,0,0,0.0,0.0001926313433211622,0.0,0.0,0.0,9.190692555612648e-05
mild_up_train,train,19,0.9750000000000001,0.05,0.65,0.1215748884313797,3000,0,0,0.0,0.0001988183078190058,0.0,0.0,0.0,9.520122811054412e-05
mild_up_train,train,20,1.025,0.05,0.6529166666666667,0.12403602921611218,3000,0,0,0.0,0.00020592501115846733,0.0,0.0,0.0,9.899974431722265e-05
mild_up_train,train,21,1.075,0.05,0.6587500000000001,0.12676851026555527,3000,0,0,0.0,0.000214112850258976,0.0,0.0,0.0,0.00010339474785349913
mild_up_train,train,22,1.125,0.05,0.6645833333333333,0.12979999732036157,3000,0,0,0.0,0.00022357768772394442,0.0,0.0,0.0,0.00010849921598269976
mild_up_train,train,23,1.175,0.05,0.6704166666666667,0.13316044315076267,3000,0,0,0.0,0.00023455870279728958,0.0,0.0,0.0,0.00011445242654755214
mild_up_train,train,24,1.225,0.05,0.67625,0.1368821480907617,3000,0,0,0.0,0.000247349884333853,0.0,0.0,0.0,0.00012142731580539208
mild_up_train,train,25,1.275,0.05,0.6820833333333334,0.14099978712794528,3000,0,0,0.0,0.0002623150547737533,0.0,0.0,0.0,0.00012964022350316277
mild_up_train,train,26,1.325,0.05,0.6879166666666667,0.14555039332924163,3000,0,0,0.0,0.0002799076439862831,0.0,0.0,0.0,0.00013936389854644392
mild_up_train,train,27,1.375,0.05,0.69375,0.15057328580245627,3000,0,0,0.0,0.00030069689428947037,0.0,0.0,0.0,0.00015094499172781534
mild_up_train,train,28,1.425,0.05,0.6995833333333333,0.15610992885294553,3000,0,0,0.0,0.00032540282957624377,0.0,0.0,0.0,0.00016482777021215102
mild_up_train,train,29,1.475,0.05,0.7054166666666667,0.1622037076174197,3000,0,0,0.0,0.00035494324402720397,0.0,0.0,0.0,0.00018158652461759822
mild_up_train,train,30,1.525,0.05,0.71125,0.16889960440937585,3000,0,0,0.0,0.00039049727742419046,0.0,0.0,0.0,0.00020197021215252926
mild_up_train,train,31,1.575,0.05,0.7170833333333333,0.17624375950828583,3000,0,0,0.0,0.0004335920148967133,0.0,0.0,0.0,0.00022696445069587837
mild_up_train,train,32,1.625,0.05,0.7229166666666667,0.1842829004321464,3000,0,0,0.0,0.0004862212237709541,0.0,0.0,0.0,0.0002578782918342367
mild_up_train,train,33,1.675,0.05,0.72875,0.1930636251594675,3000,0,0,0.0,0.0005510091682706935,0.0,0.0,0.0,0.0002964666187060488
mild_up_train,train,34,1.725,0.05,0.7345833333333334,0.20263152765149767,3000,0,0,0.0,0.000631437916523987,0.0,0.0,0.0,0.00034510407741361414
mild_up_train,train,35,1.775,0.05,0.7404166666666667,0.21303015871124725,3000,0,0,0.0,0.0007321643545697213,0.0,0.0,0.0,0.0004070339567054351
mild_up_train,train,36,1.825,0.05,0.7462500000000001,0.2242998220072152,3000,0,0,0.0,0.0008594641613764654,0.0,0.0,0.0,0.000486726541744088
mild_up_train,train,37,1.875,0.05,0.7520833333333333,0.23647621419449216,3000,0,0,0.0,0.0010218554372301676,0.0,0.0,0.0,0.0005903978380955605
mild_up_train,train,38,1.925,0.05,0.7579166666666667,0.2495889295212122,3000,0,0,0.0,0.001230975851587627,0.0,0.0,0.0,0.0007267634568745416
mild_up_train,train,39,1.975,0.05,0.76375,0.2636598628960607,3000,0,0,0.0,0.0015028153119195332,0.0,0.0,0.0,0.0009081367694307992
mild_up_train,train,40,2.025,0.05,0.7695833333333334,0.27870156055530226,3000,0,1,0.0,0.0018594416050765259,0.0,0.006666666666666667,0.0,0.0011520284106765351
mild_up_train,train,41,2.075,0.05,0.7754166666666668,0.2947155832420001,2999,0,0,0.0,0.0023313969681877027,0.0,0.0,0.0,0.0014834682631692613
mild_up_train,train,42,2.125,0.05,0.78125,0.3116909617991538,2999,0,0,0.0,0.00296098063910611,0.0,0.0,0.0,0.0019383497671370392
mild_up_train,train,43,2.175,0.05,0.7870833333333334,0.3296028374914135,2999,0,0,0.0,0.003806644588806683,0.0,0.0,0.0,0.002568177412378444
mild_up_train,train,44,2.225,0.05,0.7929166666666667,0.34841138714836606,2999,0,1,0.0,0.0049486703976229255,0.0,0.006668889629876625,0.0,0.0034466433870563185
mild_up_train,train,45,2.275,0.05,0.7987500000000001,0.36806113426776965,2998,0,0,0.0,0.00649607546264496,0.0,0.0,0.0,0.004678376376169554
mild_up_train,train,46,2.325,0.05,0.8045833333333334,0.38848073971172936,2998,0,3,0.0,0.008594165149500628,0.0,0.0200133422281521,0.0,0.006409802136791379
mild_up_train,train,47,2.375,0.05,0.8104166666666667,0.4095833484144792,2995,0,2,0.0,0.011431089787577505,0.0,0.01335559265442404,0.0,0.008840984105410192
mild_up_train,train,48,2.4250000000000003,0.05,0.81625,0.4312675414722563,2993,0,2,0.0,0.015239978063196139,0.0,0.013364517206815904,0.0,0.012235063269904662
mild_up_train,train,49,2.475,0.05,0.8220833333333334,0.45341890729408374,2991,0,3,0.0,0.02029076934909763,0.0,0.020060180541624874,0.0,0.01691804120426304
mild_up_train,train,50,2.525,0.05,0.8279166666666666,0.475912203762224,2988,0,3,0.0,0.02686366746329584,0.0,0.020080321285140562,0.0,0.02325658596205666
mild_up_train,train,51,2.575,0.05,0.83375,0.4986140394482761,2985,0,2,0.0,0.035196697348863305,0.0,0.01340033500837521,0.0,0.031598377645072714
mild_up_train,train,52,2.625,0.05,0.8395833333333333,0.5213859605517239,2983,0,6,0.0,0.04540724193295822,0.0,0.04022795843110962,0.0,0.04216579159325854
mild_up_train,train,53,2.6750000000000003,0.05,0.8454166666666667,0.544087796237776,2977,0,6,0.0,0.057404366904360515,0.0,0.040309035942223716,0.0,0.05491883463911439
mild_up_train,train,54,2.725,0.05,0.8512500000000001,0.5665810927059162,2971,0,11,0.0,0.07082969247015532,0.0,0.07404914170313025,0.0,0.06944486439428928
mild_up_train,train,55,2.775,0.05,0.8570833333333334,0.5887324585277437,2960,0,10,0.0,0.0850714068424779,0.0,0.06756756756756757,0.0,0.08495858325659272
mild_up_train,train,56,2.825,0.05,0.8629166666666668,0.6104166515855208,2950,0,24,0.0,0.09936975807420756,0.0,0.16271186440677965,0.0,0.10045774772544827
mild_up_train,train,57,2.875,0.05,0.86875,0.6315192602882705,2926,0,17,0.0,0.11298036036397117,0.0,0.1161995898838004,0.0,0.11497964122427413
mild_up_train,train,58,2.9250000000000003,0.05,0.8745833333333334,0.6519388657322304,2909,0,30,0.0,0.12532445850549284,0.0,0.20625644551392228,0.0,0.12782765480019304
mild_up_train,train,59,2.975,0.05,0.8804166666666667,0.671588612851634,2879,0,22,0.0,0.13606696664887336,0.0,0.15283084404307049,0.0,0.13866595552418953
mild_up_train,train,60,3.025,0.05,0.88625,0.6903971625085863,2857,0,28,0.0,0.14511067665644625,0.0,0.1960098004900245,0.0,0.14747820231525555
mild_up_train,train,61,3.075,0.05,0.8920833333333335,0.7083090382008462,2829,0,28,0.0,0.15253608361039725,0.0,0.19794980558501235,0.0,0.15445621395386577
mild_up_train,train,62,3.125,0.05,0.8979166666666667,0.7252844167579998,2801,0,19,0.0,0.15852649644170985,0.0,0.1356658336308461,0.0,0.15988685819071638
mild_up_train,train,63,3.1750000000000003,0.05,0.90375,0.7412984394446976,2782,0,24,0.0,0.16330521709608956,0.0,0.17253774263120059,0.0,0.1640716713193201
mild_up_train,train,64,3.225,0.05,0.9095833333333334,0.7563401371039393,2758,0,27,0.0,0.1670941593663128,0.0,0.19579405366207395,0.0,0.16728320963381124
mild_up_train,train,65,3.275,0.05,0.9154166666666668,0.7704110704787878,2731,0,28,0.0,0.17009203260073044,0.0,0.20505309410472353,0.0,0.1697482948031623
mild_up_train,train,66,3.325,0.05,0.9212500000000001,0.7835237858055079,2703,0,18,0.0,0.1724661542952985,0.0,0.1331853496115427,0.0,0.17164665255869269
mild_up_train,train,67,3.375,0.05,0.9270833333333334,0.7957001779927847,2685,0,20,0.0,0.17435212709755865,0.0,0.148975791433892,0.0,0.1731165426269462
mild_up_train,train,68,3.4250000000000003,0.05,0.9329166666666668,0.8069698412887527,2665,0,27,0.0,0.17585725562742288,0.0,0.2026266416510319,0.0,0.17426250421506193
mild_up_train,train,69,3.475,0.05,0.9387500000000001,0.8173684723485023,2638,0,22,0.0,0.17706523047835532,0.0,0.16679302501895374,0.0,0.1751628596685766
mild_up_train,train,70,3.525,0.05,0.9445833333333333,0.8269363748405323,2616,0,21,0.0,0.17804079999805084,0.0,0.1605504587155963,0.0,0.17587607500276425
mild_up_train,train,71,3.575,0.05,0.9504166666666667,0.8357170995678536,2595,0,25,0.0,0.17883387759950875,0.0,0.1926782273603083,0.0,0.17644579916327077
mild_up_train,train,72,3.625,0.05,0.95625,0.8437562404917142,2570,0,22,0.0,0.17948292370207036,0.0,0.17120622568093385,0.0,0.17690470826460292
mild_up_train,train,73,3.6750000000000003,0.05,0.9620833333333334,0.8511003955906241,2548,0,25,0.0,0.1800176270879065,0.0,0.19623233908948193,0.0,0.17727737514085742
mild_up_train,train,74,3.725,0.05,0.9679166666666668,0.8577962923825803,2523,0,20,0.0,0.18046098322996176,0.0,0.15854141894569956,0.0,0.177582385598127
mild_up_train,train,75,3.775,0.05,0.97375,0.8638900711470544,2503,0,17,0.0,0.180830883715632,0.0,0.13583699560527365,0.0,0.17783388988524007
mild_up_train,train,76,3.825,0.05,0.9795833333333335,0.8694267141975437,2486,0,25,0.0,0.1811413227049748,0.0,0.20112630732099757,0.0,0.17804273800553388
mild_up_train,train,77,3.875,0.05,0.9854166666666667,0.8744496066707582,2461,0,17,0.0,0.18140330950735264,0.0,0.1381552214546932,0.0,0.1782173112643548
mild_up_train,train,78,3.9250000000000003,0.05,0.9912500000000001,0.8790002128720547,2444,0,25,0.0,0.18162555836413882,0.0,0.20458265139116202,0.0,0.17836413305540302
mild_up_train,train,79,3.975,0.05,0.9970833333333333,0.8831178519092382,2419,0,20,0.0,0.18181501046724086,0.0,0.1653575857792476,0.0,0.17848831936190285
mild_up_train,train,80,4.025,0.05,1.0029166666666667,0.8868395568492372,2399,0,22,5.646973825731219e-05,0.18197723004510988,0.0,0.1834097540641934,6.301790606760927e-05,0.1785939127222453
mild_up_train,train,81,4.075,0.05,1.00875,0.8902000026796384,2377,0,19,0.00030999430800441094,0.18211670597511206,0.0,0.15986537652503155,0.0003348314737728133,0.17868413121557272
mild_up_train,train,82,4.125000000000001,0.05,1.0145833333333334,0.8932314897344447,2358,0,19,0.00068425705119907,0.18223708244040993,0.0,0.16115351993214588,0.0007279483057645204,0.17876155522369477
mild_up_train,train,83,4.175000000000001,0.05,1.0204166666666667,0.8959639707838878,2339,0,17,0.001152703831613129,0.1823413361660439,0.0,0.1453612654980761,0.0012141082738214362,0.1788282684093991
mild_up_train,train,84,4.2250000000000005,0.05,1.02625,0.8984251115686201,2322,0,28,0.0017017339545166072,0.1824319133022495,0.0,0.24117140396210163,0.0017790517461591597,0.17888596482531433
mild_up_train,train,85,4.275,0.05,1.0320833333333335,0.9006403760932229,2294,0,25,0.002322600080419504,0.18251083570567672,0.0,0.2179598953792502,0.002413693128378503,0.17893603082285323
mild_up_train,train,86,4.325,0.05,1.0379166666666668,0.9026331294268445,2269,0,20,0.0030090400682139676,0.1825797839108452,0.0,0.17628911414720141,0.0031115734136150336,0.17897960809973132
mild_up_train,train,87,4.375000000000001,0.05,1.0437500000000002,0.9044247520574312,2249,0,18,0.0037562736720517373,0.18264016226277915,0.0,0.16007114273010226,0.003867789637251013,0.17901764254439262
mild_up_train,train,88,4.425000000000001,0.05,1.0495833333333335,0.9060347609952248,2231,0,23,0.004560490998794428,0.18269315033060396,0.0,0.20618556701030927,0.004678452389233728,0.17905092231970474
mild_up_train,train,89,4.4750000000000005,0.05,1.055416666666667,0.9074809338180929,2208,0,23,0.005418559619779469,0.18273974371726562,0.0,0.20833333333333331,0.005540376753852454,0.17908010774416439
mild_up_train,train,90,4.525,0.05,1.06125,0.9087794327012186,2185,0,18,0.006327842799389504,0.18278078663130498,0.0,0.16475972540045766,0.006450891310277043,0.17910575488277958
mild_up_train,train,91,4.575,0.05,1.0670833333333334,0.9099449261871817,2167,3,18,0.007286079750956945,0.18281699802585832,0.027688047992616517,0.16612828795569912,0.007407712770565434,0.17912833428516972
mild_up_train,train,92,4.625000000000001,0.05,1.072916666666667,0.9109907070429135,2146,1,15,0.008291303033532642,0.18284899268869897,0.009319664492078284,0.13979496738117425,0.008408859781804221,0.17914824595785217
mild_up_train,train,93,4.675000000000001,0.05,1.07875,0.911928805031888,2130,0,16,0.009341779436522788,0.18287729834919036,0.0,0.15023474178403756,0.009452591418151579,0.17916583139730466
mild_up_train,train,94,4.7250000000000005,0.05,1.0845833333333335,0.9127700938178157,2114,1,24,0.010435966383833957,0.1829023696270572,0.00946073793755913,0.2270577105014191,0.010537361940669347,0.17918138331593217
mild_up_train,train,95,4.775,0.05,1.0904166666666668,0.9135243915239165,2089,0,11,0.011572478968684222,0.18292459946444442,0.0,0.10531354715174725,0.011661786671811319,0.1791951535470299
mild_up_train,train,96,4.825000000000001,0.05,1.0962500000000002,0.9142005547123305,2078,2,18,0.012750064493302302,0.1829443285424549,0.019249278152069296,0.17324350336862368,0.012824615698008445,0.1792073595045676
mild_up_train,train,97,4.875000000000001,0.05,1.1020833333333335,0.9148065657328293,2058,2,18,0.013967582444449044,0.18296185307559687,0.019436345966958212,0.1749271137026239,0.01402471322983657,0.17921818948990967
mild_up_train,train,98,4.925000000000001,0.05,1.1079166666666669,0.9153496135287325,2038,1,19,0.015223988494032729,0.18297743129441962,0.009813542688910696,0.18645731108930322,0.015261041143004214,0.17922780707370436
mild_up_train,train,99,4.9750000000000005,0.05,1.11375,0.9158361680894772,2018,1,20,0.01651832153804509,0.18299128886216381,0.009910802775024777,0.19821605550049554,0.016532645669236595,0.17923635473216964
mild_up_train,train,100,5.025,0.05,1.1195833333333334,0.916272048810983,1997,1,29,0.017849693068012658,0.18300362342107626,0.0100150225338007,0.2904356534802203,0.017838646501033218,0.17924395687922623
mild_up_train,train,101,5.075000000000001,0.05,1.1254166666666667,0.9166624870729652,1967,1,23,0.019217278360098584,0.18301460842480513,0.010167768174885612,0.23385866802236907,0.019178227774323948,0.17925072240665493
mild_up_train,train,102,5.125000000000001,0.05,1.13125,0.9170121833718324,1943,5,20,0.020620309099663316,0.18302439638248216,0.051466803911477094,0.20586721564590837,0.020550630531813482,0.1792567468216722
mild_up_train,train,103,5.175000000000001,0.05,1.1370833333333334,0.917325359362941,1918,2,15,0.0220580671531124,0.18303312161580526,0.020855057351407715,0.15641293013555788,0.021955146367983187,0.17926211405349582
mild_up_train,train,104,5.2250000000000005,0.05,1.1429166666666668,0.9176058051702385,1901,1,21,0.0235298792666801,0.18304090261119466,0.010520778537611781,0.22093634928984743,0.0233911120274324,0.17926689798647025
mild_up_train,train,105,5.275,0.05,1.1487500000000002,0.9178569223174656,1879,2,22,0.025035112521502714,0.18304784403380225,0.021287919105907396,0.23416711016498137,0.02485790477999121,0.17927116376627203
mild_up_train,train,106,5.325000000000001,0.05,1.1545833333333335,0.9180817626253309,1855,4,9,0.02657317041129437,0.18305403845794024,0.0431266846361186,0.09703504043126684,0.0263549384344637,0.17927496891695613
mild_up_train,train,107,5.375000000000001,0.05,1.1604166666666669,0.9182830634051596,1842,1,16,0.02814348943678299,0.18305956785870936,0.010857763300760043,0.1737242128121607,0.02788165988177281,0.17927836429963165
mild_up_train,train,108,5.425000000000001,0.05,1.1662500000000002,0.9184632792628714,1825,6,21,0.029745536132295934,0.18306450490172863,0.06575342465753424,0.23013698630136986,0.02943754608029651,0.17928139493798065
mild_up_train,train,109,5.4750000000000005,0.05,1.1720833333333336,0.9186246108087791,1798,1,21,0.031378804456253705,0.18306891406150735,0.011123470522803113,0.23359288097886538,0.031022101413139352,0.1792841007313602
mild_up_train,train,110,5.525,0.05,1.177916666666667,0.9187690305494756,1776,4,15,0.033042813490078746,0.18307285259383613,0.045045045045045036,0.1689189189189189,0.03263485536027345,0.17928651707261964
mild_up_train,train,111,5.575000000000001,0.05,1.1837500000000003,0.9188983062185971,1757,2,18,0.03473710540004926,0.18307637138337327,0.022766078542970972,0.20489470688673875,0.03427536043884049,0.1792886753848455
mild_up_train,train,112,5.625000000000001,0.05,1.1895833333333337,0.9190140217839708,1737,2,14,0.03646124362457655,0.18307951568416492,0.023028209556706963,0.16119746689694875,0.03594319037311217,0.1792906035888751
mild_up_train,train,113,5.675000000000001,0.05,1.1954166666666668,0.9191175963499076,1721,0,13,0.03821481125573906,0.18308232576801906,0.0,0.15107495642068564,0.037637938462159966,0.1792923265114828
mild_up_train,train,114,5.7250000000000005,0.05,1.2012500000000002,0.9192103011554147,1708,2,16,0.03999740958902675,0.18308483749333002,0.023419203747072598,0.18735362997658078,0.03935921611855948,0.17929386624255678
mild_up_train,train,115,5.775,0.05,1.2070833333333333,0.9192932748520312,1690,3,16,0.04180865681939994,0.1830870828050276,0.03550295857988166,0.1893491124260355,0.04110665155572796,0.17929524244828088
mild_up_train,train,116,5.825000000000001,0.05,1.2129166666666669,0.9193675372289244,1671,2,15,0.04364818686516244,0.18308909017473177,0.023937761819269893,0.1795332136445242,0.04287988860498333,0.17929647264625712
mild_up_train,train,117,5.875000000000001,0.05,1.21875,0.919434001537873,1654,5,18,0.0455156483039301,0.18309088498886067,0.06045949214026602,0.21765417170495768,0.04467858564627235,0.1792975724476123
mild_up_train,train,118,5.925000000000001,0.05,1.2245833333333334,0.9194934855568114,1631,7,11,0.047410703407286134,0.18309248989133076,0.08583690987124462,0.134886572654813,0.04650241463888492,0.17929855577038928
mild_up_train,train,119,5.9750000000000005,0.05,1.2304166666666667,0.9195467215177225,1613,8,13,0.04933302726262098,0.18309392508655065,0.09919404835709857,0.16119032858028517,0.04835106024042857,0.1792994350279005
mild_up_train,train,120,6.025,0.05,1.23625,0.9195943650127956,1592,2,9,0.05128230697226099,0.18309520860762316,0.025125628140703515,0.11306532663316582,0.05022421900398139,0.17930022129520193
mild_up_train,train,121,6.075000000000001,0.05,1.2420833333333334,0.9196370029818687,1581,7,19,0.05325824092132735,0.1830963565540044,0.0885515496521189,0.24035420619860845,0.05212159864471266,0.17930092445640666
mild_up_train,train,122,6.125000000000001,0.05,1.2479166666666668,0.9196751608742304,1555,3,12,0.05526053810690161,0.18309738330230213,0.03858520900321544,0.15434083601286175,0.05404291736841976,0.17930155333518594
mild_up_train,train,123,6.175000000000001,0.05,1.2537500000000001,0.919709309068755,1540,4,13,0.05728891752203209,0.18309830169341249,0.05194805194805195,0.16883116883116883,0.05598790325541067,0.1793021158104918
mild_up_train,train,124,6.2250000000000005,0.05,1.2595833333333335,0.919739868628092,1523,10,22,0.05934310758893185,0.18309912319878502,0.13131976362442546,0.288903479973736,0.057956293693994305,0.1793026189192669
mild_up_train,train,125,6.275,0.05,1.2654166666666669,0.9197672164551092,1491,3,9,0.06142284563641513,0.18309985806824794,0.04024144869215292,0.12072434607645875,0.05994783485855231,0.17930306894768078
mild_up_train,train,126,6.325000000000001,0.05,1.2712500000000002,0.9197916899129883,1479,7,8,0.06352787741721705,0.183100515461526,0.09465855307640297,0.10818120351588911,0.06196228122777526,0.17930347151223205
mild_up_train,train,127,6.375000000000001,0.05,1.2770833333333336,0.9198135909641967,1464,1,11,0.06565795666135449,0.1831011035653175,0.01366120218579235,0.15027322404371585,0.06399939513916973,0.1793038316318926
mild_up_train,train,128,6.425000000000001,0.05,1.282916666666667,0.9198331898779947,1452,8,12,0.06781284466213056,0.18310162969757168,0.11019283746556473,0.16528925619834708,0.06605894637639513,0.1793041537923201
mild_up_train,train,129,6.4750000000000005,0.05,1.2887500000000003,0.9198507285510946,1432,8,8,0.06999230989176856,0.18310210040040975,0.11173184357541899,0.11173184357541899,0.06814071178637982,0.17930444200304327
mild_up_train,train,130,6.525,0.05,1.2945833333333334,0.9198664234815493,1416,4,9,0.07219612764399562,0.18310252152296239,0.05649717514124294,0.1271186440677966,0.07024447492350587,0.17930469984841288
mild_up_train,train,131,6.575000000000001,0.05,1.300416666666667,0.9198804684318532,1403,4,10,0.07442407970118761,0.18310289829524598,0.05702066999287241,0.14255167498218102,0.07237002571844839,0.17930493053301916
mild_up_train,train,132,6.625000000000001,0.05,1.3062500000000001,0.9198930368135516,1389,7,13,0.07667595402393887,0.18310323539407036,0.10079193664506839,0.18718502519798416,0.07451716016951102,0.17930513692219194
mild_up_train,train,133,6.675000000000001,0.05,1.3120833333333335,0.9199042838223308,1369,4,14,0.07895154446114842,0.18310353700185553,0.058436815193571946,0.20452885317750183,0.07668568005453108,0.1793053215781291
mild_up_train,train,134,6.7250000000000005,0.05,1.3179166666666666,0.9199143483495843,1351,4,14,0.08125065047890273,0.18310380685913533,0.059215396002960774,0.2072538860103627,0.07887539266161864,0.17930548679213557
mild_up_train,train,135,6.775,0.05,1.32375,0.9199233546937573,1333,3,11,0.08357307690661508,0.18310404831143723,0.0450112528132033,0.16504126031507876,0.08108611053717733,0.17930563461339996
mild_up_train,train,136,6.825000000000001,0.05,1.3295833333333336,0.9199314140923693,1319,4,12,0.08591863369902822,0.18310426435115063,0.060652009097801364,0.1819560272934041,0.08331765124980174,0.17930576687468747
mild_up_train,train,137,6.875000000000001,0.05,1.335416666666667,0.9199386260934413,1303,4,10,0.08828713571282548,0.18310445765492603,0.06139677666922486,0.15349194167306215,0.08556983716878809,0.17930588521528418
mild_up_train,train,138,6.925000000000001,0.05,1.34125,0.9199450797831142,1289,6,12,0.09067840249671404,0.18310463061708923,0.09309542280837858,0.18619084561675717,0.08784249525611405,0.17930599110149195
mild_up_train,train,139,6.9750000000000005,0.05,1.3470833333333334,0.9199508548845023,1271,8,11,0.09309225809394969,0.18310478537949976,0.12588512981904013,0.17309205350118015,0.09013545687085046,0.17930608584493848
mild_up_train,train,140,7.025,0.05,1.35,0.9199560227412521,1252,5,9,0.09430760289408033,0.18310492385823493,0.07987220447284345,0.14376996805111822,0.09128949995751066,0.17930617061893794
mild_up_train,train,141,7.075000000000001,0.05,1.35,0.9199606471978827,1238,4,11,0.09430760289408033,0.18310504776744208,0.06462035541195477,0.17770597738287558,0.09128949995751066,0.17930624647311216
mild_up_train,train,142,7.125000000000001,0.05,1.35,0.9199647853877179,1223,6,10,0.09430760289408033,0.18310515864065963,0.098119378577269,0.16353229762878166,0.09128949995751066,0.1793063143464594
mild_up_train,train,143,7.175000000000001,0.05,1.35,0.9199684884380945,1207,3,11,0.09430760289408033,0.18310525784987966,0.04971002485501243,0.18227009113504555,0.09128949995751066,0.17930637507903607
mild_up_train,train,144,7.2250000000000005,0.05,1.35,0.9199718021015197,1193,7,14,0.09430760289408033,0.18310534662259187,0.11735121542330258,0.23470243084660516,0.09128949995751066,0.17930642942240088
mild_up_train,train,145,7.275,0.05,1.35,0.9199747673205412,1172,5,5,0.09430760289408033,0.18310542605702368,0.08532423208191126,0.08532423208191126,0.09128949995751066,0.17930647804895242
mild_up_train,train,146,7.325000000000001,0.05,1.35,0.9199774207332859,1162,7,13,0.09430760289408033,0.18310549713576912,0.12048192771084337,0.22375215146299482,0.09128949995751066,0.17930652156027882
mild_up_train,train,147,7.375000000000001,0.05,1.35,0.9199797951258927,1142,9,15,0.09430760289408033,0.18310556073797774,0.15761821366024517,0.2626970227670753,0.09128949995751066,0.17930656049462423
mild_up_train,train,148,7.425000000000001,0.05,1.35,0.9199819198374088,1118,6,8,0.09430760289408033,0.18310561765025543,0.1073345259391771,0.14311270125223613,0.09128949995751066,0.17930659533356624
mild_up_train,train,149,7.4750000000000005,0.05,1.35,0.9199838211221453,1104,6,12,0.09430760289408033,0.1831056685764146,0.10869565217391304,0.21739130434782608,0.09128949995751066,0.1793066265079877
mild_up_train,train,150,7.525,0.05,1.35,0.9199855224739548,1086,7,13,0.09430760289408033,0.18310571414619567,0.12891344383057088,0.23941068139963165,0.09128949995751066,0.17930665440341823
mild_up_train,train,151,7.575000000000001,0.05,1.35,0.9199870449164314,1066,8,9,0.09430760289408033,0.18310575492306802,0.15009380863039398,0.16885553470919323,0.09128949995751066,0.17930667936481173
mild_up_train,train,152,7.625000000000001,0.05,1.35,0.9199884072626098,1049,2,11,0.09430760289408033,0.1831057914112085,0.038131553860819824,0.20972354623450903,0.09128949995751066,0.17930670170082005
mild_up_train,train,153,7.675000000000001,0.05,1.35,0.919989626347371,1036,4,7,0.09430760289408033,0.18310582406174428,0.07722007722007722,0.13513513513513511,0.09128949995751066,0.17930672168761586
mild_up_train,train,154,7.7250000000000005,0.05,1.35,0.9199907172354193,1025,4,5,0.09430760289408033,0.18310585327833748,0.07804878048780488,0.0975609756097561,0.09128949995751066,0.1793067395723121
mild_up_train,train,155,7.775,0.05,1.35,0.9199916934073956,1016,1,8,0.09430760289408033,0.18310587942218162,0.01968503937007874,0.15748031496062992,0.09128949995751066,0.17930675557602183
mild_up_train,train,156,7.825000000000001,0.05,1.35,0.9199925669264305,1007,7,13,0.09430760289408033,0.18310590281647124,0.13902681231380337,0.25819265143992054,0.09128949995751066,0.1793067698965945
mild_up_train,train,157,7.875000000000001,0.05,1.35,0.9199933485871848,987,2,8,0.09430760289408033,0.18310592375040122,0.040526849037487336,0.16210739614994935,0.09128949995751066,0.17930678271106515
mild_up_train,train,158,7.925000000000001,0.05,1.35,0.9199940480492235,977,4,12,0.09430760289408033,0.1831059424827445,0.0818833162743091,0.24564994882292732,0.09128949995751066,0.17930679417784448
mild_up_train,train,159,7.9750000000000005,0.05,1.35,0.919994673956368,961,9,8,0.09430760289408033,0.1831059592450535,0.1873048907388137,0.16649323621227885,0.09128949995751066,0.17930680443867913
strong_up_train,train,0,0.025,0.05,0.65,0.10267464063705882,3000,0,0,0.0,0.00015181188739555725,0.0,0.0,0.0,7.049299663215518e-05
strong_up_train,train,1,0.07500000000000001,0.05,0.65,0.10298781662816749,3000,0,0,0.0,0.00015249204559544745,0.0,0.0,0.0,7.084487395429498e-05
strong_up_train,train,2,0.125,0.05,0.65,0.10333751292703483,3000,0,0,0.0,0.00015325511758240492,0.0,0.0,0.0,7.123985986701079e-05
strong_up_train,train,3,0.17500000000000002,0.05,0.65,0.10372795118901698,3000,0,0,0.0,0.00015411160132888582,0.0,0.0,0.0,7.168346580516196e-05
strong_up_train,train,4,0.225,0.05,0.65,0.10416383191052267,3000,0,0,0.0,0.00015507342089930107,0.0,0.0,0.0,7.218196504517056e-05
strong_up_train,train,5,0.275,0.05,0.65,0.10465038647126752,3000,0,0,0.0,0.0001561541438129587,0.0,0.0,0.0,7.27425119711456e-05
strong_up_train,train,6,0.32500000000000007,0.05,0.65,0.10519343426717066,3000,0,0,0.0,0.0001573692370980193,0.0,0.0,0.0,7.337328329359037e-05
strong_up_train,train,7,0.37500000000000006,0.05,0.65,0.10579944528766949,3000,0,0,0.0,0.000158736370162544,0.0,0.0,0.0,7.408364599385453e-05
strong_up_train,train,8,0.42500000000000004,0.05,0.65,0.10647560847608346,3000,0,0,0.0,0.0001602757745795896,0.0,0.0,0.0,7.488435796392646e-05
strong_up_train,train,9,0.47500000000000003,0.05,0.65,0.10722990618218418,3000,0,0,0.0,0.00016201067339013798,0.0,0.0,0.0,7.578780884370589e-05
strong_up_train,train,10,0.525,0.05,0.65,0.10807119496811193,3000,0,0,0.0,0.00016396779573066433,0.0,0.0,0.0,7.680831053054748e-05
strong_up_train,train,11,0.5750000000000001,0.05,0.65,0.10900929295708642,3000,0,0,0.0,0.00016617799670375113,0.0,0.0,0.0,7.796244938778848e-05
strong_up_train,train,12,0.6250000000000001,0.05,0.65,0.11005507381281823,3000,0,0,0.0,0.00016867700771325421,0.0,0.0,0.0,7.926951549736253e-05
strong_up_train,train,13,0.675,0.05,0.65,0.11122056729878133,3000,0,0,0.0,0.00017150634935902989,0.0,0.0,0.0,8.075202863977193e-05
strong_up_train,train,14,0.7250000000000001,0.05,0.65,0.11251906618190705,3000,0,0,0.0,0.00017471444794005215,0.0,0.0,0.0,8.243638638732121e-05
strong_up_train,train,15,0.775,0.05,0.65,0.1139652390047752,3000,0,0,0.0,0.00017835800833899076,0.0,0.0,0.0,8.43536672354704e-05
strong_up_train,train,16,0.8250000000000001,0.05,0.65,0.11557524794256867,3000,0,0,0.0,0.00018250371149479828,0.0,0.0,0.0,8.654063172225514e-05
strong_up_train,train,17,0.8750000000000001,0.05,0.65,0.11736687057315551,3000,0,0,0.0,0.00018723032509685366,0.0,0.0,0.0,8.904097789736893e-05
strong_up_train,train,18,0.925,0.05,0.65,0.11935962390677697,3000,0,0,0.0,0.0001926313433211622,0.0,0.0,0.0,9.190692555612648e-05
strong_up_train,train,19,0.9750000000000001,0.05,0.65,0.1215748884313797,3000,0,0,0.0,0.0001988183078190058,0.0,0.0,0.0,9.520122811054412e-05
strong_up_train,train,20,1.025,0.05,0.6547916666666667,0.12403602921611218,3000,0,0,0.0,0.00020592501115846733,0.0,0.0,0.0,9.899974431722265e-05
strong_up_train,train,21,1.075,0.05,0.664375,0.12676851026555527,3000,0,0,0.0,0.000214112850258976,0.0,0.0,0.0,0.00010339474785349913
strong_up_train,train,22,1.125,0.05,0.6739583333333333,0.12979999732036157,3000,0,0,0.0,0.00022357768772394442,0.0,0.0,0.0,0.00010849921598269976
strong_up_train,train,23,1.175,0.05,0.6835416666666667,0.13316044315076267,3000,0,0,0.0,0.00023455870279728958,0.0,0.0,0.0,0.00011445242654755214
strong_up_train,train,24,1.225,0.05,0.693125,0.1368821480907617,3000,0,0,0.0,0.000247349884333853,0.0,0.0,0.0,0.00012142731580539208
strong_up_train,train,25,1.275,0.05,0.7027083333333334,0.14099978712794528,3000,0,0,0.0,0.0002623150547737533,0.0,0.0,0.0,0.00012964022350316277
strong_up_train,train,26,1.325,0.05,0.7122916666666667,0.14555039332924163,3000,0,0,0.0,0.0002799076439862831,0.0,0.0,0.0,0.00013936389854644392
strong_up_train,train,27,1.375,0.05,0.721875,0.15057328580245627,3000,0,0,0.0,0.00030069689428947037,0.0,0.0,0.0,0.00015094499172781534
strong_up_train,train,28,1.425,0.05,0.7314583333333333,0.15610992885294553,3000,0,0,0.0,0.00032540282957624377,0.0,0.0,0.0,0.00016482777021215102
strong_up_train,train,29,1.475,0.05,0.7410416666666667,0.1622037076174197,3000,0,0,0.0,0.00035494324402720397,0.0,0.0,0.0,0.00018158652461759822
strong_up_train,train,30,1.525,0.05,0.750625,0.16889960440937585,3000,0,0,0.0,0.00039049727742419046,0.0,0.0,0.0,0.00020197021215252926
strong_up_train,train,31,1.575,0.05,0.7602083333333334,0.17624375950828583,3000,0,0,0.0,0.0004335920148967133,0.0,0.0,0.0,0.00022696445069587837
strong_up_train,train,32,1.625,0.05,0.7697916666666667,0.1842829004321464,3000,0,0,0.0,0.0004862212237709541,0.0,0.0,0.0,0.0002578782918342367
strong_up_train,train,33,1.675,0.05,0.779375,0.1930636251594675,3000,0,0,0.0,0.0005510091682706935,0.0,0.0,0.0,0.0002964666187060488
strong_up_train,train,34,1.725,0.05,0.7889583333333334,0.20263152765149767,3000,0,0,0.0,0.000631437916523987,0.0,0.0,0.0,0.00034510407741361414
strong_up_train,train,35,1.775,0.05,0.7985416666666667,0.21303015871124725,3000,0,1,0.0,0.0007321643545697213,0.0,0.006666666666666667,0.0,0.0004070339567054351
strong_up_train,train,36,1.825,0.05,0.808125,0.2242998220072152,2999,0,1,0.0,0.0008594641613764654,0.0,0.006668889629876625,0.0,0.000486726541744088
strong_up_train,train,37,1.875,0.05,0.8177083333333334,0.23647621419449216,2998,0,0,0.0,0.0010218554372301676,0.0,0.0,0.0,0.0005903978380955605
strong_up_train,train,38,1.925,0.05,0.8272916666666666,0.2495889295212122,2998,0,0,0.0,0.001230975851587627,0.0,0.0,0.0,0.0007267634568745416
strong_up_train,train,39,1.975,0.05,0.836875,0.2636598628960607,2998,0,0,0.0,0.0015028153119195332,0.0,0.0,0.0,0.0009081367694307992
strong_up_train,train,40,2.025,0.05,0.8464583333333333,0.27870156055530226,2998,0,0,0.0,0.0018594416050765259,0.0,0.0,0.0,0.0011520284106765351
strong_up_train,train,41,2.075,0.05,0.8560416666666667,0.2947155832420001,2998,0,1,0.0,0.0023313969681877027,0.0,0.0066711140760507,0.0,0.0014834682631692613
strong_up_train,train,42,2.125,0.05,0.865625,0.3116909617991538,2997,0,1,0.0,0.00296098063910611,0.0,0.0066733400066733405,0.0,0.0019383497671370392
strong_up_train,train,43,2.175,0.05,0.8752083333333334,0.3296028374914135,2996,0,1,0.0,0.003806644588806683,0.0,0.006675567423230974,0.0,0.002568177412378444
strong_up_train,train,44,2.225,0.05,0.8847916666666666,0.34841138714836606,2995,0,2,0.0,0.0049486703976229255,0.0,0.01335559265442404,0.0,0.0034466433870563185
strong_up_train,train,45,2.275,0.05,0.894375,0.36806113426776965,2993,0,1,0.0,0.00649607546264496,0.0,0.006682258603407952,0.0,0.004678376376169554
strong_up_train,train,46,2.325,0.05,0.9039583333333334,0.38848073971172936,2992,0,0,0.0,0.008594165149500628,0.0,0.0,0.0,0.006409802136791379
strong_up_train,train,47,2.375,0.05,0.9135416666666667,0.4095833484144792,2992,0,1,0.0,0.011431089787577505,0.0,0.0066844919786096255,0.0,0.008840984105410192
strong_up_train,train,48,2.4250000000000003,0.05,0.923125,0.4312675414722563,2991,0,1,0.0,0.015239978063196139,0.0,0.006686726847208291,0.0,0.012235063269904662
strong_up_train,train,49,2.475,0.05,0.9327083333333334,0.45341890729408374,2990,0,5,0.0,0.02029076934909763,0.0,0.033444816053511704,0.0,0.01691804120426304
strong_up_train,train,50,2.525,0.05,0.9422916666666666,0.475912203762224,2985,0,2,0.0,0.02686366746329584,0.0,0.01340033500837521,0.0,0.02325658596205666
strong_up_train,train,51,2.575,0.05,0.951875,0.4986140394482761,2983,0,4,0.0,0.035196697348863305,0.0,0.02681863895407308,0.0,0.031598377645072714
strong_up_train,train,52,2.625,0.05,0.9614583333333333,0.5213859605517239,2979,0,7,0.0,0.04540724193295822,0.0,0.046995636119503185,0.0,0.04216579159325854
strong_up_train,train,53,2.6750000000000003,0.05,0.9710416666666668,0.544087796237776,2972,0,9,0.0,0.057404366904360515,0.0,0.06056527590847914,0.0,0.05491883463911439
strong_up_train,train,54,2.725,0.05,0.9806250000000001,0.5665810927059162,2963,0,9,0.0,0.07082969247015532,0.0,0.060749240634492066,0.0,0.06944486439428928
strong_up_train,train,55,2.775,0.05,0.9902083333333334,0.5887324585277437,2954,0,15,0.0,0.0850714068424779,0.0,0.10155721056194988,0.0,0.08495858325659272
strong_up_train,train,56,2.825,0.05,0.9997916666666666,0.6104166515855208,2939,0,13,0.0,0.09936975807420756,0.0,0.08846546444368832,0.0,0.10045774772544827
strong_up_train,train,57,2.875,0.05,1.009375,0.6315192602882705,2926,0,17,0.00034498222254177496,0.11298036036397117,0.0,0.1161995898838004,0.00037185963637102553,0.11497964122427413
strong_up_train,train,58,2.9250000000000003,0.05,1.0189583333333334,0.6519388657322304,2909,0,18,0.001027617466841818,0.12532445850549284,0.0,0.12375386730835337,0.0010847443360544348,0.12782765480019304
strong_up_train,train,59,2.975,0.05,1.0285416666666667,0.671588612851634,2891,0,24,0.0019374664844488353,0.13606696664887336,0.0,0.16603251470079555,0.002020464049697583,0.13866595552418953
strong_up_train,train,60,3.025,0.05,1.038125,0.6903971625085863,2867,0,16,0.0030347051977750294,0.14511067665644625,0.0,0.11161492849668643,0.0031376022445516786,0.14747820231525555
strong_up_train,train,61,3.075,0.05,1.0477083333333335,0.7083090382008462,2851,1,18,0.004295980655222899,0.15253608361039725,0.007015082427218519,0.12627148368993335,0.0044121506269373485,0.15445621395386577
strong_up_train,train,62,3.125,0.05,1.0572916666666667,0.7252844167579998,2832,1,24,0.005705359236802966,0.15852649644170985,0.007062146892655367,0.16949152542372883,0.00582785966031665,0.15988685819071638
strong_up_train,train,63,3.1750000000000003,0.05,1.066875,0.7412984394446976,2807,4,22,0.0072510369742138855,0.16330521709608956,0.02850017812611329,0.1567509796936231,0.007372766301791673,0.1640716713193201
strong_up_train,train,64,3.225,0.05,1.0764583333333333,0.7563401371039393,2781,1,17,0.008923797754355254,0.1670941593663128,0.007191657677094569,0.12225818051060769,0.009037577999141524,0.16728320963381124
strong_up_train,train,65,3.275,0.05,1.0860416666666666,0.7704110704787878,2763,1,19,0.010716177524016652,0.17009203260073044,0.007238508867173362,0.1375316684762939,0.010814801493406894,0.1697482948031623
strong_up_train,train,66,3.325,0.05,1.095625,0.7835237858055079,2743,1,27,0.012621965303999401,0.1724661542952985,0.007291286912139992,0.1968647466277798,0.012698225078943266,0.17164665255869269
strong_up_train,train,67,3.375,0.05,1.1052083333333333,0.7957001779927847,2715,1,21,0.014635883892092104,0.17435212709755865,0.007366482504604052,0.15469613259668508,0.01468258860852279,0.1731165426269462
strong_up_train,train,68,3.4250000000000003,0.05,1.1147916666666666,0.8069698412887527,2693,6,24,0.016753374537417324,0.17585725562742288,0.04455997029335314,0.17823988117341255,0.016763361721495725,0.17426250421506193
strong_up_train,train,69,3.475,0.05,1.1243750000000001,0.8173684723485023,2663,5,22,0.01897044562048891,0.17706523047835532,0.03755163349605708,0.16522718738265113,0.018936588473764504,0.1751628596685766
strong_up_train,train,70,3.525,0.05,1.1339583333333334,0.8269363748405323,2636,2,15,0.02128356271507796,0.17804079999805084,0.015174506828528072,0.11380880121396053,0.021198774771179048,0.17587607500276425
strong_up_train,train,71,3.575,0.05,1.1435416666666667,0.8357170995678536,2619,3,23,0.02368956649150363,0.17883387759950875,0.022909507445589918,0.17563955708285603,0.02354680452334384,0.17644579916327077
strong_up_train,train,72,3.625,0.05,1.153125,0.8437562404917142,2593,0,25,0.026185609980437386,0.17948292370207036,0.0,0.19282684149633628,0.02597787572006126,0.17690470826460292
strong_up_train,train,73,3.6750000000000003,0.05,1.1627083333333332,0.8511003955906241,2568,3,26,0.028769109680129346,0.1800176270879065,0.02336448598130841,0.20249221183800623,0.02848945072085853,0.17727737514085742
strong_up_train,train,74,3.725,0.05,1.1722916666666667,0.8577962923825803,2539,4,20,0.031437706800954174,0.18046098322996176,0.03150846790074833,0.15754233950374164,0.03107921693066311,0.177582385598127
strong_up_train,train,75,3.775,0.05,1.1818749999999998,0.8638900711470544,2515,5,22,0.03418923608814416,0.180830883715632,0.039761431411530816,0.1749502982107356,0.03374505522446544,0.17783388988524007
strong_up_train,train,76,3.825,0.05,1.1914583333333333,0.8694267141975437,2488,3,23,0.0370217004127828,0.1811413227049748,0.024115755627009645,0.18488745980707394,0.03648501425942121,0.17804273800553388
strong_up_train,train,77,3.875,0.05,1.2010416666666668,0.8744496066707582,2462,5,20,0.03993324982384978,0.18140330950735264,0.04061738424045491,0.16246953696181965,0.03929728933231177,0.1782173112643548
strong_up_train,train,78,3.9250000000000003,0.05,1.210625,0.8790002128720547,2437,6,19,0.04292216409951545,0.18162555836413882,0.04924086992203529,0.15592942141977842,0.042180204796569254,0.17836413305540302
strong_up_train,train,79,3.975,0.05,1.2202083333333333,0.8831178519092382,2412,7,23,0.045986838078216394,0.18181501046724086,0.058043117744610274,0.19071310116086235,0.04513219930262881,0.17848831936190285
strong_up_train,train,80,4.025,0.05,1.2297916666666668,0.8868395568492372,2382,1,17,0.049125769223284974,0.18197723004510988,0.008396305625524769,0.14273719563392107,0.04815181330349468,0.1785939127222453
strong_up_train,train,81,4.075,0.05,1.239375,0.8902000026796384,2364,7,15,0.052337547000847987,0.18211670597511206,0.05922165820642978,0.12690355329949238,0.05123767839670757,0.17868413121557272
strong_up_train,train,82,4.125000000000001,0.05,1.2489583333333334,0.8932314897344447,2342,6,17,0.05562084374366989,0.18223708244040993,0.05123825789923142,0.14517506404782235,0.05438850816920501,0.17876155522369477
strong_up_train,train,83,4.175000000000001,0.05,1.258541666666667,0.8959639707838878,2319,8,15,0.058974406743179275,0.1823413361660439,0.06899525657611039,0.129366106080207,0.057603090282788094,0.1788282684093991
strong_up_train,train,84,4.2250000000000005,0.05,1.268125,0.8984251115686201,2296,8,13,0.06239705136464421,0.1824319133022495,0.06968641114982578,0.11324041811846688,0.06088027959182169,0.17888596482531433
strong_up_train,train,85,4.275,0.05,1.2777083333333334,0.9006403760932229,2275,3,19,0.06588765502087467,0.18251083570567672,0.026373626373626374,0.16703296703296702,0.06421899212606744,0.17893603082285323
strong_up_train,train,86,4.325,0.05,1.2872916666666667,0.9026331294268445,2253,9,16,0.0694451518711449,0.1825797839108452,0.07989347536617843,0.14203284509542832,0.0676181998034911,0.17897960809973132
strong_up_train,train,87,4.375000000000001,0.05,1.296875,0.9044247520574312,2228,7,23,0.07306852813653517,0.18264016226277915,0.06283662477558348,0.20646319569120286,0.07107692576285533,0.17901764254439262
strong_up_train,train,88,4.425000000000001,0.05,1.3064583333333335,0.9060347609952248,2198,6,16,0.07675681794222976,0.18269315033060396,0.0545950864422202,0.14558689717925385,0.07459424022559052,0.17905092231970474
strong_up_train,train,89,4.4750000000000005,0.05,1.3160416666666666,0.9074809338180929,2176,10,19,0.08050909961271438,0.18273974371726562,0.09191176470588235,0.17463235294117646,0.0781692568120994,0.17908010774416439
strong_up_train,train,90,4.525,0.05,1.325625,0.9087794327012186,2147,11,17,0.0843244923581757,0.18278078663130498,0.10246856078248719,0.1583605030274802,0.08180112925020429,0.17910575488277958
strong_up_train,train,91,4.575,0.05,1.3352083333333333,0.9099449261871817,2119,11,20,0.08820215330039034,0.18281699802585832,0.10382255781028787,0.18876828692779613,0.08548904842357832,0.17912833428516972
strong_up_train,train,92,4.625000000000001,0.05,1.3447916666666668,0.9109907070429135,2088,13,16,0.09214127479453046,0.18284899268869897,0.12452107279693486,0.1532567049808429,0.08923223971625058,0.17914824595785217
strong_up_train,train,93,4.675000000000001,0.05,1.354375,0.911928805031888,2059,13,18,0.09614108200996305,0.18287729834919036,0.12627489072365225,0.17484215638659542,0.09302996061601296,0.17916583139730466
strong_up_train,train,94,4.7250000000000005,0.05,1.3639583333333336,0.9127700938178157,2028,7,15,0.10020083073861659,0.1829023696270572,0.0690335305719921,0.14792899408284022,0.09688149854511617,0.17918138331593217
strong_up_train,train,95,4.775,0.05,1.3735416666666667,0.9135243915239165,2006,15,20,0.1043198054040296,0.18292459946444442,0.14955134596211364,0.1994017946161515,0.10078616889123383,0.1791951535470299
strong_up_train,train,96,4.825000000000001,0.05,1.3831250000000002,0.9142005547123305,1971,9,12,0.10849731724799144,0.1829443285424549,0.091324200913242,0.12176560121765599,0.1047433132155082,0.1792073595045676
strong_up_train,train,97,4.875000000000001,0.05,1.3927083333333334,0.9148065657328293,1950,12,13,0.11273270267485112,0.18296185307559687,0.12307692307692308,0.13333333333333333,0.1087522976176849,0.17921818948990967
strong_up_train,train,98,4.925000000000001,0.05,1.4022916666666667,0.9153496135287325,1925,14,16,0.11702532173624815,0.18297743129441962,0.14545454545454545,0.16623376623376623,0.11281251124104631,0.17922780707370436
strong_up_train,train,99,4.9750000000000005,0.05,1.4118750000000002,0.9158361680894772,1895,9,13,0.1213745567412674,0.18299128886216381,0.09498680738786279,0.13720316622691292,0.1169233649021175,0.17923635473216964
strong_up_train,train,100,5.025,0.05,1.4214583333333333,0.916272048810983,1873,7,21,0.12577981097894061,0.18300362342107626,0.07474639615589962,0.22423918846769886,0.12108428983205301,0.17924395687922623
strong_up_train,train,101,5.075000000000001,0.05,1.4310416666666668,0.9166624870729652,1845,13,18,0.1302405075416488,0.18301460842480513,0.14092140921409213,0.1951219512195122,0.12529473651825504,0.17925072240665493
strong_up_train,train,102,5.125000000000001,0.05,1.440625,0.9170121833718324,1814,8,19,0.13475608823937174,0.18302439638248216,0.08820286659316427,0.20948180815876516,0.129554173636172,0.1792567468216722
strong_up_train,train,103,5.175000000000001,0.05,1.4502083333333333,0.917325359362941,1787,8,13,0.13932601259593871,0.18303312161580526,0.08953553441522104,0.1454952434247342,0.1338620870624408,0.17926211405349582
strong_up_train,train,104,5.2250000000000005,0.05,1.4597916666666668,0.9176058051702385,1766,8,18,0.14394975691945824,0.18304090261119466,0.09060022650056623,0.20385050962627405,0.13821797896156504,0.17926689798647025
strong_up_train,train,105,5.275,0.05,1.4693749999999999,0.9178569223174656,1740,15,14,0.14862681344000592,0.18304784403380225,0.1724137931034483,0.16091954022988506,0.14262136693922314,0.17927116376627203
strong_up_train,train,106,5.325000000000001,0.05,1.4789583333333334,0.9180817626253309,1711,8,16,0.15335668950842254,0.18305403845794024,0.09351256575102278,0.18702513150204556,0.14707178325607823,0.17927496891695613
strong_up_train,train,107,5.375000000000001,0.05,1.4885416666666669,0.9182830634051596,1687,17,11,0.15813890685074475,0.18305956785870936,0.20154119739181978,0.13040901007705985,0.15156877409663175,0.17927836429963165
strong_up_train,train,108,5.425000000000001,0.05,1.4981250000000002,0.9184632792628714,1659,12,10,0.16297300087338787,0.18306450490172863,0.14466546112115733,0.12055455093429776,0.15611189888826138,0.17928139493798065
strong_up_train,train,109,5.4750000000000005,0.05,1.5077083333333334,0.9186246108087791,1637,13,13,0.16785852001470836,0.18306891406150735,0.15882712278558336,0.15882712278558336,0.16070072966609147,0.1792841007313602
strong_up_train,train,110,5.525,0.05,1.5172916666666667,0.9187690305494756,1611,10,13,0.17279502513902759,0.18307285259383613,0.12414649286157664,0.16139044072004963,0.16533485047980026,0.17928651707261964
strong_up_train,train,111,5.575000000000001,0.05,1.5268750000000002,0.9188983062185971,1588,9,15,0.17778208896959907,0.18307637138337327,0.11335012594458438,0.18891687657430728,0.170013856838866,0.1792886753848455
strong_up_train,train,112,5.625000000000001,0.05,1.5364583333333335,0.9190140217839708,1564,9,18,0.18281929555734744,0.18307951568416492,0.11508951406649616,0.23017902813299232,0.17473735519310243,0.1792906035888751
strong_up_train,train,113,5.675000000000001,0.05,1.5460416666666668,0.9191175963499076,1537,19,14,0.18790623978252313,0.18308232576801906,0.24723487312947298,0.1821730644111906,0.17950496244564731,0.1792923265114828
strong_up_train,train,114,5.7250000000000005,0.05,1.555625,0.9192103011554147,1504,14,20,0.19304252688668583,0.18308483749333002,0.18617021276595744,0.26595744680851063,0.18431630549583716,0.17929386624255678
strong_up_train,train,115,5.775,0.05,1.5652083333333333,0.9192932748520312,1470,5,18,0.19822777203267888,0.1830870828050276,0.06802721088435375,0.24489795918367346,0.1891710208096504,0.17929524244828088
strong_up_train,train,116,5.825000000000001,0.05,1.5747916666666668,0.9193675372289244,1447,12,15,0.20346159989047125,0.18308909017473177,0.16586040082930198,0.20732550103662747,0.19406875401561294,0.17929647264625712
strong_up_train,train,117,5.875000000000001,0.05,1.584375,0.919434001537873,1420,15,9,0.20874364424693803,0.18309088498886067,0.2112676056338028,0.1267605633802817,0.19900915952425638,0.1792975724476123
strong_up_train,train,118,5.925000000000001,0.05,1.5939583333333334,0.9194934855568114,1396,8,7,0.21407354763782555,0.18309248989133076,0.11461318051575932,0.1002865329512894,0.2039919001693914,0.17929855577038928
strong_up_train,train,119,5.9750000000000005,0.05,1.6035416666666666,0.9195467215177225,1381,12,13,0.21945096100029848,0.18309392508655065,0.17378711078928313,0.1882693700217234,0.2090166468696104,0.1792994350279005
strong_up_train,train,120,6.025,0.05,1.613125,0.9195943650127956,1356,13,11,0.2248755433446095,0.18309520860762316,0.19174041297935104,0.16224188790560473,0.21408307830857595,0.17930022129520193
strong_up_train,train,121,6.075000000000001,0.05,1.6227083333333336,0.9196370029818687,1332,11,13,0.23034696144355477,0.1830963565540044,0.16516516516516513,0.19519519519519518,0.2191908806327729,0.17930092445640666
strong_up_train,train,122,6.125000000000001,0.05,1.6322916666666667,0.9196751608742304,1308,18,12,0.23586488953849039,0.18309738330230213,0.2752293577981651,0.18348623853211007,0.2243397471655145,0.17930155333518594
strong_up_train,train,123,6.175000000000001,0.05,1.6418750000000002,0.919709309068755,1278,15,17,0.241429009060792,0.18309830169341249,0.23474178403755866,0.2660406885758998,0.22952937813609758,0.1793021158104918
strong_up_train,train,124,6.2250000000000005,0.05,1.6514583333333333,0.919739868628092,1246,16,9,0.2470390083677201,0.18309912319878502,0.2568218298555377,0.14446227929373995,0.2347594804230829,0.1793026189192669
strong_up_train,train,125,6.275,0.05,1.6610416666666667,0.9197672164551092,1221,8,10,0.25269458249175164,0.18309985806824794,0.13104013104013104,0.1638001638001638,0.24002976731077402,0.17930306894768078
strong_up_train,train,126,6.325000000000001,0.05,1.6706250000000002,0.9197916899129883,1203,14,16,0.25839543290249883,0.183100515461526,0.23275145469659184,0.26600166251039065,0.24533995825802624,0.17930347151223205
strong_up_train,train,127,6.375000000000001,0.05,1.6802083333333333,0.9198135909641967,1173,15,5,0.2641412672804158,0.1831011035653175,0.25575447570332477,0.08525149190110826,0.2506897786785994,0.1793038316318926
strong_up_train,train,128,6.425000000000001,0.05,1.6897916666666668,0.9198331898779947,1153,24,10,0.2699317993015503,0.18310162969757168,0.41630529054640064,0.17346053772766695,0.25607895973232025,0.1793041537923201
strong_up_train,train,129,6.4750000000000005,0.05,1.6993749999999999,0.9198507285510946,1119,14,13,0.275766748432651,0.18310210040040975,0.25022341376228774,0.23235031277926718,0.2615072381263776,0.17930444200304327
strong_up_train,train,130,6.525,0.05,1.7089583333333334,0.9198664234815493,1092,20,11,0.28164583973600316,0.18310252152296239,0.3663003663003663,0.20146520146520147,0.2669743559261305,0.17930469984841288
strong_up_train,train,131,6.575000000000001,0.05,1.7185416666666669,0.9198804684318532,1061,20,6,0.28756880368339827,0.18310289829524598,0.3770028275212064,0.11310084825636191,0.27248006037484523,0.17930493053301916
strong_up_train,train,132,6.625000000000001,0.05,1.728125,0.9198930368135516,1035,16,6,0.29353537597869805,0.18310323539407036,0.30917874396135264,0.11594202898550725,0.2780241037218312,0.17930513692219194
strong_up_train,train,133,6.675000000000001,0.05,1.7377083333333334,0.9199042838223308,1013,9,5,0.2995452973884871,0.18310353700185553,0.1776900296150049,0.09871668311944717,0.28360624305847615,0.1793053215781291
strong_up_train,train,134,6.7250000000000005,0.05,1.7472916666666665,0.9199143483495843,999,14,6,0.3055983135803407,0.18310380685913533,0.2802802802802803,0.12012012012012012,0.2892262401617175,0.17930548679213557
strong_up_train,train,135,6.775,0.05,1.756875,0.9199233546937573,979,17,10,0.3116941749682783,0.18310404831143723,0.3472931562819203,0.20429009193054135,0.2948838613445265,0.17930563461339996
strong_up_train,train,136,6.825000000000001,0.05,1.7664583333333335,0.9199314140923693,952,12,7,0.3178326365649893,0.18310426435115063,0.25210084033613445,0.14705882352941177,0.3005788773129989,0.17930576687468747
strong_up_train,train,137,6.875000000000001,0.05,1.776041666666667,0.9199386260934413,933,10,3,0.32401345784045893,0.18310445765492603,0.21436227224008572,0.06430868167202572,0.3063110630296879,0.17930588521528418
strong_up_train,train,138,6.925000000000001,0.05,1.785625,0.9199450797831142,920,17,8,0.33023640258663706,0.18310463061708923,0.3695652173913043,0.17391304347826086,0.31208019758282735,0.17930599110149195
strong_up_train,train,139,6.9750000000000005,0.05,1.7952083333333335,0.9199508548845023,895,18,9,0.33650123878782395,0.18310478537949976,0.4022346368715084,0.2011173184357542,0.3178860640611264,0.17930608584493848
strong_up_train,train,140,7.025,0.05,1.7999999999999998,0.9199560227412521,868,18,8,0.33964929479481154,0.18310492385823493,0.41474654377880177,0.18433179723502302,0.3208027050516921,0.17930617061893794
strong_up_train,train,141,7.075000000000001,0.05,1.7999999999999998,0.9199606471978827,842,12,9,0.33964929479481154,0.18310504776744208,0.2850356294536817,0.21377672209026127,0.3208027050516921,0.17930624647311216
strong_up_train,train,142,7.125000000000001,0.05,1.7999999999999998,0.9199647853877179,821,13,11,0.33964929479481154,0.18310515864065963,0.3166869671132765,0.26796589524969544,0.3208027050516921,0.1793063143464594
strong_up_train,train,143,7.175000000000001,0.05,1.7999999999999998,0.9199684884380945,797,9,5,0.33964929479481154,0.18310525784987966,0.22584692597239647,0.12547051442910914,0.3208027050516921,0.17930637507903607
strong_up_train,train,144,7.2250000000000005,0.05,1.7999999999999998,0.9199718021015197,783,14,3,0.33964929479481154,0.18310534662259187,0.3575989782886334,0.07662835249042145,0.3208027050516921,0.17930642942240088
strong_up_train,train,145,7.275,0.05,1.7999999999999998,0.9199747673205412,766,14,3,0.33964929479481154,0.18310542605702368,0.3655352480417754,0.07832898172323759,0.3208027050516921,0.17930647804895242
strong_up_train,train,146,7.325000000000001,0.05,1.7999999999999998,0.9199774207332859,749,11,8,0.33964929479481154,0.18310549713576912,0.29372496662216285,0.21361815754339117,0.3208027050516921,0.17930652156027882
strong_up_train,train,147,7.375000000000001,0.05,1.7999999999999998,0.9199797951258927,730,6,4,0.33964929479481154,0.18310556073797774,0.1643835616438356,0.1095890410958904,0.3208027050516921,0.17930656049462423
strong_up_train,train,148,7.425000000000001,0.05,1.7999999999999998,0.9199819198374088,720,17,8,0.33964929479481154,0.18310561765025543,0.4722222222222222,0.2222222222222222,0.3208027050516921,0.17930659533356624
strong_up_train,train,149,7.4750000000000005,0.05,1.7999999999999998,0.9199838211221453,695,13,9,0.33964929479481154,0.1831056685764146,0.37410071942446044,0.2589928057553957,0.3208027050516921,0.1793066265079877
strong_up_train,train,150,7.525,0.05,1.7999999999999998,0.9199855224739548,673,9,7,0.33964929479481154,0.18310571414619567,0.2674591381872214,0.20802377414561665,0.3208027050516921,0.17930665440341823
strong_up_train,train,151,7.575000000000001,0.05,1.7999999999999998,0.9199870449164314,657,12,9,0.33964929479481154,0.18310575492306802,0.365296803652968,0.273972602739726,0.3208027050516921,0.17930667936481173
strong_up_train,train,152,7.625000000000001,0.05,1.7999999999999998,0.9199884072626098,636,9,4,0.33964929479481154,0.1831057914112085,0.2830188679245283,0.12578616352201258,0.3208027050516921,0.17930670170082005
strong_up_train,train,153,7.675000000000001,0.05,1.7999999999999998,0.919989626347371,623,7,10,0.33964929479481154,0.18310582406174428,0.2247191011235955,0.32102728731942215,0.3208027050516921,0.17930672168761586
strong_up_train,train,154,7.7250000000000005,0.05,1.7999999999999998,0.9199907172354193,606,7,4,0.33964929479481154,0.18310585327833748,0.23102310231023102,0.132013201320132,0.3208027050516921,0.1793067395723121
strong_up_train,train,155,7.775,0.05,1.7999999999999998,0.9199916934073956,595,5,5,0.33964929479481154,0.18310587942218162,0.16806722689075632,0.16806722689075632,0.3208027050516921,0.17930675557602183
strong_up_train,train,156,7.825000000000001,0.05,1.7999999999999998,0.9199925669264305,585,14,4,0.33964929479481154,0.18310590281647124,0.47863247863247865,0.13675213675213677,0.3208027050516921,0.1793067698965945
strong_up_train,train,157,7.875000000000001,0.05,1.7999999999999998,0.9199933485871848,567,8,3,0.33964929479481154,0.18310592375040122,0.2821869488536155,0.10582010582010581,0.3208027050516921,0.17930678271106515
strong_up_train,train,158,7.925000000000001,0.05,1.7999999999999998,0.9199940480492235,556,10,6,0.33964929479481154,0.1831059424827445,0.3597122302158273,0.2158273381294964,0.3208027050516921,0.17930679417784448
strong_up_train,train,159,7.9750000000000005,0.05,1.7999999999999998,0.919994673956368,540,13,4,0.33964929479481154,0.1831059592450535,0.48148148148148145,0.14814814814814814,0.3208027050516921,0.17930680443867913
mid_up_test,test,0,0.025,0.05,0.65,0.10267464063705882,3000,0,0,0.0,0.00015181188739555725,0.0,0.0,0.0,7.049299663215518e-05
mid_up_test,test,1,0.07500000000000001,0.05,0.65,0.10298781662816749,3000,0,0,0.0,0.00015249204559544745,0.0,0.0,0.0,7.084487395429498e-05
mid_up_test,test,2,0.125,0.05,0.65,0.10333751292703483,3000,0,0,0.0,0.00015325511758240492,0.0,0.0,0.0,7.123985986701079e-05
mid_up_test,test,3,0.17500000000000002,0.05,0.65,0.10372795118901698,3000,0,1,0.0,0.00015411160132888582,0.0,0.006666666666666667,0.0,7.168346580516196e-05
mid_up_test,test,4,0.225,0.05,0.65,0.10416383191052267,2999,0,0,0.0,0.00015507342089930107,0.0,0.0,0.0,7.218196504517056e-05
mid_up_test,test,5,0.275,0.05,0.65,0.10465038647126752,2999,0,0,0.0,0.0001561541438129587,0.0,0.0,0.0,7.27425119711456e-05
mid_up_test,test,6,0.32500000000000007,0.05,0.65,0.10519343426717066,2999,0,0,0.0,0.0001573692370980193,0.0,0.0,0.0,7.337328329359037e-05
mid_up_test,test,7,0.37500000000000006,0.05,0.65,0.10579944528766949,2999,0,0,0.0,0.000158736370162544,0.0,0.0,0.0,7.408364599385453e-05
mid_up_test,test,8,0.42500000000000004,0.05,0.65,0.10647560847608346,2999,0,0,0.0,0.0001602757745795896,0.0,0.0,0.0,7.488435796392646e-05
mid_up_test,test,9,0.47500000000000003,0.05,0.65,0.10722990618218418,2999,0,0,0.0,0.00016201067339013798,0.0,0.0,0.0,7.578780884370589e-05
mid_up_test,test,10,0.525,0.05,0.65,0.10807119496811193,2999,0,0,0.0,0.00016396779573066433,0.0,0.0,0.0,7.680831053054748e-05
mid_up_test,test,11,0.5750000000000001,0.05,0.65,0.10900929295708642,2999,0,0,0.0,0.00016617799670375113,0.0,0.0,0.0,7.796244938778848e-05
mid_up_test,test,12,0.6250000000000001,0.05,0.65,0.11005507381281823,2999,0,0,0.0,0.00016867700771325421,0.0,0.0,0.0,7.926951549736253e-05
mid_up_test,test,13,0.675,0.05,0.65,0.11122056729878133,2999,0,0,0.0,0.00017150634935902989,0.0,0.0,0.0,8.075202863977193e-05
mid_up_test,test,14,0.7250000000000001,0.05,0.65,0.11251906618190705,2999,0,0,0.0,0.00017471444794005215,0.0,0.0,0.0,8.243638638732121e-05
mid_up_test,test,15,0.775,0.05,0.65,0.1139652390047752,2999,0,0,0.0,0.00017835800833899076,0.0,0.0,0.0,8.43536672354704e-05
mid_up_test,test,16,0.8250000000000001,0.05,0.65,0.11557524794256867,2999,0,0,0.0,0.00018250371149479828,0.0,0.0,0.0,8.654063172225514e-05
mid_up_test,test,17,0.8750000000000001,0.05,0.65,0.11736687057315551,2999,0,0,0.0,0.00018723032509685366,0.0,0.0,0.0,8.904097789736893e-05
mid_up_test,test,18,0.925,0.05,0.65,0.11935962390677697,2999,0,0,0.0,0.0001926313433211622,0.0,0.0,0.0,9.190692555612648e-05
mid_up_test,test,19,0.9750000000000001,0.05,0.65,0.1215748884313797,2999,0,0,0.0,0.0001988183078190058,0.0,0.0,0.0,9.520122811054412e-05
mid_up_test,test,20,1.025,0.05,0.65375,0.12403602921611218,2999,0,0,0.0,0.00020592501115846733,0.0,0.0,0.0,9.899974431722265e-05
mid_up_test,test,21,1.075,0.05,0.66125,0.12676851026555527,2999,0,0,0.0,0.000214112850258976,0.0,0.0,0.0,0.00010339474785349913
mid_up_test,test,22,1.125,0.05,0.6687500000000001,0.12979999732036157,2999,0,0,0.0,0.00022357768772394442,0.0,0.0,0.0,0.00010849921598269976
mid_up_test,test,23,1.175,0.05,0.67625,0.13316044315076267,2999,0,0,0.0,0.00023455870279728958,0.0,0.0,0.0,0.00011445242654755214
mid_up_test,test,24,1.225,0.05,0.6837500000000001,0.1368821480907617,2999,0,0,0.0,0.000247349884333853,0.0,0.0,0.0,0.00012142731580539208
mid_up_test,test,25,1.275,0.05,0.69125,0.14099978712794528,2999,0,0,0.0,0.0002623150547737533,0.0,0.0,0.0,0.00012964022350316277
mid_up_test,test,26,1.325,0.05,0.69875,0.14555039332924163,2999,0,0,0.0,0.0002799076439862831,0.0,0.0,0.0,0.00013936389854644392
mid_up_test,test,27,1.375,0.05,0.70625,0.15057328580245627,2999,0,0,0.0,0.00030069689428947037,0.0,0.0,0.0,0.00015094499172781534
mid_up_test,test,28,1.425,0.05,0.71375,0.15610992885294553,2999,0,0,0.0,0.00032540282957624377,0.0,0.0,0.0,0.00016482777021215102
mid_up_test,test,29,1.475,0.05,0.7212500000000001,0.1622037076174197,2999,0,0,0.0,0.00035494324402720397,0.0,0.0,0.0,0.00018158652461759822
mid_up_test,test,30,1.525,0.05,0.72875,0.16889960440937585,2999,0,0,0.0,0.00039049727742419046,0.0,0.0,0.0,0.00020197021215252926
mid_up_test,test,31,1.575,0.05,0.7362500000000001,0.17624375950828583,2999,0,0,0.0,0.0004335920148967133,0.0,0.0,0.0,0.00022696445069587837
mid_up_test,test,32,1.625,0.05,0.74375,0.1842829004321464,2999,0,0,0.0,0.0004862212237709541,0.0,0.0,0.0,0.0002578782918342367
mid_up_test,test,33,1.675,0.05,0.75125,0.1930636251594675,2999,0,0,0.0,0.0005510091682706935,0.0,0.0,0.0,0.0002964666187060488
mid_up_test,test,34,1.725,0.05,0.75875,0.20263152765149767,2999,0,0,0.0,0.000631437916523987,0.0,0.0,0.0,0.00034510407741361414
mid_up_test,test,35,1.775,0.05,0.76625,0.21303015871124725,2999,0,0,0.0,0.0007321643545697213,0.0,0.0,0.0,0.0004070339567054351
mid_up_test,test,36,1.825,0.05,0.77375,0.2242998220072152,2999,0,1,0.0,0.0008594641613764654,0.0,0.006668889629876625,0.0,0.000486726541744088
mid_up_test,test,37,1.875,0.05,0.78125,0.23647621419449216,2998,0,0,0.0,0.0010218554372301676,0.0,0.0,0.0,0.0005903978380955605
mid_up_test,test,38,1.925,0.05,0.7887500000000001,0.2495889295212122,2998,0,0,0.0,0.001230975851587627,0.0,0.0,0.0,0.0007267634568745416
mid_up_test,test,39,1.975,0.05,0.79625,0.2636598628960607,2998,0,0,0.0,0.0015028153119195332,0.0,0.0,0.0,0.0009081367694307992
mid_up_test,test,40,2.025,0.05,0.80375,0.27870156055530226,2998,0,0,0.0,0.0018594416050765259,0.0,0.0,0.0,0.0011520284106765351
mid_up_test,test,41,2.075,0.05,0.81125,0.2947155832420001,2998,0,0,0.0,0.0023313969681877027,0.0,0.0,0.0,0.0014834682631692613
mid_up_test,test,42,2.125,0.05,0.8187500000000001,0.3116909617991538,2998,0,0,0.0,0.00296098063910611,0.0,0.0,0.0,0.0019383497671370392
mid_up_test,test,43,2.175,0.05,0.82625,0.3296028374914135,2998,0,0,0.0,0.003806644588806683,0.0,0.0,0.0,0.002568177412378444
mid_up_test,test,44,2.225,0.05,0.83375,0.34841138714836606,2998,0,0,0.0,0.0049486703976229255,0.0,0.0,0.0,0.0034466433870563185
mid_up_test,test,45,2.275,0.05,0.84125,0.36806113426776965,2998,0,1,0.0,0.00649607546264496,0.0,0.0066711140760507,0.0,0.004678376376169554
mid_up_test,test,46,2.325,0.05,0.84875,0.38848073971172936,2997,0,1,0.0,0.008594165149500628,0.0,0.0066733400066733405,0.0,0.006409802136791379
mid_up_test,test,47,2.375,0.05,0.85625,0.4095833484144792,2996,0,3,0.0,0.011431089787577505,0.0,0.02002670226969292,0.0,0.008840984105410192
mid_up_test,test,48,2.4250000000000003,0.05,0.86375,0.4312675414722563,2993,0,4,0.0,0.015239978063196139,0.0,0.026729034413631808,0.0,0.012235063269904662
mid_up_test,test,49,2.475,0.05,0.8712500000000001,0.45341890729408374,2989,0,6,0.0,0.02029076934909763,0.0,0.040147206423553024,0.0,0.01691804120426304
mid_up_test,test,50,2.525,0.05,0.87875,0.475912203762224,2983,0,4,0.0,0.02686366746329584,0.0,0.02681863895407308,0.0,0.02325658596205666
mid_up_test,test,51,2.575,0.05,0.88625,0.4986140394482761,2979,0,4,0.0,0.035196697348863305,0.0,0.026854649211144676,0.0,0.031598377645072714
mid_up_test,test,52,2.625,0.05,0.89375,0.5213859605517239,2975,0,9,0.0,0.04540724193295822,0.0,0.06050420168067227,0.0,0.04216579159325854
mid_up_test,test,53,2.6750000000000003,0.05,0.9012500000000001,0.544087796237776,2966,0,7,0.0,0.057404366904360515,0.0,0.04720161834120026,0.0,0.05491883463911439
mid_up_test,test,54,2.725,0.05,0.9087500000000001,0.5665810927059162,2959,0,8,0.0,0.07082969247015532,0.0,0.05407232173031429,0.0,0.06944486439428928
mid_up_test,test,55,2.775,0.05,0.91625,0.5887324585277437,2951,0,11,0.0,0.0850714068424779,0.0,0.07455099966113181,0.0,0.08495858325659272
mid_up_test,test,56,2.825,0.05,0.9237500000000001,0.6104166515855208,2940,0,17,0.0,0.09936975807420756,0.0,0.11564625850340136,0.0,0.10045774772544827
mid_up_test,test,57,2.875,0.05,0.93125,0.6315192602882705,2923,0,18,0.0,0.11298036036397117,0.0,0.12316113581936367,0.0,0.11497964122427413
mid_up_test,test,58,2.9250000000000003,0.05,0.93875,0.6519388657322304,2905,0,21,0.0,0.12532445850549284,0.0,0.14457831325301204,0.0,0.12782765480019304
mid_up_test,test,59,2.975,0.05,0.94625,0.671588612851634,2884,0,24,0.0,0.13606696664887336,0.0,0.16643550624133147,0.0,0.13866595552418953
mid_up_test,test,60,3.025,0.05,0.95375,0.6903971625085863,2860,0,28,0.0,0.14511067665644625,0.0,0.1958041958041958,0.0,0.14747820231525555
mid_up_test,test,61,3.075,0.05,0.96125,0.7083090382008462,2832,0,25,0.0,0.15253608361039725,0.0,0.1765536723163842,0.0,0.15445621395386577
mid_up_test,test,62,3.125,0.05,0.96875,0.7252844167579998,2807,0,21,0.0,0.15852649644170985,0.0,0.14962593516209477,0.0,0.15988685819071638
mid_up_test,test,63,3.1750000000000003,0.05,0.9762500000000001,0.7412984394446976,2786,0,23,0.0,0.16330521709608956,0.0,0.16511127063890882,0.0,0.1640716713193201
mid_up_test,test,64,3.225,0.05,0.9837500000000001,0.7563401371039393,2763,0,19,0.0,0.1670941593663128,0.0,0.1375316684762939,0.0,0.16728320963381124
mid_up_test,test,65,3.275,0.05,0.99125,0.7704110704787878,2744,0,25,0.0,0.17009203260073044,0.0,0.18221574344023322,0.0,0.1697482948031623
mid_up_test,test,66,3.325,0.05,0.99875,0.7835237858055079,2719,0,25,0.0,0.1724661542952985,0.0,0.1838911364472232,0.0,0.17164665255869269
mid_up_test,test,67,3.375,0.05,1.00625,0.7957001779927847,2694,0,24,0.0001840158636297379,0.17435212709755865,0.0,0.17817371937639195,0.0002007563981772259,0.1731165426269462
mid_up_test,test,68,3.4250000000000003,0.05,1.0137500000000002,0.8069698412887527,2670,0,22,0.0006246121379618051,0.17585725562742288,0.0,0.1647940074906367,0.0006656576228300684,0.17426250421506193
mid_up_test,test,69,3.475,0.05,1.02125,0.8173684723485023,2648,0,22,0.0012264436124526476,0.17706523047835532,0.0,0.1661631419939577,0.001290241687862386,0.1751628596685766
mid_up_test,test,70,3.525,0.05,1.02875,0.8269363748405323,2626,0,24,0.001959430678131814,0.17804079999805084,0.0,0.18278750952018277,0.0020429276677665664,0.17587607500276425
mid_up_test,test,71,3.575,0.05,1.0362500000000001,0.8357170995678536,2602,1,22,0.002806523313960558,0.17883387759950875,0.007686395080707149,0.16910069177555728,0.0029060344158323326,0.17644579916327077
mid_up_test,test,72,3.625,0.05,1.04375,0.8437562404917142,2579,1,25,0.003756273672051708,0.17948292370207036,0.007754943776657618,0.19387359441644045,0.0038677896372509833,0.17690470826460292
mid_up_test,test,73,3.6750000000000003,0.05,1.05125,0.8511003955906241,2553,2,13,0.004800281823446568,0.1800176270879065,0.015667841754798274,0.1018409714061888,0.004919610900313868,0.17727737514085742
mid_up_test,test,74,3.725,0.05,1.05875,0.8577962923825803,2538,1,22,0.005932031347093538,0.18046098322996176,0.007880220646178092,0.17336485421591805,0.006054875148944771,0.177582385598127
mid_up_test,test,75,3.775,0.05,1.06625,0.8638900711470544,2515,4,20,0.007146268926342167,0.180830883715632,0.03180914512922465,0.15904572564612326,0.007268266815634154,0.17783388988524007
mid_up_test,test,76,3.825,0.05,1.07375,0.8694267141975437,2491,2,21,0.008438638361954135,0.1811413227049748,0.016057808109193095,0.16860698514652747,0.008555395066205422,0.17804273800553388
mid_up_test,test,77,3.875,0.05,1.08125,0.8744496066707582,2468,1,13,0.009805448439052532,0.18140330950735264,0.008103727714748784,0.1053484602917342,0.00991255200563434,0.1782173112643548
mid_up_test,test,78,3.9250000000000003,0.05,1.08875,0.8790002128720547,2454,1,21,0.011243517444707868,0.18162555836413882,0.008149959250203748,0.1711491442542787,0.011336551293689833,0.17836413305540302
mid_up_test,test,79,3.975,0.05,1.09625,0.8831178519092382,2432,2,24,0.012750064493302259,0.18181501046724086,0.01644736842105263,0.19736842105263155,0.012824615698008402,0.17848831936190285
mid_up_test,test,80,4.025,0.05,1.1037500000000002,0.8868395568492372,2406,2,28,0.014322630919717578,0.18197723004510988,0.016625103906899415,0.23275145469659184,0.014374295988177237,0.1785939127222453
mid_up_test,test,81,4.075,0.05,1.11125,0.8902000026796384,2376,3,16,0.015959021794972505,0.18211670597511206,0.02525252525252525,0.13468013468013468,0.015983410747124335,0.17868413121557272
mid_up_test,test,82,4.125000000000001,0.05,1.1187500000000001,0.8932314897344447,2357,0,29,0.017657261372799257,0.18223708244040993,0.0,0.24607551972846836,0.017650000627677534,0.17876155522369477
mid_up_test,test,83,4.175000000000001,0.05,1.1262500000000002,0.8959639707838878,2328,2,28,0.019415558459868046,0.1823413361660439,0.017182130584192438,0.24054982817869414,0.019372292875498628,0.1788282684093991
mid_up_test,test,84,4.2250000000000005,0.05,1.13375,0.8984251115686201,2298,5,31,0.0212322790294388,0.1824319133022495,0.04351610095735422,0.26979982593559615,0.02114867332969469,0.17888596482531433
mid_up_test,test,85,4.275,0.05,1.14125,0.9006403760932229,2262,1,20,0.02310592423462485,0.18251083570567672,0.008841732979664013,0.17683465959328026,0.022977663986633354,0.17893603082285323
mid_up_test,test,86,4.325,0.05,1.1487500000000002,0.9026331294268445,2241,2,22,0.025035112521502714,0.1825797839108452,0.017849174475680497,0.19634091923248548,0.02485790477999121,0.17897960809973132
mid_up_test,test,87,4.375000000000001,0.05,1.15625,0.9044247520574312,2217,2,24,0.027018564906023376,0.18264016226277915,0.018042399639152006,0.21650879566982406,0.02678813860875012,0.17901764254439262
mid_up_test,test,88,4.425000000000001,0.05,1.16375,0.9060347609952248,2191,3,16,0.0290550927277674,0.18269315033060396,0.027384755819260607,0.14605203103605657,0.028767198903732326,0.17905092231970474
mid_up_test,test,89,4.4750000000000005,0.05,1.1712500000000001,0.9074809338180929,2172,6,22,0.031143587367845168,0.18273974371726562,0.055248618784530384,0.2025782688766114,0.030793999204071356,0.17908010774416439
mid_up_test,test,90,4.525,0.05,1.17875,0.9087794327012186,2144,0,15,0.03328301154249565,0.18278078663130498,0.0,0.13992537313432835,0.03286752434373239,0.17910575488277958
mid_up_test,test,91,4.575,0.05,1.18625,0.9099449261871817,2129,6,15,0.03547239187405307,0.18281699802585832,0.05636449037106623,0.14091122592766556,0.03498682294141099,0.17912833428516972
mid_up_test,test,92,4.625000000000001,0.05,1.19375,0.9109907070429135,2108,2,12,0.03771081250732767,0.18284899268869897,0.018975332068311195,0.11385199240986717,0.037151000955700224,0.17914824595785217
mid_up_test,test,93,4.675000000000001,0.05,1.2012500000000002,0.911928805031888,2094,3,16,0.03999740958902675,0.18287729834919036,0.028653295128939826,0.15281757402101243,0.03935921611855948,0.17916583139730466
mid_up_test,test,94,4.7250000000000005,0.05,1.2087500000000002,0.9127700938178157,2075,2,21,0.042331366465347096,0.1829023696270572,0.01927710843373494,0.20240963855421687,0.0416106730987545,0.17918138331593217
mid_up_test,test,95,4.775,0.05,1.21625,0.9135243915239165,2052,0,17,0.04471190948157808,0.18292459946444442,0.0,0.16569200779727095,0.04390461927647668,0.1791951535470299
mid_up_test,test,96,4.825000000000001,0.05,1.2237500000000003,0.9142005547123305,2035,4,13,0.04713830428976458,0.1829443285424549,0.03931203931203931,0.12776412776412777,0.04624034103317381,0.1792073595045676
mid_up_test,test,97,4.875000000000001,0.05,1.2312500000000002,0.9148065657328293,2018,7,17,0.04960985258782954,0.18296185307559687,0.06937561942517344,0.1684836471754212,0.048617160478435395,0.17921818948990967
mid_up_test,test,98,4.925000000000001,0.05,1.23875,0.9153496135287325,1994,6,20,0.052125889227243975,0.18297743129441962,0.06018054162487462,0.20060180541624875,0.05103443254981071,0.17922780707370436
mid_up_test,test,99,4.9750000000000005,0.05,1.24625,0.9158361680894772,1968,6,16,0.05468577963720779,0.18299128886216381,0.06097560975609756,0.16260162601626016,0.05349154243257768,0.17923635473216964
mid_up_test,test,100,5.025,0.05,1.2537500000000001,0.916272048810983,1946,6,20,0.05728891752203209,0.18300362342107626,0.06166495375128468,0.2055498458376156,0.05598790325541067,0.17924395687922623
mid_up_test,test,101,5.075000000000001,0.05,1.2612500000000002,0.9166624870729652,1920,4,10,0.05993472279545501,0.18301460842480513,0.041666666666666664,0.10416666666666667,0.05852295402509317,0.17925072240665493
mid_up_test,test,102,5.125000000000001,0.05,1.2687500000000003,0.9170121833718324,1906,5,17,0.06262263972134938,0.18302439638248216,0.052465897166841545,0.17838405036726127,0.06109615776926939,0.1792567468216722
mid_up_test,test,103,5.175000000000001,0.05,1.27625,0.917325359362941,1884,4,17,0.06535213523496784,0.18303312161580526,0.04246284501061571,0.18046709129511676,0.06370699986101107,0.17926211405349582
mid_up_test,test,104,5.2250000000000005,0.05,1.28375,0.9176058051702385,1863,8,14,0.06812269742273001,0.18304090261119466,0.08588298443370906,0.15029522275899088,0.06635498650290983,0.17926689798647025
mid_up_test,test,105,5.275,0.05,1.29125,0.9178569223174656,1841,9,10,0.0709338341417498,0.18304784403380225,0.0977729494839761,0.10863661053775121,0.0690396433516579,0.17927116376627203
mid_up_test,test,106,5.325000000000001,0.05,1.29875,0.9180817626253309,1822,7,14,0.07378507176296276,0.18305403845794024,0.07683863885839735,0.1536772777167947,0.07176051426678857,0.17927496891695613
mid_up_test,test,107,5.375000000000001,0.05,1.3062500000000004,0.9182830634051596,1801,13,13,0.07667595402393895,0.18305956785870936,0.14436424208772902,0.14436424208772902,0.07451716016951111,0.17927836429963165
mid_up_test,test,108,5.425000000000001,0.05,1.3137500000000002,0.9184632792628714,1775,10,10,0.07960604097933649,0.18306450490172863,0.11267605633802817,0.11267605633802817,0.0773091579994738,0.17928139493798065
mid_up_test,test,109,5.4750000000000005,0.05,1.32125,0.9186246108087791,1755,5,7,0.08257490803853516,0.18306891406150735,0.05698005698005698,0.07977207977207977,0.080136099758898,0.1792841007313602
mid_up_test,test,110,5.525,0.05,1.32875,0.9187690305494756,1743,6,13,0.08558214508132575,0.18307285259383613,0.06884681583476764,0.14916810097532987,0.08299759163488066,0.17928651707261964
mid_up_test,test,111,5.575000000000001,0.05,1.3362500000000002,0.9188983062185971,1724,7,15,0.08862735564367724,0.18307637138337327,0.08120649651972157,0.1740139211136891,0.0858932531918256,0.1792886753848455
mid_up_test,test,112,5.625000000000001,0.05,1.3437500000000002,0.9190140217839708,1702,8,19,0.09171015616657899,0.18307951568416492,0.09400705052878965,0.22326674500587543,0.08882271662695103,0.1792906035888751
mid_up_test,test,113,5.675000000000001,0.05,1.3512500000000003,0.9191175963499076,1675,13,18,0.09483017530179245,0.18308232576801906,0.15522388059701492,0.21492537313432836,0.09178562608266859,0.1792923265114828
mid_up_test,test,114,5.7250000000000005,0.05,1.3587500000000001,0.9192103011554147,1644,9,14,0.09798705326907048,0.18308483749333002,0.1094890510948905,0.170316301703163,0.09478163701036138,0.17929386624255678
mid_up_test,test,115,5.775,0.05,1.36625,0.9192932748520312,1621,8,9,0.10118044126002612,0.1830870828050276,0.0987045033929673,0.1110425663170882,0.09781041558071824,0.17929524244828088
mid_up_test,test,116,5.825000000000001,0.05,1.3737500000000002,0.9193675372289244,1604,13,14,0.10441000088437309,0.18308909017473177,0.16209476309226933,0.17456359102244387,0.10087163813632817,0.17929647264625712
mid_up_test,test,117,5.875000000000001,0.05,1.38125,0.919434001537873,1577,12,14,0.10767540365473081,0.18309088498886067,0.1521876981610653,0.17755231452124284,0.10396499068271357,0.1792975724476123
mid_up_test,test,118,5.925000000000001,0.05,1.3887500000000002,0.9194934855568114,1551,4,10,0.11097633050660084,0.18309248989133076,0.051579626047711144,0.12894906511927787,0.10709016841439836,0.17929855577038928
mid_up_test,test,119,5.9750000000000005,0.05,1.3962500000000002,0.9195467215177225,1537,13,14,0.11431247135047336,0.18309392508655065,0.16916070266753414,0.1821730644111906,0.11024687527296258,0.1792994350279005
mid_up_test,test,120,6.025,0.05,1.40375,0.9195943650127956,1510,6,12,0.11768352465334578,0.18309520860762316,0.07947019867549669,0.15894039735099338,0.11343482353435988,0.17930022129520193
mid_up_test,test,121,6.075000000000001,0.05,1.4112500000000003,0.9196370029818687,1492,13,11,0.12108919704720747,0.1830963565540044,0.17426273458445038,0.14745308310991956,0.11665373342304909,0.17930092445640666
mid_up_test,test,122,6.125000000000001,0.05,1.4187500000000002,0.9196751608742304,1468,9,16,0.12452920296228856,0.18309738330230213,0.12261580381471389,0.217983651226158,0.1199033327507362,0.17930155333518594
mid_up_test,test,123,6.175000000000001,0.05,1.42625,0.919709309068755,1443,5,15,0.12800326428309236,0.18309830169341249,0.0693000693000693,0.20790020790020788,0.12318335657774569,0.1793021158104918
mid_up_test,test,124,6.2250000000000005,0.05,1.4337500000000003,0.919739868628092,1423,10,18,0.13151111002541413,0.18309912319878502,0.14054813773717498,0.25298664792691494,0.12649354689522513,0.1793026189192669
mid_up_test,test,125,6.275,0.05,1.4412500000000001,0.9197672164551092,1395,11,12,0.13505247603272472,0.18309985806824794,0.15770609318996415,0.17204301075268819,0.12983365232656263,0.17930306894768078
mid_up_test,test,126,6.325000000000001,0.05,1.4487500000000002,0.9197916899129883,1372,10,16,0.13862710469044878,0.183100515461526,0.14577259475218657,0.2332361516034985,0.13320342784654932,0.17930347151223205
mid_up_test,test,127,6.375000000000001,0.05,1.4562500000000003,0.9198135909641967,1346,13,7,0.14223474465679622,0.1831011035653175,0.19316493313521546,0.10401188707280833,0.13660263451694798,0.1793038316318926
mid_up_test,test,128,6.425000000000001,0.05,1.46375,0.9198331898779947,1326,12,14,0.1458751506089336,0.18310162969757168,0.18099547511312217,0.21116138763197587,0.1400310392372579,0.1793041537923201
mid_up_test,test,129,6.4750000000000005,0.05,1.4712500000000002,0.9198507285510946,1300,9,9,0.14954808300338465,0.18310210040040975,0.13846153846153847,0.13846153846153847,0.14348841450956804,0.17930444200304327
mid_up_test,test,130,6.525,0.05,1.4787500000000002,0.9198664234815493,1282,9,11,0.15325330784964705,0.18310252152296239,0.14040561622464898,0.17160686427457095,0.14697453821648931,0.17930469984841288
mid_up_test,test,131,6.575000000000001,0.05,1.48625,0.9198804684318532,1262,6,12,0.15699059649610084,0.18310289829524598,0.09508716323296355,0.1901743264659271,0.15048919341124578,0.17930493053301916
mid_up_test,test,132,6.625000000000001,0.05,1.4937500000000001,0.9198930368135516,1244,7,10,0.1607597254273612,0.18310323539407036,0.11254019292604502,0.1607717041800643,0.1540321681190797,0.17930513692219194
mid_up_test,test,133,6.675000000000001,0.05,1.5012500000000002,0.9199042838223308,1227,9,13,0.1645604760722964,0.18310353700185553,0.1466992665036675,0.21189894050529748,0.15760325514919699,0.1793053215781291
mid_up_test,test,134,6.7250000000000005,0.05,1.50875,0.9199143483495843,1205,12,13,0.16839263462200052,0.18310380685913533,0.1991701244813278,0.2157676348547718,0.16120225191654494,0.17930548679213557
mid_up_test,test,135,6.775,0.05,1.51625,0.9199233546937573,1180,12,6,0.17225599185706347,0.18310404831143723,0.2033898305084746,0.1016949152542373,0.1648289602727697,0.17930563461339996
mid_up_test,test,136,6.825000000000001,0.05,1.5237500000000002,0.9199314140923693,1162,14,8,0.17615034298353432,0.18310426435115063,0.24096385542168675,0.13769363166953527,0.16848318634575232,0.17930576687468747
mid_up_test,test,137,6.875000000000001,0.05,1.5312500000000002,0.9199386260934413,1140,13,8,0.18007548747702287,0.18310445765492603,0.22807017543859648,0.14035087719298245,0.17216474038717336,0.17930588521528418
mid_up_test,test,138,6.925000000000001,0.05,1.5387500000000003,0.9199450797831142,1119,9,10,0.18403122893442525,0.18310463061708923,0.16085790884718498,0.17873100983020554,0.17587343662759422,0.17930599110149195
mid_up_test,test,139,6.9750000000000005,0.05,1.5462500000000001,0.9199508548845023,1100,15,8,0.18801737493279957,0.18310478537949976,0.2727272727272727,0.14545454545454545,0.17960909313858547,0.17930608584493848
mid_up_test,test,140,7.025,0.05,1.55,0.9199560227412521,1077,14,12,0.1900217905577983,0.18310492385823493,0.25998142989786444,0.22284122562674094,0.18148697566075567,0.17930617061893794
mid_up_test,test,141,7.075000000000001,0.05,1.55,0.9199606471978827,1051,8,10,0.1900217905577983,0.18310504776744208,0.1522359657469077,0.19029495718363462,0.18148697566075567,0.17930624647311216
mid_up_test,test,142,7.125000000000001,0.05,1.55,0.9199647853877179,1033,9,5,0.1900217905577983,0.18310515864065963,0.17424975798644723,0.09680542110358178,0.18148697566075567,0.1793063143464594
mid_up_test,test,143,7.175000000000001,0.05,1.55,0.9199684884380945,1019,16,16,0.1900217905577983,0.18310525784987966,0.31403336604514226,0.31403336604514226,0.18148697566075567,0.17930637507903607
mid_up_test,test,144,7.2250000000000005,0.05,1.55,0.9199718021015197,987,3,6,0.1900217905577983,0.18310534662259187,0.060790273556231005,0.12158054711246201,0.18148697566075567,0.17930642942240088
mid_up_test,test,145,7.275,0.05,1.55,0.9199747673205412,978,13,12,0.1900217905577983,0.18310542605702368,0.2658486707566462,0.24539877300613494,0.18148697566075567,0.17930647804895242
mid_up_test,test,146,7.325000000000001,0.05,1.55,0.9199774207332859,953,11,7,0.1900217905577983,0.18310549713576912,0.23084994753410282,0.14690451206715632,0.18148697566075567,0.17930652156027882
mid_up_test,test,147,7.375000000000001,0.05,1.55,0.9199797951258927,935,8,6,0.1900217905577983,0.18310556073797774,0.1711229946524064,0.12834224598930483,0.18148697566075567,0.17930656049462423
mid_up_test,test,148,7.425000000000001,0.05,1.55,0.9199819198374088,921,10,7,0.1900217905577983,0.18310561765025543,0.21715526601520085,0.1520086862106406,0.18148697566075567,0.17930659533356624
mid_up_test,test,149,7.4750000000000005,0.05,1.55,0.9199838211221453,904,8,10,0.1900217905577983,0.1831056685764146,0.17699115044247787,0.22123893805309733,0.18148697566075567,0.1793066265079877
mid_up_test,test,150,7.525,0.05,1.55,0.9199855224739548,886,7,11,0.1900217905577983,0.18310571414619567,0.15801354401805867,0.24830699774266363,0.18148697566075567,0.17930665440341823
mid_up_test,test,151,7.575000000000001,0.05,1.55,0.9199870449164314,868,5,3,0.1900217905577983,0.18310575492306802,0.11520737327188939,0.06912442396313363,0.18148697566075567,0.17930667936481173
mid_up_test,test,152,7.625000000000001,0.05,1.55,0.9199884072626098,860,10,3,0.1900217905577983,0.1831057914112085,0.23255813953488372,0.06976744186046512,0.18148697566075567,0.17930670170082005
mid_up_test,test,153,7.675000000000001,0.05,1.55,0.919989626347371,847,6,8,0.1900217905577983,0.18310582406174428,0.14167650531286893,0.18890200708382526,0.18148697566075567,0.17930672168761586
mid_up_test,test,154,7.7250000000000005,0.05,1.55,0.9199907172354193,833,6,9,0.1900217905577983,0.18310585327833748,0.14405762304921968,0.2160864345738295,0.18148697566075567,0.1793067395723121
mid_up_test,test,155,7.775,0.05,1.55,0.9199916934073956,818,7,9,0.1900217905577983,0.18310587942218162,0.1711491442542787,0.22004889975550118,0.18148697566075567,0.17930675557602183
mid_up_test,test,156,7.825000000000001,0.05,1.55,0.9199925669264305,802,14,6,0.1900217905577983,0.18310590281647124,0.34912718204488774,0.14962593516209477,0.18148697566075567,0.1793067698965945
mid_up_test,test,157,7.875000000000001,0.05,1.55,0.9199933485871848,782,6,9,0.1900217905577983,0.18310592375040122,0.1534526854219949,0.23017902813299232,0.18148697566075567,0.17930678271106515
mid_up_test,test,158,7.925000000000001,0.05,1.55,0.9199940480492235,767,5,8,0.1900217905577983,0.1831059424827445,0.1303780964797914,0.2086049543676662,0.18148697566075567,0.17930679417784448
mid_up_test,test,159,7.9750000000000005,0.05,1.55,0.919994673956368,754,9,6,0.1900217905577983,0.1831059592450535,0.23872679045092837,0.15915119363395225,0.18148697566075567,0.17930680443867913
down_test,test,0,0.025,0.05,1.8,0.10267464063705882,3000,50,0,0.33964929479481165,0.00015181188739555725,0.3333333333333333,0.0,0.3208027050516922,7.049299663215518e-05
down_test,test,1,0.07500000000000001,0.05,1.8,0.10298781662816749,2950,45,0,0.33964929479481165,0.00015249204559544745,0.3050847457627119,0.0,0.3208027050516922,7.084487395429498e-05
down_test,test,2,0.125,0.05,1.8,0.10333751292703483,2905,48,0,0.33964929479481165,0.00015325511758240492,0.3304647160068847,0.0,0.3208027050516922,7.123985986701079e-05
down_test,test,3,0.17500000000000002,0.05,1.8,0.10372795118901698,2857,45,0,0.33964929479481165,0.00015411160132888582,0.3150157507875394,0.0,0.3208027050516922,7.168346580516196e-05
down_test,test,4,0.225,0.05,1.8,0.10416383191052267,2812,50,0,0.33964929479481165,0.00015507342089930107,0.3556187766714083,0.0,0.3208027050516922,7.218196504517056e-05
down_test,test,5,0.275,0.05,1.8,0.10465038647126752,2762,60,0,0.33964929479481165,0.0001561541438129587,0.4344677769732078,0.0,0.3208027050516922,7.27425119711456e-05
down_test,test,6,0.32500000000000007,0.05,1.8,0.10519343426717066,2702,36,0,0.33964929479481165,0.0001573692370980193,0.2664692820133235,0.0,0.3208027050516922,7.337328329359037e-05
down_test,test,7,0.37500000000000006,0.05,1.8,0.10579944528766949,2666,47,0,0.33964929479481165,0.000158736370162544,0.35258814703675917,0.0,0.3208027050516922,7.408364599385453e-05
down_test,test,8,0.42500000000000004,0.05,1.8,0.10647560847608346,2619,40,0,0.33964929479481165,0.0001602757745795896,0.3054600992745322,0.0,0.3208027050516922,7.488435796392646e-05
down_test,test,9,0.47500000000000003,0.05,1.8,0.10722990618218418,2579,32,0,0.33964929479481165,0.00016201067339013798,0.24815820085304377,0.0,0.3208027050516922,7.578780884370589e-05
down_test,test,10,0.525,0.05,1.8,0.10807119496811193,2547,33,0,0.33964929479481165,0.00016396779573066433,0.2591283863368669,0.0,0.3208027050516922,7.680831053054748e-05
down_test,test,11,0.5750000000000001,0.05,1.8,0.10900929295708642,2514,36,0,0.33964929479481165,0.00016617799670375113,0.2863961813842482,0.0,0.3208027050516922,7.796244938778848e-05
down_test,test,12,0.6250000000000001,0.05,1.8,0.11005507381281823,2478,34,0,0.33964929479481165,0.00016867700771325421,0.2744148506860371,0.0,0.3208027050516922,7.926951549736253e-05
down_test,test,13,0.675,0.05,1.8,0.11122056729878133,2444,38,0,0.33964929479481165,0.00017150634935902989,0.3109656301145663,0.0,0.3208027050516922,8.075202863977193e-05
down_test,test,14,0.7250000000000001,0.05,1.8,0.11251906618190705,2406,35,1,0.33964929479481165,0.00017471444794005215,0.2909393183707398,0.008312551953449708,0.3208027050516922,8.243638638732121e-05
down_test,test,15,0.775,0.05,1.8,0.1139652390047752,2370,33,0,0.33964929479481165,0.00017835800833899076,0.27848101265822783,0.0,0.3208027050516922,8.43536672354704e-05
down_test,test,16,0.8250000000000001,0.05,1.8,0.11557524794256867,2337,34,0,0.33964929479481165,0.00018250371149479828,0.29097133076593923,0.0,0.3208027050516922,8.654063172225514e-05
down_test,test,17,0.8750000000000001,0.05,1.8,0.11736687057315551,2303,39,0,0.33964929479481165,0.00018723032509685366,0.33868866695614414,0.0,0.3208027050516922,8.904097789736893e-05
down_test,test,18,0.925,0.05,1.8,0.11935962390677697,2264,28,0,0.33964929479481165,0.0001926313433211622,0.24734982332155475,0.0,0.3208027050516922,9.190692555612648e-05
down_test,test,19,0.9750000000000001,0.05,1.8,0.1215748884313797,2236,30,0,0.33964929479481165,0.0001988183078190058,0.26833631484794274,0.0,0.3208027050516922,9.520122811054412e-05
down_test,test,20,1.025,0.05,1.7952083333333333,0.12403602921611218,2206,40,0,0.3365012387878238,0.00020592501115846733,0.36264732547597456,0.0,0.31788606406112624,9.899974431722265e-05
down_test,test,21,1.075,0.05,1.785625,0.12676851026555527,2166,47,0,0.33023640258663706,0.000214112850258976,0.43397968605724835,0.0,0.31208019758282735,0.00010339474785349913
down_test,test,22,1.125,0.05,1.7760416666666667,0.12979999732036157,2119,38,0,0.3240134578404588,0.00022357768772394442,0.3586597451628126,0.0,0.30631106302968786,0.00010849921598269976
down_test,test,23,1.175,0.05,1.7664583333333335,0.13316044315076267,2081,27,1,0.3178326365649893,0.00023455870279728958,0.25949062950504564,0.00961076405574243,0.3005788773129989,0.00011445242654755214
down_test,test,24,1.225,0.05,1.756875,0.1368821480907617,2053,28,1,0.3116941749682783,0.000247349884333853,0.2727715538236727,0.00974184120798831,0.2948838613445265,0.00012142731580539208
down_test,test,25,1.275,0.05,1.7472916666666667,0.14099978712794528,2024,27,0,0.30559831358034084,0.0002623150547737533,0.26679841897233203,0.0,0.2892262401617176,0.00012964022350316277
down_test,test,26,1.325,0.05,1.7377083333333334,0.14555039332924163,1997,26,0,0.2995452973884871,0.0002799076439862831,0.2603905858788182,0.0,0.28360624305847615,0.00013936389854644392
down_test,test,27,1.375,0.05,1.7281250000000001,0.15057328580245627,1971,38,0,0.29353537597869817,0.00030069689428947037,0.38559107052257735,0.0,0.2780241037218313,0.00015094499172781534
down_test,test,28,1.425,0.05,1.7185416666666666,0.15610992885294553,1933,20,0,0.28756880368339816,0.00032540282957624377,0.20693222969477496,0.0,0.2724800603748451,0.00016482777021215102
down_test,test,29,1.475,0.05,1.7089583333333334,0.1622037076174197,1913,22,0,0.28164583973600316,0.00035494324402720397,0.23000522739153162,0.0,0.2669743559261305,0.00018158652461759822
down_test,test,30,1.525,0.05,1.699375,0.16889960440937585,1891,23,0,0.27576674843265114,0.00039049727742419046,0.24325753569539924,0.0,0.2615072381263778,0.00020197021215252926
down_test,test,31,1.575,0.05,1.6897916666666668,0.17624375950828583,1868,19,0,0.2699317993015503,0.0004335920148967133,0.20342612419700212,0.0,0.25607895973232025,0.00022696445069587837
down_test,test,32,1.625,0.05,1.6802083333333333,0.1842829004321464,1849,18,0,0.2641412672804158,0.0004862212237709541,0.1946998377501352,0.0,0.2506897786785994,0.0002578782918342367
down_test,test,33,1.675,0.05,1.670625,0.1930636251594675,1831,28,0,0.25839543290249867,0.0005510091682706935,0.3058438012015292,0.0,0.2453399582580261,0.0002964666187060488
down_test,test,34,1.725,0.05,1.6610416666666667,0.20263152765149767,1803,19,0,0.25269458249175164,0.000631437916523987,0.2107598447032723,0.0,0.24002976731077402,0.00034510407741361414
down_test,test,35,1.775,0.05,1.6514583333333335,0.21303015871124725,1784,23,0,0.2470390083677202,0.0007321643545697213,0.25784753363228696,0.0,0.23475948042308303,0.0004070339567054351
down_test,test,36,1.825,0.05,1.6418750000000002,0.2242998220072152,1761,17,0,0.241429009060792,0.0008594641613764654,0.19307211811470754,0.0,0.22952937813609758,0.000486726541744088
down_test,test,37,1.875,0.05,1.6322916666666667,0.23647621419449216,1744,19,1,0.23586488953849039,0.0010218554372301676,0.21788990825688073,0.01146788990825688,0.2243397471655145,0.0005903978380955605
down_test,test,38,1.925,0.05,1.6227083333333334,0.2495889295212122,1724,24,0,0.23034696144355463,0.001230975851587627,0.27842227378190254,0.0,0.2191908806327728,0.0007267634568745416
down_test,test,39,1.975,0.05,1.6131250000000001,0.2636598628960607,1700,16,0,0.22487554334460963,0.0015028153119195332,0.18823529411764706,0.0,0.21408307830857606,0.0009081367694307992
down_test,test,40,2.025,0.05,1.6035416666666666,0.27870156055530226,1684,20,0,0.21945096100029848,0.0018594416050765259,0.2375296912114014,0.0,0.2090166468696104,0.0011520284106765351
down_test,test,41,2.075,0.05,1.5939583333333334,0.2947155832420001,1664,20,0,0.21407354763782555,0.0023313969681877027,0.24038461538461536,0.0,0.2039919001693914,0.0014834682631692613
down_test,test,42,2.125,0.05,1.584375,0.3116909617991538,1644,24,1,0.20874364424693803,0.00296098063910611,0.291970802919708,0.0121654501216545,0.19900915952425638,0.0019383497671370392
down_test,test,43,2.175,0.05,1.5747916666666668,0.3296028374914135,1619,22,0,0.20346159989047125,0.003806644588806683,0.2717726991970352,0.0,0.19406875401561294,0.002568177412378444
down_test,test,44,2.225,0.05,1.5652083333333333,0.34841138714836606,1597,16,0,0.19822777203267888,0.0049486703976229255,0.2003757044458359,0.0,0.1891710208096504,0.0034466433870563185
down_test,test,45,2.275,0.05,1.555625,0.36806113426776965,1581,21,0,0.19304252688668583,0.00649607546264496,0.2656546489563567,0.0,0.18431630549583716,0.004678376376169554
down_test,test,46,2.325,0.05,1.5460416666666668,0.38848073971172936,1560,15,0,0.18790623978252313,0.008594165149500628,0.19230769230769232,0.0,0.17950496244564731,0.006409802136791379
down_test,test,47,2.375,0.05,1.5364583333333335,0.4095833484144792,1545,11,1,0.18281929555734744,0.011431089787577505,0.1423948220064725,0.012944983818770227,0.17473735519310243,0.008840984105410192
down_test,test,48,2.4250000000000003,0.05,1.526875,0.4312675414722563,1533,13,2,0.177782088969599,0.015239978063196139,0.16960208741030658,0.02609262883235486,0.1700138568388659,0.012235063269904662
down_test,test,49,2.475,0.05,1.5172916666666667,0.45341890729408374,1518,9,3,0.17279502513902759,0.02029076934909763,0.11857707509881422,0.03952569169960474,0.16533485047980026,0.01691804120426304
down_test,test,50,2.525,0.05,1.5077083333333334,0.475912203762224,1506,8,0,0.16785852001470836,0.02686366746329584,0.10624169986719788,0.0,0.16070072966609147,0.02325658596205666
down_test,test,51,2.575,0.05,1.498125,0.4986140394482761,1498,14,0,0.16297300087338779,0.035196697348863305,0.18691588785046728,0.0,0.1561118988882613,0.031598377645072714
down_test,test,52,2.625,0.05,1.4885416666666669,0.5213859605517239,1484,9,3,0.15813890685074475,0.04540724193295822,0.12129380053908355,0.04043126684636118,0.15156877409663175,0.04216579159325854
down_test,test,53,2.6750000000000003,0.05,1.4789583333333334,0.544087796237776,1472,12,6,0.15335668950842254,0.057404366904360515,0.16304347826086954,0.08152173913043477,0.14707178325607823,0.05491883463911439
down_test,test,54,2.725,0.05,1.469375,0.5665810927059162,1454,6,3,0.14862681344000603,0.07082969247015532,0.08253094910591471,0.04126547455295736,0.14262136693922323,0.06944486439428928
down_test,test,55,2.775,0.05,1.4597916666666668,0.5887324585277437,1445,6,6,0.14394975691945824,0.0850714068424779,0.08304498269896193,0.08304498269896193,0.13821797896156504,0.08495858325659272
down_test,test,56,2.825,0.05,1.4502083333333333,0.6104166515855208,1433,8,7,0.13932601259593871,0.09936975807420756,0.11165387299371946,0.09769713886950453,0.1338620870624408,0.10045774772544827
down_test,test,57,2.875,0.05,1.440625,0.6315192602882705,1418,15,10,0.13475608823937174,0.11298036036397117,0.21156558533145273,0.1410437235543018,0.129554173636172,0.11497964122427413
down_test,test,58,2.9250000000000003,0.05,1.4310416666666668,0.6519388657322304,1393,6,10,0.1302405075416488,0.12532445850549284,0.08614501076812633,0.14357501794687724,0.12529473651825504,0.12782765480019304
down_test,test,59,2.975,0.05,1.4214583333333335,0.671588612851634,1377,11,8,0.12577981097894073,0.13606696664887336,0.1597676107480029,0.11619462599854755,0.1210842898320531,0.13866595552418953
down_test,test,60,3.025,0.05,1.4118750000000002,0.6903971625085863,1358,13,8,0.1213745567412674,0.14511067665644625,0.1914580265095729,0.117820324005891,0.1169233649021175,0.14747820231525555
down_test,test,61,3.075,0.05,1.4022916666666667,0.7083090382008462,1337,9,8,0.11702532173624815,0.15253608361039725,0.13462976813762154,0.11967090501121913,0.11281251124104631,0.15445621395386577
down_test,test,62,3.125,0.05,1.3927083333333334,0.7252844167579998,1320,10,9,0.11273270267485112,0.15852649644170985,0.15151515151515152,0.13636363636363635,0.1087522976176849,0.15988685819071638
down_test,test,63,3.1750000000000003,0.05,1.3831250000000002,0.7412984394446976,1301,5,9,0.10849731724799144,0.16330521709608956,0.0768639508070715,0.13835511145272866,0.1047433132155082,0.1640716713193201
down_test,test,64,3.225,0.05,1.3735416666666667,0.7563401371039393,1287,11,9,0.1043198054040296,0.1670941593663128,0.17094017094017092,0.13986013986013984,0.10078616889123383,0.16728320963381124
down_test,test,65,3.275,0.05,1.3639583333333334,0.7704110704787878,1267,3,15,0.1002008307386165,0.17009203260073044,0.0473559589581689,0.23677979479084452,0.09688149854511607,0.1697482948031623
down_test,test,66,3.325,0.05,1.354375,0.7835237858055079,1249,6,8,0.09614108200996305,0.1724661542952985,0.09607686148919135,0.12810248198558846,0.09302996061601296,0.17164665255869269
down_test,test,67,3.375,0.05,1.3447916666666668,0.7957001779927847,1235,8,8,0.09214127479453046,0.17435212709755865,0.12955465587044535,0.12955465587044535,0.08923223971625058,0.1731165426269462
down_test,test,68,3.4250000000000003,0.05,1.3352083333333333,0.8069698412887527,1219,6,13,0.08820215330039034,0.17585725562742288,0.09844134536505332,0.2132895816242822,0.08548904842357832,0.17426250421506193
down_test,test,69,3.475,0.05,1.325625,0.8173684723485023,1200,2,9,0.0843244923581757,0.17706523047835532,0.03333333333333333,0.15,0.08180112925020429,0.1751628596685766
down_test,test,70,3.525,0.05,1.3160416666666668,0.8269363748405323,1189,5,11,0.08050909961271448,0.17804079999805084,0.08410428931875526,0.18502943650126155,0.07816925681209948,0.17587607500276425
down_test,test,71,3.575,0.05,1.3064583333333335,0.8357170995678536,1173,4,4,0.07675681794222976,0.17883387759950875,0.0682011935208866,0.0682011935208866,0.07459424022559052,0.17644579916327077
down_test,test,72,3.625,0.05,1.296875,0.8437562404917142,1165,7,9,0.07306852813653517,0.17948292370207036,0.12017167381974249,0.15450643776824036,0.07107692576285533,0.17690470826460292
down_test,test,73,3.6750000000000003,0.05,1.2872916666666667,0.8511003955906241,1149,2,8,0.0694451518711449,0.1800176270879065,0.034812880765883375,0.1392515230635335,0.0676181998034911,0.17727737514085742
down_test,test,74,3.725,0.05,1.2777083333333334,0.8577962923825803,1139,7,13,0.06588765502087467,0.18046098322996176,0.12291483757682177,0.228270412642669,0.06421899212606744,0.177582385598127
down_test,test,75,3.775,0.05,1.2681250000000002,0.8638900711470544,1119,4,10,0.06239705136464429,0.180830883715632,0.07149240393208221,0.17873100983020554,0.06088027959182177,0.17783388988524007
down_test,test,76,3.825,0.05,1.2585416666666667,0.8694267141975437,1105,2,12,0.05897440674317919,0.1811413227049748,0.03619909502262444,0.2171945701357466,0.05760309028278802,0.17804273800553388
down_test,test,77,3.875,0.05,1.2489583333333334,0.8744496066707582,1091,2,10,0.05562084374366989,0.18140330950735264,0.03666361136571952,0.18331805682859761,0.05438850816920501,0.1782173112643548
down_test,test,78,3.9250000000000003,0.05,1.239375,0.8790002128720547,1079,2,10,0.052337547000847987,0.18162555836413882,0.03707136237256719,0.18535681186283595,0.05123767839670757,0.17836413305540302
down_test,test,79,3.975,0.05,1.2297916666666668,0.8831178519092382,1067,4,5,0.049125769223284974,0.18181501046724086,0.07497656982193064,0.09372071227741331,0.04815181330349468,0.17848831936190285
down_test,test,80,4.025,0.05,1.2202083333333333,0.8868395568492372,1058,2,10,0.045986838078216394,0.18197723004510988,0.03780718336483931,0.18903591682419657,0.04513219930262881,0.1785939127222453
down_test,test,81,4.075,0.05,1.210625,0.8902000026796384,1046,3,6,0.04292216409951545,0.18211670597511206,0.05736137667304015,0.1147227533460803,0.042180204796569254,0.17868413121557272
down_test,test,82,4.125000000000001,0.05,1.2010416666666666,0.8932314897344447,1037,2,8,0.03993324982384971,0.18223708244040993,0.03857280617164899,0.15429122468659595,0.0392972893323117,0.17876155522369477
down_test,test,83,4.175000000000001,0.05,1.1914583333333333,0.8959639707838878,1027,2,11,0.0370217004127828,0.1823413361660439,0.03894839337877312,0.21421616358325218,0.03648501425942121,0.1788282684093991
down_test,test,84,4.2250000000000005,0.05,1.181875,0.8984251115686201,1014,0,9,0.03418923608814423,0.1824319133022495,0.0,0.17751479289940827,0.033745055224465505,0.17888596482531433
down_test,test,85,4.275,0.05,1.1722916666666667,0.9006403760932229,1005,0,11,0.031437706800954174,0.18251083570567672,0.0,0.21890547263681592,0.03107921693066311,0.17893603082285323
down_test,test,86,4.325,0.05,1.1627083333333332,0.9026331294268445,994,1,6,0.028769109680129346,0.1825797839108452,0.02012072434607646,0.12072434607645875,0.02848945072085853,0.17897960809973132
down_test,test,87,4.375000000000001,0.05,1.153125,0.9044247520574312,987,1,9,0.026185609980437386,0.18264016226277915,0.020263424518743668,0.182370820668693,0.02597787572006126,0.17901764254439262
down_test,test,88,4.425000000000001,0.05,1.1435416666666667,0.9060347609952248,977,2,12,0.02368956649150363,0.18269315033060396,0.04094165813715455,0.24564994882292732,0.02354680452334384,0.17905092231970474
down_test,test,89,4.4750000000000005,0.05,1.1339583333333334,0.9074809338180929,963,0,6,0.02128356271507796,0.18273974371726562,0.0,0.12461059190031151,0.021198774771179048,0.17908010774416439
down_test,test,90,4.525,0.05,1.1243750000000001,0.9087794327012186,957,2,10,0.01897044562048891,0.18278078663130498,0.04179728317659352,0.2089864158829676,0.018936588473764504,0.17910575488277958
down_test,test,91,4.575,0.05,1.1147916666666666,0.9099449261871817,945,0,12,0.016753374537417324,0.18281699802585832,0.0,0.25396825396825395,0.016763361721495725,0.17912833428516972
down_test,test,92,4.625000000000001,0.05,1.1052083333333331,0.9109907070429135,933,1,6,0.014635883892092055,0.18284899268869897,0.02143622722400857,0.12861736334405144,0.014682588608522743,0.17914824595785217
down_test,test,93,4.675000000000001,0.05,1.095625,0.911928805031888,926,0,8,0.012621965303999401,0.18287729834919036,0.0,0.17278617710583152,0.012698225078943266,0.17916583139730466
down_test,test,94,4.7250000000000005,0.05,1.0860416666666666,0.9127700938178157,918,1,5,0.010716177524016652,0.1829023696270572,0.021786492374727667,0.10893246187363834,0.010814801493406894,0.17918138331593217
down_test,test,95,4.775,0.05,1.0764583333333333,0.9135243915239165,912,0,15,0.008923797754355254,0.18292459946444442,0.0,0.3289473684210526,0.009037577999141524,0.1791951535470299
down_test,test,96,4.825000000000001,0.05,1.066875,0.9142005547123305,897,0,7,0.0072510369742138855,0.1829443285424549,0.0,0.15607580824972128,0.007372766301791673,0.1792073595045676
down_test,test,97,4.875000000000001,0.05,1.0572916666666665,0.9148065657328293,890,1,12,0.005705359236802932,0.18296185307559687,0.02247191011235955,0.2696629213483146,0.005827859660316616,0.17921818948990967
down_test,test,98,4.925000000000001,0.05,1.0477083333333335,0.9153496135287325,877,0,5,0.004295980655222899,0.18297743129441962,0.0,0.11402508551881413,0.0044121506269373485,0.17922780707370436
down_test,test,99,4.9750000000000005,0.05,1.038125,0.9158361680894772,872,1,10,0.0030347051977750294,0.18299128886216381,0.02293577981651376,0.2293577981651376,0.0031376022445516786,0.17923635473216964
down_test,test,100,5.025,0.05,1.0285416666666667,0.916272048810983,861,0,8,0.0019374664844488353,0.18300362342107626,0.0,0.18583042973286873,0.002020464049697583,0.17924395687922623
down_test,test,101,5.075000000000001,0.05,1.0189583333333334,0.9166624870729652,853,0,9,0.001027617466841818,0.18301460842480513,0.0,0.21101992966002342,0.0010847443360544348,0.17925072240665493
down_test,test,102,5.125000000000001,0.05,1.009375,0.9170121833718324,844,0,13,0.00034498222254177496,0.18302439638248216,0.0,0.30805687203791465,0.00037185963637102553,0.1792567468216722
down_test,test,103,5.175000000000001,0.05,0.9997916666666666,0.917325359362941,831,0,9,0.0,0.18303312161580526,0.0,0.21660649819494582,0.0,0.17926211405349582
down_test,test,104,5.2250000000000005,0.05,0.9902083333333334,0.9176058051702385,822,0,10,0.0,0.18304090261119466,0.0,0.24330900243309,0.0,0.17926689798647025
down_test,test,105,5.275,0.05,0.9806250000000001,0.9178569223174656,812,0,9,0.0,0.18304784403380225,0.0,0.22167487684729062,0.0,0.17927116376627203
down_test,test,106,5.325000000000001,0.05,0.9710416666666666,0.9180817626253309,803,0,9,0.0,0.18305403845794024,0.0,0.224159402241594,0.0,0.17927496891695613
down_test,test,107,5.375000000000001,0.05,0.9614583333333332,0.9182830634051596,794,0,8,0.0,0.18305956785870936,0.0,0.20151133501259444,0.0,0.17927836429963165
down_test,test,108,5.425000000000001,0.05,0.9518749999999999,0.9184632792628714,786,0,11,0.0,0.18306450490172863,0.0,0.2798982188295165,0.0,0.17928139493798065
down_test,test,109,5.4750000000000005,0.05,0.9422916666666666,0.9186246108087791,775,0,10,0.0,0.18306891406150735,0.0,0.25806451612903225,0.0,0.1792841007313602
down_test,test,110,5.525,0.05,0.9327083333333334,0.9187690305494756,765,0,4,0.0,0.18307285259383613,0.0,0.10457516339869281,0.0,0.17928651707261964
down_test,test,111,5.575000000000001,0.05,0.9231249999999999,0.9188983062185971,761,0,5,0.0,0.18307637138337327,0.0,0.13140604467805517,0.0,0.1792886753848455
down_test,test,112,5.625000000000001,0.05,0.9135416666666666,0.9190140217839708,756,0,10,0.0,0.18307951568416492,0.0,0.26455026455026454,0.0,0.1792906035888751
down_test,test,113,5.675000000000001,0.05,0.9039583333333333,0.9191175963499076,746,0,2,0.0,0.18308232576801906,0.0,0.053619302949061656,0.0,0.1792923265114828
down_test,test,114,5.7250000000000005,0.05,0.894375,0.9192103011554147,744,0,8,0.0,0.18308483749333002,0.0,0.2150537634408602,0.0,0.17929386624255678
down_test,test,115,5.775,0.05,0.8847916666666668,0.9192932748520312,736,0,7,0.0,0.1830870828050276,0.0,0.1902173913043478,0.0,0.17929524244828088
down_test,test,116,5.825000000000001,0.05,0.8752083333333333,0.9193675372289244,729,0,3,0.0,0.18308909017473177,0.0,0.0823045267489712,0.0,0.17929647264625712
down_test,test,117,5.875000000000001,0.05,0.865625,0.919434001537873,726,0,4,0.0,0.18309088498886067,0.0,0.11019283746556473,0.0,0.1792975724476123
down_test,test,118,5.925000000000001,0.05,0.8560416666666667,0.9194934855568114,722,0,2,0.0,0.18309248989133076,0.0,0.055401662049861494,0.0,0.17929855577038928
down_test,test,119,5.9750000000000005,0.05,0.8464583333333334,0.9195467215177225,720,0,5,0.0,0.18309392508655065,0.0,0.1388888888888889,0.0,0.1792994350279005
down_test,test,120,6.025,0.05,0.8368750000000001,0.9195943650127956,715,0,9,0.0,0.18309520860762316,0.0,0.2517482517482518,0.0,0.17930022129520193
down_test,test,121,6.075000000000001,0.05,0.8272916666666665,0.9196370029818687,706,0,6,0.0,0.1830963565540044,0.0,0.16997167138810196,0.0,0.17930092445640666
down_test,test,122,6.125000000000001,0.05,0.8177083333333333,0.9196751608742304,700,0,2,0.0,0.18309738330230213,0.0,0.05714285714285714,0.0,0.17930155333518594
down_test,test,123,6.175000000000001,0.05,0.808125,0.919709309068755,698,0,4,0.0,0.18309830169341249,0.0,0.11461318051575932,0.0,0.1793021158104918
down_test,test,124,6.2250000000000005,0.05,0.7985416666666667,0.919739868628092,694,0,4,0.0,0.18309912319878502,0.0,0.11527377521613832,0.0,0.1793026189192669
down_test,test,125,6.275,0.05,0.7889583333333334,0.9197672164551092,690,0,7,0.0,0.18309985806824794,0.0,0.2028985507246377,0.0,0.17930306894768078
down_test,test,126,6.325000000000001,0.05,0.7793749999999999,0.9197916899129883,683,0,8,0.0,0.183100515461526,0.0,0.2342606149341142,0.0,0.17930347151223205
down_test,test,127,6.375000000000001,0.05,0.7697916666666667,0.9198135909641967,675,0,4,0.0,0.1831011035653175,0.0,0.11851851851851852,0.0,0.1793038316318926
down_test,test,128,6.425000000000001,0.05,0.7602083333333334,0.9198331898779947,671,0,7,0.0,0.18310162969757168,0.0,0.2086438152011922,0.0,0.1793041537923201
down_test,test,129,6.4750000000000005,0.05,0.7506250000000001,0.9198507285510946,664,0,5,0.0,0.18310210040040975,0.0,0.1506024096385542,0.0,0.17930444200304327
down_test,test,130,6.525,0.05,0.7410416666666668,0.9198664234815493,659,0,4,0.0,0.18310252152296239,0.0,0.12139605462822457,0.0,0.17930469984841288
down_test,test,131,6.575000000000001,0.05,0.7314583333333333,0.9198804684318532,655,0,9,0.0,0.18310289829524598,0.0,0.2748091603053435,0.0,0.17930493053301916
down_test,test,132,6.625000000000001,0.05,0.721875,0.9198930368135516,646,0,9,0.0,0.18310323539407036,0.0,0.27863777089783276,0.0,0.17930513692219194
down_test,test,133,6.675000000000001,0.05,0.7122916666666668,0.9199042838223308,637,0,7,0.0,0.18310353700185553,0.0,0.21978021978021978,0.0,0.1793053215781291
down_test,test,134,6.7250000000000005,0.05,0.7027083333333335,0.9199143483495843,630,0,7,0.0,0.18310380685913533,0.0,0.2222222222222222,0.0,0.17930548679213557
down_test,test,135,6.775,0.05,0.6931250000000002,0.9199233546937573,623,0,8,0.0,0.18310404831143723,0.0,0.2568218298555377,0.0,0.17930563461339996
down_test,test,136,6.825000000000001,0.05,0.6835416666666665,0.9199314140923693,615,0,7,0.0,0.18310426435115063,0.0,0.22764227642276422,0.0,0.17930576687468747
down_test,test,137,6.875000000000001,0.05,0.6739583333333332,0.9199386260934413,608,0,11,0.0,0.18310445765492603,0.0,0.36184210526315785,0.0,0.17930588521528418
down_test,test,138,6.925000000000001,0.05,0.6643749999999999,0.9199450797831142,597,0,7,0.0,0.18310463061708923,0.0,0.23450586264656614,0.0,0.17930599110149195
down_test,test,139,6.9750000000000005,0.05,0.6547916666666667,0.9199508548845023,590,0,10,0.0,0.18310478537949976,0.0,0.3389830508474576,0.0,0.17930608584493848
down_test,test,140,7.025,0.05,0.6500000000000001,0.9199560227412521,580,0,5,0.0,0.18310492385823493,0.0,0.1724137931034483,0.0,0.17930617061893794
down_test,test,141,7.075000000000001,0.05,0.6500000000000001,0.9199606471978827,575,0,7,0.0,0.18310504776744208,0.0,0.24347826086956523,0.0,0.17930624647311216
down_test,test,142,7.125000000000001,0.05,0.6500000000000001,0.9199647853877179,568,0,9,0.0,0.18310515864065963,0.0,0.3169014084507042,0.0,0.1793063143464594
down_test,test,143,7.175000000000001,0.05,0.6500000000000001,0.9199684884380945,559,0,3,0.0,0.18310525784987966,0.0,0.1073345259391771,0.0,0.17930637507903607
down_test,test,144,7.2250000000000005,0.05,0.6500000000000001,0.9199718021015197,556,0,6,0.0,0.18310534662259187,0.0,0.2158273381294964,0.0,0.17930642942240088
down_test,test,145,7.275,0.05,0.6500000000000001,0.9199747673205412,550,0,2,0.0,0.18310542605702368,0.0,0.07272727272727272,0.0,0.17930647804895242
down_test,test,146,7.325000000000001,0.05,0.6500000000000001,0.9199774207332859,548,0,0,0.0,0.18310549713576912,0.0,0.0,0.0,0.17930652156027882
down_test,test,147,7.375000000000001,0.05,0.6500000000000001,0.9199797951258927,548,0,8,0.0,0.18310556073797774,0.0,0.291970802919708,0.0,0.17930656049462423
down_test,test,148,7.425000000000001,0.05,0.6500000000000001,0.9199819198374088,540,0,4,0.0,0.18310561765025543,0.0,0.14814814814814814,0.0,0.17930659533356624
down_test,test,149,7.4750000000000005,0.05,0.6500000000000001,0.9199838211221453,536,0,5,0.0,0.1831056685764146,0.0,0.18656716417910446,0.0,0.1793066265079877
down_test,test,150,7.525,0.05,0.6500000000000001,0.9199855224739548,531,0,8,0.0,0.18310571414619567,0.0,0.3013182674199623,0.0,0.17930665440341823
down_test,test,151,7.575000000000001,0.05,0.6500000000000001,0.9199870449164314,523,0,2,0.0,0.18310575492306802,0.0,0.07648183556405352,0.0,0.17930667936481173
down_test,test,152,7.625000000000001,0.05,0.6500000000000001,0.9199884072626098,521,0,5,0.0,0.1831057914112085,0.0,0.19193857965451055,0.0,0.17930670170082005
down_test,test,153,7.675000000000001,0.05,0.6500000000000001,0.919989626347371,516,0,3,0.0,0.18310582406174428,0.0,0.11627906976744186,0.0,0.17930672168761586
down_test,test,154,7.7250000000000005,0.05,0.6500000000000001,0.9199907172354193,513,0,6,0.0,0.18310585327833748,0.0,0.23391812865497075,0.0,0.1793067395723121
down_test,test,155,7.775,0.05,0.6500000000000001,0.9199916934073956,507,0,6,0.0,0.18310587942218162,0.0,0.23668639053254437,0.0,0.17930675557602183
down_test,test,156,7.825000000000001,0.05,0.6500000000000001,0.9199925669264305,501,0,7,0.0,0.18310590281647124,0.0,0.27944111776447106,0.0,0.1793067698965945
down_test,test,157,7.875000000000001,0.05,0.6500000000000001,0.9199933485871848,494,0,2,0.0,0.18310592375040122,0.0,0.08097165991902833,0.0,0.17930678271106515
down_test,test,158,7.925000000000001,0.05,0.6500000000000001,0.9199940480492235,492,0,4,0.0,0.1831059424827445,0.0,0.16260162601626016,0.0,0.17930679417784448
down_test,test,159,7.9750000000000005,0.05,0.6500000000000001,0.919994673956368,488,0,2,0.0,0.1831059592450535,0.0,0.08196721311475409,0.0,0.17930680443867913
