law,model,held_out,condition,diameter_mm,volume_fraction
retained_satellites,size_only,LL,LL,0.00032430864012639686,2.1815303214066543e-13
retained_satellites,size_only,LL,LL,0.00037332640159811636,1.7354429808441205e-12
retained_satellites,size_only,LL,LL,0.00042975297258771353,6.955463548775972e-12
retained_satellites,size_only,LL,LL,0.0004947081606266652,2.110550772697871e-11
retained_satellites,size_only,LL,LL,0.0005694810270117846,5.147705611372612e-11
retained_satellites,size_only,LL,LL,0.0006555554687345028,1.0590171703448239e-10
retained_satellites,size_only,LL,LL,0.000754639667001268,1.907076364986036e-10
retained_satellites,size_only,LL,LL,0.0008686999867625583,3.2029515813769996e-10
retained_satellites,size_only,LL,LL,0.0010000000000000002,7.998719894301651e-10
retained_satellites,size_only,LL,LL,0.001151145407204123,3.4734242055495364e-09
retained_satellites,size_only,LL,LL,0.0013251357485271446,1.3244311739065597e-08
retained_satellites,size_only,LL,LL,0.0015254239308390184,3.95758737908554e-08
retained_satellites,size_only,LL,LL,0.0017559847520245955,9.752852375624902e-08
retained_satellites,size_only,LL,LL,0.0020213937824135834,2.0428631475859612e-07
retained_satellites,size_only,LL,LL,0.0023269181687763643,3.718587698734545e-07
retained_satellites,size_only,LL,LL,0.0026786211629267367,6.045254139676296e-07
retained_satellites,size_only,LL,LL,0.003083482449342879,9.064119197501949e-07
retained_satellites,size_only,LL,LL,0.003549536659755571,1.2907851689305768e-06
retained_satellites,size_only,LL,LL,0.0040860328235802846,1.7847363514966036e-06
retained_satellites,size_only,LL,LL,0.004703617918549738,2.431564099707139e-06
retained_satellites,size_only,LL,LL,0.005414548164181547,3.2963047035552897e-06
retained_satellites,size_only,LL,LL,0.006232932251283096,4.4778594954588836e-06
retained_satellites,size_only,LL,LL,0.007175011334478982,6.126910333775537e-06
retained_satellites,size_only,LL,LL,0.008259481344323003,8.475254273579686e-06
retained_satellites,size_only,LL,LL,0.009507864015405551,1.2422430776396038e-05
retained_satellites,size_only,LL,LL,0.010944933993655438,5.8884373950833976e-05
retained_satellites,size_only,LL,LL,0.012599210498948734,0.00048124528164918454
retained_satellites,size_only,LL,LL,0.014503523300262798,0.0014586906099160709
retained_satellites,size_only,LL,LL,0.016695664235375485,0.002206729311637503
retained_satellites,size_only,LL,LL,0.019219137204774604,0.0027685055365431342
retained_satellites,size_only,LL,LL,0.022124021523702166,0.003660712939692239
retained_satellites,size_only,LL,LL,0.025467965765894884,0.004828614556505915
retained_satellites,size_only,LL,LL,0.02931733182224172,0.006175273266460491
retained_satellites,size_only,LL,LL,0.033748511878652805,0.007806060142044553
retained_satellites,size_only,LL,LL,0.038849444449084954,0.009859156974070976
retained_satellites,size_only,LL,LL,0.0447213595499958,0.012409905083720073
retained_satellites,size_only,LL,LL,0.051480787649901855,0.015393872539012927
retained_satellites,size_only,LL,LL,0.05926187226243524,0.018506919717422906
retained_satellites,size_only,LL,LL,0.06821903207721966,0.021340240951843493
retained_satellites,size_only,LL,LL,0.07853002545960214,0.023584146432467017
retained_satellites,size_only,LL,LL,0.09039947813544373,0.02512235155581885
retained_satellites,size_only,LL,LL,0.10406294406926557,0.026176572368132405
retained_satellites,size_only,LL,LL,0.11979158012547445,0.02724024923488307
retained_satellites,size_only,LL,LL,0.13789752728316457,0.02890368129117353
retained_satellites,size_only,LL,LL,0.15874010519681997,0.03163568053826311
retained_satellites,size_only,LL,LL,0.18273294303641843,0.036136779311715106
retained_satellites,size_only,LL,LL,0.21035218812126566,0.043490733471025715
retained_satellites,size_only,LL,LL,0.24214595525113236,0.05284155702824959
retained_satellites,size_only,LL,LL,0.27874520426039606,0.06085072042121543
retained_satellites,size_only,LL,LL,0.32087626166452965,0.0650047038784129
retained_satellites,size_only,LL,LL,0.36937523489595164,0.06455196657543112
retained_satellites,size_only,LL,LL,0.42520460518541836,0.06174694894785287
retained_satellites,size_only,LL,LL,0.48947232838123617,0.05851591395807291
retained_satellites,size_only,LL,LL,0.5634538227695682,0.054793476589215476
retained_satellites,size_only,LL,LL,0.6486172802527936,0.050120758998572615
retained_satellites,size_only,LL,LL,0.7466528031962326,0.04414961399967931
retained_satellites,size_only,LL,LL,0.8595059451754261,0.03729134818905979
retained_satellites,size_only,LL,LL,0.9894163212533295,0.03077203205975215
retained_satellites,size_only,LL,LL,1.138962054023569,0.024674964450217066
retained_satellites,size_only,LL,LL,1.3111109374690053,0.018662772568031602
retained_satellites,size_only,LL,LL,1.5092793340025346,0.012919703074276952
retained_satellites,size_only,LL,LL,1.7373999735251147,0.007873569394445295
retained_satellites,size_only,LL,LL,2.0,0.0039574196002415225
retained_satellites,size_only,LL,LL,2.3022908144082455,0.001506666835059783
retained_satellites,size_only,LL,LL,2.6502714970542867,0.0004004360988744181
retained_satellites,size_only,LL,LL,3.0508478616780366,6.96897228642165e-05
retained_satellites,size_only,LL,LL,3.5119695040491905,7.638925641393686e-06
retained_satellites,size_only,LL,LL,4.042787564827166,5.218423690994863e-07
retained_satellites,size_only,LL,LL,4.653836337552724,2.247225041087884e-08
retained_satellites,size_only,LL,LL,5.3572423258534725,6.342420812638356e-10
retained_satellites,size_only,LL,ML,0.00032430864012639686,2.1815303214066543e-13
retained_satellites,size_only,LL,ML,0.00037332640159811636,1.7354429808441205e-12
retained_satellites,size_only,LL,ML,0.00042975297258771353,6.955463548775972e-12
retained_satellites,size_only,LL,ML,0.0004947081606266652,2.110550772697871e-11
retained_satellites,size_only,LL,ML,0.0005694810270117846,5.147705611372612e-11
retained_satellites,size_only,LL,ML,0.0006555554687345028,1.0590171703448239e-10
retained_satellites,size_only,LL,ML,0.000754639667001268,1.907076364986036e-10
retained_satellites,size_only,LL,ML,0.0008686999867625583,3.2029515813769996e-10
retained_satellites,size_only,LL,ML,0.0010000000000000002,7.998719894301651e-10
retained_satellites,size_only,LL,ML,0.001151145407204123,3.4734242055495364e-09
retained_satellites,size_only,LL,ML,0.0013251357485271446,1.3244311739065597e-08
retained_satellites,size_only,LL,ML,0.0015254239308390184,3.95758737908554e-08
retained_satellites,size_only,LL,ML,0.0017559847520245955,9.752852375624902e-08
retained_satellites,size_only,LL,ML,0.0020213937824135834,2.0428631475859612e-07
retained_satellites,size_only,LL,ML,0.0023269181687763643,3.718587698734545e-07
retained_satellites,size_only,LL,ML,0.0026786211629267367,6.045254139676296e-07
retained_satellites,size_only,LL,ML,0.003083482449342879,9.064119197501949e-07
retained_satellites,size_only,LL,ML,0.003549536659755571,1.2907851689305768e-06
retained_satellites,size_only,LL,ML,0.0040860328235802846,1.7847363514966036e-06
retained_satellites,size_only,LL,ML,0.004703617918549738,2.431564099707139e-06
retained_satellites,size_only,LL,ML,0.005414548164181547,3.2963047035552897e-06
retained_satellites,size_only,LL,ML,0.006232932251283096,4.4778594954588836e-06
retained_satellites,size_only,LL,ML,0.007175011334478982,6.126910333775537e-06
retained_satellites,size_only,LL,ML,0.008259481344323003,8.475254273579686e-06
retained_satellites,size_only,LL,ML,0.009507864015405551,1.2422430776396038e-05
retained_satellites,size_only,LL,ML,0.010944933993655438,5.8884373950833976e-05
retained_satellites,size_only,LL,ML,0.012599210498948734,0.00048124528164918454
retained_satellites,size_only,LL,ML,0.014503523300262798,0.0014586906099160709
retained_satellites,size_only,LL,ML,0.016695664235375485,0.002206729311637503
retained_satellites,size_only,LL,ML,0.019219137204774604,0.0027685055365431342
retained_satellites,size_only,LL,ML,0.022124021523702166,0.003660712939692239
retained_satellites,size_only,LL,ML,0.025467965765894884,0.004828614556505915
retained_satellites,size_only,LL,ML,0.02931733182224172,0.006175273266460491
retained_satellites,size_only,LL,ML,0.033748511878652805,0.007806060142044553
retained_satellites,size_only,LL,ML,0.038849444449084954,0.009859156974070976
retained_satellites,size_only,LL,ML,0.0447213595499958,0.012409905083720073
retained_satellites,size_only,LL,ML,0.051480787649901855,0.015393872539012927
retained_satellites,size_only,LL,ML,0.05926187226243524,0.018506919717422906
retained_satellites,size_only,LL,ML,0.06821903207721966,0.021340240951843493
retained_satellites,size_only,LL,ML,0.07853002545960214,0.023584146432467017
retained_satellites,size_only,LL,ML,0.09039947813544373,0.02512235155581885
retained_satellites,size_only,LL,ML,0.10406294406926557,0.026176572368132405
retained_satellites,size_only,LL,ML,0.11979158012547445,0.02724024923488307
retained_satellites,size_only,LL,ML,0.13789752728316457,0.02890368129117353
retained_satellites,size_only,LL,ML,0.15874010519681997,0.03163568053826311
retained_satellites,size_only,LL,ML,0.18273294303641843,0.036136779311715106
retained_satellites,size_only,LL,ML,0.21035218812126566,0.043490733471025715
retained_satellites,size_only,LL,ML,0.24214595525113236,0.05284155702824959
retained_satellites,size_only,LL,ML,0.27874520426039606,0.06085072042121543
retained_satellites,size_only,LL,ML,0.32087626166452965,0.0650047038784129
retained_satellites,size_only,LL,ML,0.36937523489595164,0.06455196657543112
retained_satellites,size_only,LL,ML,0.42520460518541836,0.06174694894785287
retained_satellites,size_only,LL,ML,0.48947232838123617,0.05851591395807291
retained_satellites,size_only,LL,ML,0.5634538227695682,0.054793476589215476
retained_satellites,size_only,LL,ML,0.6486172802527936,0.050120758998572615
retained_satellites,size_only,LL,ML,0.7466528031962326,0.04414961399967931
retained_satellites,size_only,LL,ML,0.8595059451754261,0.03729134818905979
retained_satellites,size_only,LL,ML,0.9894163212533295,0.03077203205975215
retained_satellites,size_only,LL,ML,1.138962054023569,0.024674964450217066
retained_satellites,size_only,LL,ML,1.3111109374690053,0.018662772568031602
retained_satellites,size_only,LL,ML,1.5092793340025346,0.012919703074276952
retained_satellites,size_only,LL,ML,1.7373999735251147,0.007873569394445295
retained_satellites,size_only,LL,ML,2.0,0.0039574196002415225
retained_satellites,size_only,LL,ML,2.3022908144082455,0.001506666835059783
retained_satellites,size_only,LL,ML,2.6502714970542867,0.0004004360988744181
retained_satellites,size_only,LL,ML,3.0508478616780366,6.96897228642165e-05
retained_satellites,size_only,LL,ML,3.5119695040491905,7.638925641393686e-06
retained_satellites,size_only,LL,ML,4.042787564827166,5.218423690994863e-07
retained_satellites,size_only,LL,ML,4.653836337552724,2.247225041087884e-08
retained_satellites,size_only,LL,ML,5.3572423258534725,6.342420812638356e-10
retained_satellites,size_only,LL,HL,0.00032430864012639686,2.1815303214066543e-13
retained_satellites,size_only,LL,HL,0.00037332640159811636,1.7354429808441205e-12
retained_satellites,size_only,LL,HL,0.00042975297258771353,6.955463548775972e-12
retained_satellites,size_only,LL,HL,0.0004947081606266652,2.110550772697871e-11
retained_satellites,size_only,LL,HL,0.0005694810270117846,5.147705611372612e-11
retained_satellites,size_only,LL,HL,0.0006555554687345028,1.0590171703448239e-10
retained_satellites,size_only,LL,HL,0.000754639667001268,1.907076364986036e-10
retained_satellites,size_only,LL,HL,0.0008686999867625583,3.2029515813769996e-10
retained_satellites,size_only,LL,HL,0.0010000000000000002,7.998719894301651e-10
retained_satellites,size_only,LL,HL,0.001151145407204123,3.4734242055495364e-09
retained_satellites,size_only,LL,HL,0.0013251357485271446,1.3244311739065597e-08
retained_satellites,size_only,LL,HL,0.0015254239308390184,3.95758737908554e-08
retained_satellites,size_only,LL,HL,0.0017559847520245955,9.752852375624902e-08
retained_satellites,size_only,LL,HL,0.0020213937824135834,2.0428631475859612e-07
retained_satellites,size_only,LL,HL,0.0023269181687763643,3.718587698734545e-07
retained_satellites,size_only,LL,HL,0.0026786211629267367,6.045254139676296e-07
retained_satellites,size_only,LL,HL,0.003083482449342879,9.064119197501949e-07
retained_satellites,size_only,LL,HL,0.003549536659755571,1.2907851689305768e-06
retained_satellites,size_only,LL,HL,0.0040860328235802846,1.7847363514966036e-06
retained_satellites,size_only,LL,HL,0.004703617918549738,2.431564099707139e-06
retained_satellites,size_only,LL,HL,0.005414548164181547,3.2963047035552897e-06
retained_satellites,size_only,LL,HL,0.006232932251283096,4.4778594954588836e-06
retained_satellites,size_only,LL,HL,0.007175011334478982,6.126910333775537e-06
retained_satellites,size_only,LL,HL,0.008259481344323003,8.475254273579686e-06
retained_satellites,size_only,LL,HL,0.009507864015405551,1.2422430776396038e-05
retained_satellites,size_only,LL,HL,0.010944933993655438,5.8884373950833976e-05
retained_satellites,size_only,LL,HL,0.012599210498948734,0.00048124528164918454
retained_satellites,size_only,LL,HL,0.014503523300262798,0.0014586906099160709
retained_satellites,size_only,LL,HL,0.016695664235375485,0.002206729311637503
retained_satellites,size_only,LL,HL,0.019219137204774604,0.0027685055365431342
retained_satellites,size_only,LL,HL,0.022124021523702166,0.003660712939692239
retained_satellites,size_only,LL,HL,0.025467965765894884,0.004828614556505915
retained_satellites,size_only,LL,HL,0.02931733182224172,0.006175273266460491
retained_satellites,size_only,LL,HL,0.033748511878652805,0.007806060142044553
retained_satellites,size_only,LL,HL,0.038849444449084954,0.009859156974070976
retained_satellites,size_only,LL,HL,0.0447213595499958,0.012409905083720073
retained_satellites,size_only,LL,HL,0.051480787649901855,0.015393872539012927
retained_satellites,size_only,LL,HL,0.05926187226243524,0.018506919717422906
retained_satellites,size_only,LL,HL,0.06821903207721966,0.021340240951843493
retained_satellites,size_only,LL,HL,0.07853002545960214,0.023584146432467017
retained_satellites,size_only,LL,HL,0.09039947813544373,0.02512235155581885
retained_satellites,size_only,LL,HL,0.10406294406926557,0.026176572368132405
retained_satellites,size_only,LL,HL,0.11979158012547445,0.02724024923488307
retained_satellites,size_only,LL,HL,0.13789752728316457,0.02890368129117353
retained_satellites,size_only,LL,HL,0.15874010519681997,0.03163568053826311
retained_satellites,size_only,LL,HL,0.18273294303641843,0.036136779311715106
retained_satellites,size_only,LL,HL,0.21035218812126566,0.043490733471025715
retained_satellites,size_only,LL,HL,0.24214595525113236,0.05284155702824959
retained_satellites,size_only,LL,HL,0.27874520426039606,0.06085072042121543
retained_satellites,size_only,LL,HL,0.32087626166452965,0.0650047038784129
retained_satellites,size_only,LL,HL,0.36937523489595164,0.06455196657543112
retained_satellites,size_only,LL,HL,0.42520460518541836,0.06174694894785287
retained_satellites,size_only,LL,HL,0.48947232838123617,0.05851591395807291
retained_satellites,size_only,LL,HL,0.5634538227695682,0.054793476589215476
retained_satellites,size_only,LL,HL,0.6486172802527936,0.050120758998572615
retained_satellites,size_only,LL,HL,0.7466528031962326,0.04414961399967931
retained_satellites,size_only,LL,HL,0.8595059451754261,0.03729134818905979
retained_satellites,size_only,LL,HL,0.9894163212533295,0.03077203205975215
retained_satellites,size_only,LL,HL,1.138962054023569,0.024674964450217066
retained_satellites,size_only,LL,HL,1.3111109374690053,0.018662772568031602
retained_satellites,size_only,LL,HL,1.5092793340025346,0.012919703074276952
retained_satellites,size_only,LL,HL,1.7373999735251147,0.007873569394445295
retained_satellites,size_only,LL,HL,2.0,0.0039574196002415225
retained_satellites,size_only,LL,HL,2.3022908144082455,0.001506666835059783
retained_satellites,size_only,LL,HL,2.6502714970542867,0.0004004360988744181
retained_satellites,size_only,LL,HL,3.0508478616780366,6.96897228642165e-05
retained_satellites,size_only,LL,HL,3.5119695040491905,7.638925641393686e-06
retained_satellites,size_only,LL,HL,4.042787564827166,5.218423690994863e-07
retained_satellites,size_only,LL,HL,4.653836337552724,2.247225041087884e-08
retained_satellites,size_only,LL,HL,5.3572423258534725,6.342420812638356e-10
retained_satellites,size_only,ML,LL,0.00032430864012639686,3.591267747398686e-13
retained_satellites,size_only,ML,LL,0.00037332640159811636,2.8607314847158354e-12
retained_satellites,size_only,ML,LL,0.00042975297258771353,1.1485731747448303e-11
retained_satellites,size_only,ML,LL,0.0004947081606266652,3.492467844338327e-11
retained_satellites,size_only,ML,LL,0.0005694810270117846,8.541803839023577e-11
retained_satellites,size_only,ML,LL,0.0006555554687345028,1.7639497176427056e-10
retained_satellites,size_only,ML,LL,0.000754639667001268,3.1927819495118914e-10
retained_satellites,size_only,ML,LL,0.0008686999867625583,5.349269177433814e-10
retained_satellites,size_only,ML,LL,0.0010000000000000002,1.2165822615598932e-09
retained_satellites,size_only,ML,LL,0.001151145407204123,4.721504870922617e-09
retained_satellites,size_only,ML,LL,0.0013251357485271446,1.7311498237460037e-08
retained_satellites,size_only,ML,LL,0.0015254239308390184,5.107050785240129e-08
retained_satellites,size_only,ML,LL,0.0017559847520245955,1.252400721109933e-07
retained_satellites,size_only,ML,LL,0.0020213937824135834,2.6183378115468184e-07
retained_satellites,size_only,ML,LL,0.0023269181687763643,4.7643738864112464e-07
retained_satellites,size_only,ML,LL,0.0026786211629267367,7.75170380647266e-07
retained_satellites,size_only,ML,LL,0.003083482449342879,1.1647802823816746e-06
retained_satellites,size_only,ML,LL,0.003549536659755571,1.6653531746144218e-06
retained_satellites,size_only,ML,LL,0.0040860328235802846,2.3174835881972905e-06
retained_satellites,size_only,ML,LL,0.004703617918549738,3.1873620698288854e-06
retained_satellites,size_only,ML,LL,0.005414548164181547,4.376192915890446e-06
retained_satellites,size_only,ML,LL,0.006232932251283096,6.037649856928199e-06
retained_satellites,size_only,ML,LL,0.007175011334478982,8.402152311757238e-06
retained_satellites,size_only,ML,LL,0.008259481344323003,1.1813398061590043e-05
retained_satellites,size_only,ML,LL,0.009507864015405551,1.7330226510315138e-05
retained_satellites,size_only,ML,LL,0.010944933993655438,6.614136448109524e-05
retained_satellites,size_only,ML,LL,0.012599210498948734,0.000492091475201686
retained_satellites,size_only,ML,LL,0.014503523300262798,0.001474979727603878
retained_satellites,size_only,ML,LL,0.016695664235375485,0.0022322425533478456
retained_satellites,size_only,ML,LL,0.019219137204774604,0.0028115335072793003
retained_satellites,size_only,ML,LL,0.022124021523702166,0.0037388933463783753
retained_satellites,size_only,ML,LL,0.025467965765894884,0.0049783832888629495
retained_satellites,size_only,ML,LL,0.02931733182224172,0.006464217547226762
retained_satellites,size_only,ML,LL,0.033748511878652805,0.00834261603303683
retained_satellites,size_only,ML,LL,0.038849444449084954,0.010789559185888682
retained_satellites,size_only,ML,LL,0.0447213595499958,0.01389099876266954
retained_satellites,size_only,ML,LL,0.051480787649901855,0.017542416495825757
retained_satellites,size_only,ML,LL,0.05926187226243524,0.021347808931722893
retained_satellites,size_only,ML,LL,0.06821903207721966,0.024784367465519538
retained_satellites,size_only,ML,LL,0.07853002545960214,0.02744875684525211
retained_satellites,size_only,ML,LL,0.09039947813544373,0.02918003729074975
retained_satellites,size_only,ML,LL,0.10406294406926557,0.030205807932093928
retained_satellites,size_only,ML,LL,0.11979158012547445,0.031059807903506337
retained_satellites,size_only,ML,LL,0.13789752728316457,0.032390407407780576
retained_satellites,size_only,ML,LL,0.15874010519681997,0.0347361386968652
retained_satellites,size_only,ML,LL,0.18273294303641843,0.038891537856321275
retained_satellites,size_only,ML,LL,0.21035218812126566,0.04604073577521256
retained_satellites,size_only,ML,LL,0.24214595525113236,0.05520804735829313
retained_satellites,size_only,ML,LL,0.27874520426039606,0.062499303453284666
retained_satellites,size_only,ML,LL,0.32087626166452965,0.06478778312948369
retained_satellites,size_only,ML,LL,0.36937523489595164,0.06211403542890146
retained_satellites,size_only,ML,LL,0.42520460518541836,0.05781771939317083
retained_satellites,size_only,ML,LL,0.48947232838123617,0.05384324057160716
retained_satellites,size_only,ML,LL,0.5634538227695682,0.04984956086662935
retained_satellites,size_only,ML,LL,0.6486172802527936,0.04519363525059548
retained_satellites,size_only,ML,LL,0.7466528031962326,0.03944744872696735
retained_satellites,size_only,ML,LL,0.8595059451754261,0.03314322596124626
retained_satellites,size_only,ML,LL,0.9894163212533295,0.027238661965434664
retained_satellites,size_only,ML,LL,1.138962054023569,0.02165131600629741
retained_satellites,size_only,ML,LL,1.3111109374690053,0.016149699742808707
retained_satellites,size_only,ML,LL,1.5092793340025346,0.010967010138245647
retained_satellites,size_only,ML,LL,1.7373999735251147,0.006500292023834524
retained_satellites,size_only,ML,LL,2.0,0.0031420859247276627
retained_satellites,size_only,ML,LL,2.3022908144082455,0.001139641605581892
retained_satellites,size_only,ML,LL,2.6502714970542867,0.0002871533688662717
retained_satellites,size_only,ML,LL,3.0508478616780366,4.737236758943473e-05
retained_satellites,size_only,ML,LL,3.5119695040491905,4.941537409530089e-06
retained_satellites,size_only,ML,LL,4.042787564827166,3.232362565008652e-07
retained_satellites,size_only,ML,LL,4.653836337552724,1.341676396491338e-08
retained_satellites,size_only,ML,LL,5.3572423258534725,3.6704152853723484e-10
retained_satellites,size_only,ML,ML,0.00032430864012639686,3.591267747398686e-13
retained_satellites,size_only,ML,ML,0.00037332640159811636,2.8607314847158354e-12
retained_satellites,size_only,ML,ML,0.00042975297258771353,1.1485731747448303e-11
retained_satellites,size_only,ML,ML,0.0004947081606266652,3.492467844338327e-11
retained_satellites,size_only,ML,ML,0.0005694810270117846,8.541803839023577e-11
retained_satellites,size_only,ML,ML,0.0006555554687345028,1.7639497176427056e-10
retained_satellites,size_only,ML,ML,0.000754639667001268,3.1927819495118914e-10
retained_satellites,size_only,ML,ML,0.0008686999867625583,5.349269177433814e-10
retained_satellites,size_only,ML,ML,0.0010000000000000002,1.2165822615598932e-09
retained_satellites,size_only,ML,ML,0.001151145407204123,4.721504870922617e-09
retained_satellites,size_only,ML,ML,0.0013251357485271446,1.7311498237460037e-08
retained_satellites,size_only,ML,ML,0.0015254239308390184,5.107050785240129e-08
retained_satellites,size_only,ML,ML,0.0017559847520245955,1.252400721109933e-07
retained_satellites,size_only,ML,ML,0.0020213937824135834,2.6183378115468184e-07
retained_satellites,size_only,ML,ML,0.0023269181687763643,4.7643738864112464e-07
retained_satellites,size_only,ML,ML,0.0026786211629267367,7.75170380647266e-07
retained_satellites,size_only,ML,ML,0.003083482449342879,1.1647802823816746e-06
retained_satellites,size_only,ML,ML,0.003549536659755571,1.6653531746144218e-06
retained_satellites,size_only,ML,ML,0.0040860328235802846,2.3174835881972905e-06
retained_satellites,size_only,ML,ML,0.004703617918549738,3.1873620698288854e-06
retained_satellites,size_only,ML,ML,0.005414548164181547,4.376192915890446e-06
retained_satellites,size_only,ML,ML,0.006232932251283096,6.037649856928199e-06
retained_satellites,size_only,ML,ML,0.007175011334478982,8.402152311757238e-06
retained_satellites,size_only,ML,ML,0.008259481344323003,1.1813398061590043e-05
retained_satellites,size_only,ML,ML,0.009507864015405551,1.7330226510315138e-05
retained_satellites,size_only,ML,ML,0.010944933993655438,6.614136448109524e-05
retained_satellites,size_only,ML,ML,0.012599210498948734,0.000492091475201686
retained_satellites,size_only,ML,ML,0.014503523300262798,0.001474979727603878
retained_satellites,size_only,ML,ML,0.016695664235375485,0.0022322425533478456
retained_satellites,size_only,ML,ML,0.019219137204774604,0.0028115335072793003
retained_satellites,size_only,ML,ML,0.022124021523702166,0.0037388933463783753
retained_satellites,size_only,ML,ML,0.025467965765894884,0.0049783832888629495
retained_satellites,size_only,ML,ML,0.02931733182224172,0.006464217547226762
retained_satellites,size_only,ML,ML,0.033748511878652805,0.00834261603303683
retained_satellites,size_only,ML,ML,0.038849444449084954,0.010789559185888682
retained_satellites,size_only,ML,ML,0.0447213595499958,0.01389099876266954
retained_satellites,size_only,ML,ML,0.051480787649901855,0.017542416495825757
retained_satellites,size_only,ML,ML,0.05926187226243524,0.021347808931722893
retained_satellites,size_only,ML,ML,0.06821903207721966,0.024784367465519538
retained_satellites,size_only,ML,ML,0.07853002545960214,0.02744875684525211
retained_satellites,size_only,ML,ML,0.09039947813544373,0.02918003729074975
retained_satellites,size_only,ML,ML,0.10406294406926557,0.030205807932093928
retained_satellites,size_only,ML,ML,0.11979158012547445,0.031059807903506337
retained_satellites,size_only,ML,ML,0.13789752728316457,0.032390407407780576
retained_satellites,size_only,ML,ML,0.15874010519681997,0.0347361386968652
retained_satellites,size_only,ML,ML,0.18273294303641843,0.038891537856321275
retained_satellites,size_only,ML,ML,0.21035218812126566,0.04604073577521256
retained_satellites,size_only,ML,ML,0.24214595525113236,0.05520804735829313
retained_satellites,size_only,ML,ML,0.27874520426039606,0.062499303453284666
retained_satellites,size_only,ML,ML,0.32087626166452965,0.06478778312948369
retained_satellites,size_only,ML,ML,0.36937523489595164,0.06211403542890146
retained_satellites,size_only,ML,ML,0.42520460518541836,0.05781771939317083
retained_satellites,size_only,ML,ML,0.48947232838123617,0.05384324057160716
retained_satellites,size_only,ML,ML,0.5634538227695682,0.04984956086662935
retained_satellites,size_only,ML,ML,0.6486172802527936,0.04519363525059548
retained_satellites,size_only,ML,ML,0.7466528031962326,0.03944744872696735
retained_satellites,size_only,ML,ML,0.8595059451754261,0.03314322596124626
retained_satellites,size_only,ML,ML,0.9894163212533295,0.027238661965434664
retained_satellites,size_only,ML,ML,1.138962054023569,0.02165131600629741
retained_satellites,size_only,ML,ML,1.3111109374690053,0.016149699742808707
retained_satellites,size_only,ML,ML,1.5092793340025346,0.010967010138245647
retained_satellites,size_only,ML,ML,1.7373999735251147,0.006500292023834524
retained_satellites,size_only,ML,ML,2.0,0.0031420859247276627
retained_satellites,size_only,ML,ML,2.3022908144082455,0.001139641605581892
retained_satellites,size_only,ML,ML,2.6502714970542867,0.0002871533688662717
retained_satellites,size_only,ML,ML,3.0508478616780366,4.737236758943473e-05
retained_satellites,size_only,ML,ML,3.5119695040491905,4.941537409530089e-06
retained_satellites,size_only,ML,ML,4.042787564827166,3.232362565008652e-07
retained_satellites,size_only,ML,ML,4.653836337552724,1.341676396491338e-08
retained_satellites,size_only,ML,ML,5.3572423258534725,3.6704152853723484e-10
retained_satellites,size_only,ML,HL,0.00032430864012639686,3.591267747398686e-13
retained_satellites,size_only,ML,HL,0.00037332640159811636,2.8607314847158354e-12
retained_satellites,size_only,ML,HL,0.00042975297258771353,1.1485731747448303e-11
retained_satellites,size_only,ML,HL,0.0004947081606266652,3.492467844338327e-11
retained_satellites,size_only,ML,HL,0.0005694810270117846,8.541803839023577e-11
retained_satellites,size_only,ML,HL,0.0006555554687345028,1.7639497176427056e-10
retained_satellites,size_only,ML,HL,0.000754639667001268,3.1927819495118914e-10
retained_satellites,size_only,ML,HL,0.0008686999867625583,5.349269177433814e-10
retained_satellites,size_only,ML,HL,0.0010000000000000002,1.2165822615598932e-09
retained_satellites,size_only,ML,HL,0.001151145407204123,4.721504870922617e-09
retained_satellites,size_only,ML,HL,0.0013251357485271446,1.7311498237460037e-08
retained_satellites,size_only,ML,HL,0.0015254239308390184,5.107050785240129e-08
retained_satellites,size_only,ML,HL,0.0017559847520245955,1.252400721109933e-07
retained_satellites,size_only,ML,HL,0.0020213937824135834,2.6183378115468184e-07
retained_satellites,size_only,ML,HL,0.0023269181687763643,4.7643738864112464e-07
retained_satellites,size_only,ML,HL,0.0026786211629267367,7.75170380647266e-07
retained_satellites,size_only,ML,HL,0.003083482449342879,1.1647802823816746e-06
retained_satellites,size_only,ML,HL,0.003549536659755571,1.6653531746144218e-06
retained_satellites,size_only,ML,HL,0.0040860328235802846,2.3174835881972905e-06
retained_satellites,size_only,ML,HL,0.004703617918549738,3.1873620698288854e-06
retained_satellites,size_only,ML,HL,0.005414548164181547,4.376192915890446e-06
retained_satellites,size_only,ML,HL,0.006232932251283096,6.037649856928199e-06
retained_satellites,size_only,ML,HL,0.007175011334478982,8.402152311757238e-06
retained_satellites,size_only,ML,HL,0.008259481344323003,1.1813398061590043e-05
retained_satellites,size_only,ML,HL,0.009507864015405551,1.7330226510315138e-05
retained_satellites,size_only,ML,HL,0.010944933993655438,6.614136448109524e-05
retained_satellites,size_only,ML,HL,0.012599210498948734,0.000492091475201686
retained_satellites,size_only,ML,HL,0.014503523300262798,0.001474979727603878
retained_satellites,size_only,ML,HL,0.016695664235375485,0.0022322425533478456
retained_satellites,size_only,ML,HL,0.019219137204774604,0.0028115335072793003
retained_satellites,size_only,ML,HL,0.022124021523702166,0.0037388933463783753
retained_satellites,size_only,ML,HL,0.025467965765894884,0.0049783832888629495
retained_satellites,size_only,ML,HL,0.02931733182224172,0.006464217547226762
retained_satellites,size_only,ML,HL,0.033748511878652805,0.00834261603303683
retained_satellites,size_only,ML,HL,0.038849444449084954,0.010789559185888682
retained_satellites,size_only,ML,HL,0.0447213595499958,0.01389099876266954
retained_satellites,size_only,ML,HL,0.051480787649901855,0.017542416495825757
retained_satellites,size_only,ML,HL,0.05926187226243524,0.021347808931722893
retained_satellites,size_only,ML,HL,0.06821903207721966,0.024784367465519538
retained_satellites,size_only,ML,HL,0.07853002545960214,0.02744875684525211
retained_satellites,size_only,ML,HL,0.09039947813544373,0.02918003729074975
retained_satellites,size_only,ML,HL,0.10406294406926557,0.030205807932093928
retained_satellites,size_only,ML,HL,0.11979158012547445,0.031059807903506337
retained_satellites,size_only,ML,HL,0.13789752728316457,0.032390407407780576
retained_satellites,size_only,ML,HL,0.15874010519681997,0.0347361386968652
retained_satellites,size_only,ML,HL,0.18273294303641843,0.038891537856321275
retained_satellites,size_only,ML,HL,0.21035218812126566,0.04604073577521256
retained_satellites,size_only,ML,HL,0.24214595525113236,0.05520804735829313
retained_satellites,size_only,ML,HL,0.27874520426039606,0.062499303453284666
retained_satellites,size_only,ML,HL,0.32087626166452965,0.06478778312948369
retained_satellites,size_only,ML,HL,0.36937523489595164,0.06211403542890146
retained_satellites,size_only,ML,HL,0.42520460518541836,0.05781771939317083
retained_satellites,size_only,ML,HL,0.48947232838123617,0.05384324057160716
retained_satellites,size_only,ML,HL,0.5634538227695682,0.04984956086662935
retained_satellites,size_only,ML,HL,0.6486172802527936,0.04519363525059548
retained_satellites,size_only,ML,HL,0.7466528031962326,0.03944744872696735
retained_satellites,size_only,ML,HL,0.8595059451754261,0.03314322596124626
retained_satellites,size_only,ML,HL,0.9894163212533295,0.027238661965434664
retained_satellites,size_only,ML,HL,1.138962054023569,0.02165131600629741
retained_satellites,size_only,ML,HL,1.3111109374690053,0.016149699742808707
retained_satellites,size_only,ML,HL,1.5092793340025346,0.010967010138245647
retained_satellites,size_only,ML,HL,1.7373999735251147,0.006500292023834524
retained_satellites,size_only,ML,HL,2.0,0.0031420859247276627
retained_satellites,size_only,ML,HL,2.3022908144082455,0.001139641605581892
retained_satellites,size_only,ML,HL,2.6502714970542867,0.0002871533688662717
retained_satellites,size_only,ML,HL,3.0508478616780366,4.737236758943473e-05
retained_satellites,size_only,ML,HL,3.5119695040491905,4.941537409530089e-06
retained_satellites,size_only,ML,HL,4.042787564827166,3.232362565008652e-07
retained_satellites,size_only,ML,HL,4.653836337552724,1.341676396491338e-08
retained_satellites,size_only,ML,HL,5.3572423258534725,3.6704152853723484e-10
retained_satellites,size_only,HL,LL,0.00032430864012639686,4.527044069464166e-13
retained_satellites,size_only,HL,LL,0.00037332640159811636,3.6086724045684914e-12
retained_satellites,size_only,HL,LL,0.00042975297258771353,1.4502144829771927e-11
retained_satellites,size_only,HL,LL,0.0004947081606266652,4.414506263872223e-11
retained_satellites,size_only,HL,LL,0.0005694810270117846,1.081255004341725e-10
retained_satellites,size_only,HL,LL,0.0006555554687345028,2.237293184901603e-10
retained_satellites,size_only,HL,LL,0.000754639667001268,4.060286682922079e-10
retained_satellites,size_only,HL,LL,0.0008686999867625583,6.802381215533273e-10
retained_satellites,size_only,HL,LL,0.0010000000000000002,1.4893571650859629e-09
retained_satellites,size_only,HL,LL,0.001151145407204123,5.475243567528177e-09
retained_satellites,size_only,HL,LL,0.0013251357485271446,1.965084040457366e-08
retained_satellites,size_only,HL,LL,0.0015254239308390184,5.7548374157306135e-08
retained_satellites,size_only,HL,LL,0.0017559847520245955,1.4072180659702103e-07
retained_satellites,size_only,HL,LL,0.0020213937824135834,2.938673689019129e-07
retained_satellites,size_only,HL,LL,0.0023269181687763643,5.345965886882464e-07
retained_satellites,size_only,HL,LL,0.0026786211629267367,8.701736700213731e-07
retained_satellites,size_only,HL,LL,0.003083482449342879,1.3090772907567904e-06
retained_satellites,size_only,HL,LL,0.003549536659755571,1.8757462991630621e-06
retained_satellites,size_only,HL,LL,0.0040860328235802846,2.6193185930227916e-06
retained_satellites,size_only,HL,LL,0.004703617918549738,3.6205354537616826e-06
retained_satellites,size_only,HL,LL,0.005414548164181547,5.003635999761537e-06
retained_satellites,size_only,HL,LL,0.006232932251283096,6.956950090888672e-06
retained_satellites,size_only,HL,LL,0.007175011334478982,9.760727890735788e-06
retained_satellites,size_only,HL,LL,0.008259481344323003,1.382749754426653e-05
retained_satellites,size_only,HL,LL,0.009507864015405551,2.0312214592362358e-05
retained_satellites,size_only,HL,LL,0.010944933993655438,7.056380766553316e-05
retained_satellites,size_only,HL,LL,0.012599210498948734,0.0004986937957340873
retained_satellites,size_only,HL,LL,0.014503523300262798,0.0014848604182286812
retained_satellites,size_only,HL,LL,0.016695664235375485,0.0022475995380719428
retained_satellites,size_only,HL,LL,0.019219137204774604,0.0028371232802453217
retained_satellites,size_only,HL,LL,0.022124021523702166,0.0037847616444384355
retained_satellites,size_only,HL,LL,0.025467965765894884,0.005065091665917539
retained_satellites,size_only,HL,LL,0.02931733182224172,0.006629426731225176
retained_satellites,size_only,HL,LL,0.033748511878652805,0.008645813210761119
retained_satellites,size_only,HL,LL,0.038849444449084954,0.011309255640714324
retained_satellites,size_only,HL,LL,0.0447213595499958,0.014708468698601304
retained_satellites,size_only,HL,LL,0.051480787649901855,0.018713516864771983
retained_satellites,size_only,HL,LL,0.05926187226243524,0.022876454086362356
retained_satellites,size_only,HL,LL,0.06821903207721966,0.026614102066300497
retained_satellites,size_only,HL,LL,0.07853002545960214,0.029477271382666856
retained_satellites,size_only,HL,LL,0.09039947813544373,0.03128694382574645
retained_satellites,size_only,HL,LL,0.10406294406926557,0.03227858656580945
retained_satellites,size_only,HL,LL,0.11979158012547445,0.03300973108472225
retained_satellites,size_only,HL,LL,0.13789752728316457,0.034159720334759835
retained_satellites,size_only,HL,LL,0.15874010519681997,0.03630307652401023
retained_satellites,size_only,HL,LL,0.18273294303641843,0.04028388242103629
retained_satellites,size_only,HL,LL,0.21035218812126566,0.047339483039291703
retained_satellites,size_only,HL,LL,0.24214595525113236,0.05641933706154814
retained_satellites,size_only,HL,LL,0.27874520426039606,0.06329159294043465
retained_satellites,size_only,HL,LL,0.32087626166452965,0.06451253629811149
retained_satellites,size_only,HL,LL,0.36937523489595164,0.06066566356361552
retained_satellites,size_only,HL,LL,0.42520460518541836,0.055657286283273974
retained_satellites,size_only,HL,LL,0.48947232838123617,0.05136626691979029
retained_satellites,size_only,HL,LL,0.5634538227695682,0.047282347293584125
retained_satellites,size_only,HL,LL,0.6486172802527936,0.042659587194621325
retained_satellites,size_only,HL,LL,0.7466528031962326,0.03705850959549437
retained_satellites,size_only,HL,LL,0.8595059451754261,0.03105423572476675
retained_satellites,size_only,HL,LL,0.9894163212533295,0.025458297049430995
retained_satellites,size_only,HL,LL,1.138962054023569,0.02013090201974482
retained_satellites,size_only,HL,LL,1.3111109374690053,0.014896278196044605
retained_satellites,size_only,HL,LL,1.5092793340025346,0.010004601206106016
retained_satellites,size_only,HL,LL,1.7373999735251147,0.005836004121597158
retained_satellites,size_only,HL,LL,2.0,0.0027596182780417447
retained_satellites,size_only,HL,LL,2.3022908144082455,0.0009744557218191104
retained_satellites,size_only,HL,LL,2.6502714970542867,0.00023848345297646106
retained_satellites,size_only,HL,LL,3.0508478616780366,3.821977671615121e-05
retained_satellites,size_only,HL,LL,3.5119695040491905,3.881576324353453e-06
retained_satellites,size_only,HL,LL,4.042787564827166,2.480271294042952e-07
retained_satellites,size_only,HL,LL,4.653836337552724,1.0092434209243642e-08
retained_satellites,size_only,HL,LL,5.3572423258534725,2.714787058719857e-10
retained_satellites,size_only,HL,ML,0.00032430864012639686,4.527044069464166e-13
retained_satellites,size_only,HL,ML,0.00037332640159811636,3.6086724045684914e-12
retained_satellites,size_only,HL,ML,0.00042975297258771353,1.4502144829771927e-11
retained_satellites,size_only,HL,ML,0.0004947081606266652,4.414506263872223e-11
retained_satellites,size_only,HL,ML,0.0005694810270117846,1.081255004341725e-10
retained_satellites,size_only,HL,ML,0.0006555554687345028,2.237293184901603e-10
retained_satellites,size_only,HL,ML,0.000754639667001268,4.060286682922079e-10
retained_satellites,size_only,HL,ML,0.0008686999867625583,6.802381215533273e-10
retained_satellites,size_only,HL,ML,0.0010000000000000002,1.4893571650859629e-09
retained_satellites,size_only,HL,ML,0.001151145407204123,5.475243567528177e-09
retained_satellites,size_only,HL,ML,0.0013251357485271446,1.965084040457366e-08
retained_satellites,size_only,HL,ML,0.0015254239308390184,5.7548374157306135e-08
retained_satellites,size_only,HL,ML,0.0017559847520245955,1.4072180659702103e-07
retained_satellites,size_only,HL,ML,0.0020213937824135834,2.938673689019129e-07
retained_satellites,size_only,HL,ML,0.0023269181687763643,5.345965886882464e-07
retained_satellites,size_only,HL,ML,0.0026786211629267367,8.701736700213731e-07
retained_satellites,size_only,HL,ML,0.003083482449342879,1.3090772907567904e-06
retained_satellites,size_only,HL,ML,0.003549536659755571,1.8757462991630621e-06
retained_satellites,size_only,HL,ML,0.0040860328235802846,2.6193185930227916e-06
retained_satellites,size_only,HL,ML,0.004703617918549738,3.6205354537616826e-06
retained_satellites,size_only,HL,ML,0.005414548164181547,5.003635999761537e-06
retained_satellites,size_only,HL,ML,0.006232932251283096,6.956950090888672e-06
retained_satellites,size_only,HL,ML,0.007175011334478982,9.760727890735788e-06
retained_satellites,size_only,HL,ML,0.008259481344323003,1.382749754426653e-05
retained_satellites,size_only,HL,ML,0.009507864015405551,2.0312214592362358e-05
retained_satellites,size_only,HL,ML,0.010944933993655438,7.056380766553316e-05
retained_satellites,size_only,HL,ML,0.012599210498948734,0.0004986937957340873
retained_satellites,size_only,HL,ML,0.014503523300262798,0.0014848604182286812
retained_satellites,size_only,HL,ML,0.016695664235375485,0.0022475995380719428
retained_satellites,size_only,HL,ML,0.019219137204774604,0.0028371232802453217
retained_satellites,size_only,HL,ML,0.022124021523702166,0.0037847616444384355
retained_satellites,size_only,HL,ML,0.025467965765894884,0.005065091665917539
retained_satellites,size_only,HL,ML,0.02931733182224172,0.006629426731225176
retained_satellites,size_only,HL,ML,0.033748511878652805,0.008645813210761119
retained_satellites,size_only,HL,ML,0.038849444449084954,0.011309255640714324
retained_satellites,size_only,HL,ML,0.0447213595499958,0.014708468698601304
retained_satellites,size_only,HL,ML,0.051480787649901855,0.018713516864771983
retained_satellites,size_only,HL,ML,0.05926187226243524,0.022876454086362356
retained_satellites,size_only,HL,ML,0.06821903207721966,0.026614102066300497
retained_satellites,size_only,HL,ML,0.07853002545960214,0.029477271382666856
retained_satellites,size_only,HL,ML,0.09039947813544373,0.03128694382574645
retained_satellites,size_only,HL,ML,0.10406294406926557,0.03227858656580945
retained_satellites,size_only,HL,ML,0.11979158012547445,0.03300973108472225
retained_satellites,size_only,HL,ML,0.13789752728316457,0.034159720334759835
retained_satellites,size_only,HL,ML,0.15874010519681997,0.03630307652401023
retained_satellites,size_only,HL,ML,0.18273294303641843,0.04028388242103629
retained_satellites,size_only,HL,ML,0.21035218812126566,0.047339483039291703
retained_satellites,size_only,HL,ML,0.24214595525113236,0.05641933706154814
retained_satellites,size_only,HL,ML,0.27874520426039606,0.06329159294043465
retained_satellites,size_only,HL,ML,0.32087626166452965,0.06451253629811149
retained_satellites,size_only,HL,ML,0.36937523489595164,0.06066566356361552
retained_satellites,size_only,HL,ML,0.42520460518541836,0.055657286283273974
retained_satellites,size_only,HL,ML,0.48947232838123617,0.05136626691979029
retained_satellites,size_only,HL,ML,0.5634538227695682,0.047282347293584125
retained_satellites,size_only,HL,ML,0.6486172802527936,0.042659587194621325
retained_satellites,size_only,HL,ML,0.7466528031962326,0.03705850959549437
retained_satellites,size_only,HL,ML,0.8595059451754261,0.03105423572476675
retained_satellites,size_only,HL,ML,0.9894163212533295,0.025458297049430995
retained_satellites,size_only,HL,ML,1.138962054023569,0.02013090201974482
retained_satellites,size_only,HL,ML,1.3111109374690053,0.014896278196044605
retained_satellites,size_only,HL,ML,1.5092793340025346,0.010004601206106016
retained_satellites,size_only,HL,ML,1.7373999735251147,0.005836004121597158
retained_satellites,size_only,HL,ML,2.0,0.0027596182780417447
retained_satellites,size_only,HL,ML,2.3022908144082455,0.0009744557218191104
retained_satellites,size_only,HL,ML,2.6502714970542867,0.00023848345297646106
retained_satellites,size_only,HL,ML,3.0508478616780366,3.821977671615121e-05
retained_satellites,size_only,HL,ML,3.5119695040491905,3.881576324353453e-06
retained_satellites,size_only,HL,ML,4.042787564827166,2.480271294042952e-07
retained_satellites,size_only,HL,ML,4.653836337552724,1.0092434209243642e-08
retained_satellites,size_only,HL,ML,5.3572423258534725,2.714787058719857e-10
retained_satellites,size_only,HL,HL,0.00032430864012639686,4.527044069464166e-13
retained_satellites,size_only,HL,HL,0.00037332640159811636,3.6086724045684914e-12
retained_satellites,size_only,HL,HL,0.00042975297258771353,1.4502144829771927e-11
retained_satellites,size_only,HL,HL,0.0004947081606266652,4.414506263872223e-11
retained_satellites,size_only,HL,HL,0.0005694810270117846,1.081255004341725e-10
retained_satellites,size_only,HL,HL,0.0006555554687345028,2.237293184901603e-10
retained_satellites,size_only,HL,HL,0.000754639667001268,4.060286682922079e-10
retained_satellites,size_only,HL,HL,0.0008686999867625583,6.802381215533273e-10
retained_satellites,size_only,HL,HL,0.0010000000000000002,1.4893571650859629e-09
retained_satellites,size_only,HL,HL,0.001151145407204123,5.475243567528177e-09
retained_satellites,size_only,HL,HL,0.0013251357485271446,1.965084040457366e-08
retained_satellites,size_only,HL,HL,0.0015254239308390184,5.7548374157306135e-08
retained_satellites,size_only,HL,HL,0.0017559847520245955,1.4072180659702103e-07
retained_satellites,size_only,HL,HL,0.0020213937824135834,2.938673689019129e-07
retained_satellites,size_only,HL,HL,0.0023269181687763643,5.345965886882464e-07
retained_satellites,size_only,HL,HL,0.0026786211629267367,8.701736700213731e-07
retained_satellites,size_only,HL,HL,0.003083482449342879,1.3090772907567904e-06
retained_satellites,size_only,HL,HL,0.003549536659755571,1.8757462991630621e-06
retained_satellites,size_only,HL,HL,0.0040860328235802846,2.6193185930227916e-06
retained_satellites,size_only,HL,HL,0.004703617918549738,3.6205354537616826e-06
retained_satellites,size_only,HL,HL,0.005414548164181547,5.003635999761537e-06
retained_satellites,size_only,HL,HL,0.006232932251283096,6.956950090888672e-06
retained_satellites,size_only,HL,HL,0.007175011334478982,9.760727890735788e-06
retained_satellites,size_only,HL,HL,0.008259481344323003,1.382749754426653e-05
retained_satellites,size_only,HL,HL,0.009507864015405551,2.0312214592362358e-05
retained_satellites,size_only,HL,HL,0.010944933993655438,7.056380766553316e-05
retained_satellites,size_only,HL,HL,0.012599210498948734,0.0004986937957340873
retained_satellites,size_only,HL,HL,0.014503523300262798,0.0014848604182286812
retained_satellites,size_only,HL,HL,0.016695664235375485,0.0022475995380719428
retained_satellites,size_only,HL,HL,0.019219137204774604,0.0028371232802453217
retained_satellites,size_only,HL,HL,0.022124021523702166,0.0037847616444384355
retained_satellites,size_only,HL,HL,0.025467965765894884,0.005065091665917539
retained_satellites,size_only,HL,HL,0.02931733182224172,0.006629426731225176
retained_satellites,size_only,HL,HL,0.033748511878652805,0.008645813210761119
retained_satellites,size_only,HL,HL,0.038849444449084954,0.011309255640714324
retained_satellites,size_only,HL,HL,0.0447213595499958,0.014708468698601304
retained_satellites,size_only,HL,HL,0.051480787649901855,0.018713516864771983
retained_satellites,size_only,HL,HL,0.05926187226243524,0.022876454086362356
retained_satellites,size_only,HL,HL,0.06821903207721966,0.026614102066300497
retained_satellites,size_only,HL,HL,0.07853002545960214,0.029477271382666856
retained_satellites,size_only,HL,HL,0.09039947813544373,0.03128694382574645
retained_satellites,size_only,HL,HL,0.10406294406926557,0.03227858656580945
retained_satellites,size_only,HL,HL,0.11979158012547445,0.03300973108472225
retained_satellites,size_only,HL,HL,0.13789752728316457,0.034159720334759835
retained_satellites,size_only,HL,HL,0.15874010519681997,0.03630307652401023
retained_satellites,size_only,HL,HL,0.18273294303641843,0.04028388242103629
retained_satellites,size_only,HL,HL,0.21035218812126566,0.047339483039291703
retained_satellites,size_only,HL,HL,0.24214595525113236,0.05641933706154814
retained_satellites,size_only,HL,HL,0.27874520426039606,0.06329159294043465
retained_satellites,size_only,HL,HL,0.32087626166452965,0.06451253629811149
retained_satellites,size_only,HL,HL,0.36937523489595164,0.06066566356361552
retained_satellites,size_only,HL,HL,0.42520460518541836,0.055657286283273974
retained_satellites,size_only,HL,HL,0.48947232838123617,0.05136626691979029
retained_satellites,size_only,HL,HL,0.5634538227695682,0.047282347293584125
retained_satellites,size_only,HL,HL,0.6486172802527936,0.042659587194621325
retained_satellites,size_only,HL,HL,0.7466528031962326,0.03705850959549437
retained_satellites,size_only,HL,HL,0.8595059451754261,0.03105423572476675
retained_satellites,size_only,HL,HL,0.9894163212533295,0.025458297049430995
retained_satellites,size_only,HL,HL,1.138962054023569,0.02013090201974482
retained_satellites,size_only,HL,HL,1.3111109374690053,0.014896278196044605
retained_satellites,size_only,HL,HL,1.5092793340025346,0.010004601206106016
retained_satellites,size_only,HL,HL,1.7373999735251147,0.005836004121597158
retained_satellites,size_only,HL,HL,2.0,0.0027596182780417447
retained_satellites,size_only,HL,HL,2.3022908144082455,0.0009744557218191104
retained_satellites,size_only,HL,HL,2.6502714970542867,0.00023848345297646106
retained_satellites,size_only,HL,HL,3.0508478616780366,3.821977671615121e-05
retained_satellites,size_only,HL,HL,3.5119695040491905,3.881576324353453e-06
retained_satellites,size_only,HL,HL,4.042787564827166,2.480271294042952e-07
retained_satellites,size_only,HL,HL,4.653836337552724,1.0092434209243642e-08
retained_satellites,size_only,HL,HL,5.3572423258534725,2.714787058719857e-10
retained_satellites,instantaneous,LL,LL,0.00032430864012639686,1.4066046914140544e-12
retained_satellites,instantaneous,LL,LL,0.00037332640159811636,1.125869012534321e-11
retained_satellites,instantaneous,LL,LL,0.00042975297258771353,4.549677477182324e-11
retained_satellites,instantaneous,LL,LL,0.0004947081606266652,1.3940399224353382e-10
retained_satellites,instantaneous,LL,LL,0.0005694810270117846,3.4437785509535476e-10
retained_satellites,instantaneous,LL,LL,0.0006555554687345028,7.208040095573219e-10
retained_satellites,instantaneous,LL,LL,0.000754639667001268,1.3280948880147146e-09
retained_satellites,instantaneous,LL,LL,0.0008686999867625583,2.241300286652861e-09
retained_satellites,instantaneous,LL,LL,0.0010000000000000002,4.272390225314364e-09
retained_satellites,instantaneous,LL,LL,0.001151145407204123,1.2038965578002712e-08
retained_satellites,instantaneous,LL,LL,0.0013251357485271446,3.771592136448321e-08
retained_satellites,instantaneous,LL,LL,0.0015254239308390184,1.0476554206305849e-07
retained_satellites,instantaneous,LL,LL,0.0017559847520245955,2.506250071263177e-07
retained_satellites,instantaneous,LL,LL,0.0020213937824135834,5.186432557280538e-07
retained_satellites,instantaneous,LL,LL,0.0023269181687763643,9.41283619520258e-07
retained_satellites,instantaneous,LL,LL,0.0026786211629267367,1.536134775989743e-06
retained_satellites,instantaneous,LL,LL,0.003083482449342879,2.328908224446462e-06
retained_satellites,instantaneous,LL,LL,0.003549536659755571,3.384737899238044e-06
retained_satellites,instantaneous,LL,LL,0.0040860328235802846,4.830825005150773e-06
retained_satellites,instantaneous,LL,LL,0.004703617918549738,6.8808488557898905e-06
retained_satellites,instantaneous,LL,LL,0.005414548164181547,9.868229605963346e-06
retained_satellites,instantaneous,LL,LL,0.006232932251283096,1.4289242428657872e-05
retained_satellites,instantaneous,LL,LL,0.007175011334478982,2.0852958185762467e-05
retained_satellites,instantaneous,LL,LL,0.008259481344323003,3.0542265776109474e-05
retained_satellites,instantaneous,LL,LL,0.009507864015405551,4.527630489075955e-05
retained_satellites,instantaneous,LL,LL,0.010944933993655438,0.00010761698534849782
retained_satellites,instantaneous,LL,LL,0.012599210498948734,0.0005536532409082216
retained_satellites,instantaneous,LL,LL,0.014503523300262798,0.00156625826805268
retained_satellites,instantaneous,LL,LL,0.016695664235375485,0.0023719538781945587
retained_satellites,instantaneous,LL,LL,0.019219137204774604,0.003039417820753767
retained_satellites,instantaneous,LL,LL,0.022124021523702166,0.004137971843352255
retained_satellites,instantaneous,LL,LL,0.025467965765894884,0.005715345884164225
retained_satellites,instantaneous,LL,LL,0.02931733182224172,0.007835761739532205
retained_satellites,instantaneous,LL,LL,0.033748511878652805,0.010800778117497568
retained_satellites,instantaneous,LL,LL,0.038849444449084954,0.014900543403148007
retained_satellites,instantaneous,LL,LL,0.0447213595499958,0.020189825077467437
retained_satellites,instantaneous,LL,LL,0.051480787649901855,0.026317454040890993
retained_satellites,instantaneous,LL,LL,0.05926187226243524,0.032477438299541465
retained_satellites,instantaneous,LL,LL,0.06821903207721966,0.037735723526372576
retained_satellites,instantaneous,LL,LL,0.07853002545960214,0.041435102479360504
retained_satellites,instantaneous,LL,LL,0.09039947813544373,0.04337429442999388
retained_satellites,instantaneous,LL,LL,0.10406294406926557,0.04390079940966261
retained_satellites,instantaneous,LL,LL,0.11979158012547445,0.04374183466481188
retained_satellites,instantaneous,LL,LL,0.13789752728316457,0.04375878442322816
retained_satellites,instantaneous,LL,LL,0.15874010519681997,0.04472815851711323
retained_satellites,instantaneous,LL,LL,0.18273294303641843,0.04779865740233062
retained_satellites,instantaneous,LL,LL,0.21035218812126566,0.05453885747761885
retained_satellites,instantaneous,LL,LL,0.24214595525113236,0.06320663303836684
retained_satellites,instantaneous,LL,LL,0.27874520426039606,0.06664964688372885
retained_satellites,instantaneous,LL,LL,0.32087626166452965,0.06011775666136976
retained_satellites,instantaneous,LL,LL,0.36937523489595164,0.04963000244957233
retained_satellites,instantaneous,LL,LL,0.42520460518541836,0.04169657362087244
retained_satellites,instantaneous,LL,LL,0.48947232838123617,0.03659913359114179
retained_satellites,instantaneous,LL,LL,0.5634538227695682,0.03260053509667069
retained_satellites,instantaneous,LL,LL,0.6486172802527936,0.02850852533686716
retained_satellites,instantaneous,LL,LL,0.7466528031962326,0.024118366209979803
retained_satellites,instantaneous,LL,LL,0.8595059451754261,0.019896133175199043
retained_satellites,instantaneous,LL,LL,0.9894163212533295,0.015938332900409784
retained_satellites,instantaneous,LL,LL,1.138962054023569,0.01208402169366746
retained_satellites,instantaneous,LL,LL,1.3111109374690053,0.008417335718811864
retained_satellites,instantaneous,LL,LL,1.5092793340025346,0.005195716400962717
retained_satellites,instantaneous,LL,LL,1.7373999735251147,0.002690252703731649
retained_satellites,instantaneous,LL,LL,2.0,0.001088469104808251
retained_satellites,instantaneous,LL,LL,2.3022908144082455,0.0003205348926948513
retained_satellites,instantaneous,LL,LL,2.6502714970542867,6.475347374319046e-05
retained_satellites,instantaneous,LL,LL,3.0508478616780366,8.603604388628555e-06
retained_satellites,instantaneous,LL,LL,3.5119695040491905,7.35930153257915e-07
retained_satellites,instantaneous,LL,LL,4.042787564827166,4.0467236463511374e-08
retained_satellites,instantaneous,LL,LL,4.653836337552724,1.448844259176667e-09
retained_satellites,instantaneous,LL,LL,5.3572423258534725,3.494193019597056e-11
retained_satellites,instantaneous,LL,ML,0.00032430864012639686,3.063625085951697e-13
retained_satellites,instantaneous,LL,ML,0.00037332640159811636,2.4393226151616132e-12
retained_satellites,instantaneous,LL,ML,0.00042975297258771353,9.787950582830086e-12
retained_satellites,instantaneous,LL,ML,0.0004947081606266652,2.974128083562055e-11
retained_satellites,instantaneous,LL,ML,0.0005694810270117846,7.267280026017119e-11
retained_satellites,instantaneous,LL,ML,0.0006555554687345028,1.4988349616326408e-10
retained_satellites,instantaneous,LL,ML,0.000754639667001268,2.70826433606305e-10
retained_satellites,instantaneous,LL,ML,0.0008686999867625583,4.5393728684112743e-10
retained_satellites,instantaneous,LL,ML,0.0010000000000000002,1.0617932601767354e-09
retained_satellites,instantaneous,LL,ML,0.001151145407204123,4.274236498618582e-09
retained_satellites,instantaneous,LL,ML,0.0013251357485271446,1.5884023663973053e-08
retained_satellites,instantaneous,LL,ML,0.0015254239308390184,4.707042889366189e-08
retained_satellites,instantaneous,LL,ML,0.0017559847520245955,1.1563114088919016e-07
retained_satellites,instantaneous,LL,ML,0.0020213937824135834,2.419089487817507e-07
retained_satellites,instantaneous,LL,ML,0.0023269181687763643,4.40242110628409e-07
retained_satellites,instantaneous,LL,ML,0.0026786211629267367,7.160814018768698e-07
retained_satellites,instantaneous,LL,ML,0.003083482449342879,1.0751949890689407e-06
retained_satellites,instantaneous,LL,ML,0.003549536659755571,1.5351605073387506e-06
retained_satellites,instantaneous,LL,ML,0.0040860328235802846,2.131623882412247e-06
retained_satellites,instantaneous,LL,ML,0.004703617918549738,2.9223657347860446e-06
retained_satellites,instantaneous,LL,ML,0.005414548164181547,3.995285814879893e-06
retained_satellites,instantaneous,LL,ML,0.006232932251283096,5.483961424346144e-06
retained_satellites,instantaneous,LL,ML,0.007175011334478982,7.589709261454052e-06
retained_satellites,instantaneous,LL,ML,0.008259481344323003,1.0615665094974077e-05
retained_satellites,instantaneous,LL,ML,0.009507864015405551,1.5563415318356068e-05
retained_satellites,instantaneous,LL,ML,0.010944933993655438,6.35248452628337e-05
retained_satellites,instantaneous,LL,ML,0.012599210498948734,0.00048818214757131637
retained_satellites,instantaneous,LL,ML,0.014503523300262798,0.0014691170253725348
retained_satellites,instantaneous,LL,ML,0.016695664235375485,0.0022230909228335128
retained_satellites,instantaneous,LL,ML,0.019219137204774604,0.0027961822031382644
retained_satellites,instantaneous,LL,ML,0.022124021523702166,0.0037111706002028438
retained_satellites,instantaneous,LL,ML,0.025467965765894884,0.004925590933707337
retained_satellites,instantaneous,LL,ML,0.02931733182224172,0.006362928606595186
retained_satellites,instantaneous,LL,ML,0.033748511878652805,0.008155493743301457
retained_satellites,instantaneous,LL,ML,0.038849444449084954,0.010466709035392874
retained_satellites,instantaneous,LL,ML,0.0447213595499958,0.013379694184408547
retained_satellites,instantaneous,LL,ML,0.051480787649901855,0.01680466633269053
retained_satellites,instantaneous,LL,ML,0.05926187226243524,0.020377698132544243
retained_satellites,instantaneous,LL,ML,0.06821903207721966,0.023614682698128185
retained_satellites,instantaneous,LL,ML,0.07853002545960214,0.02614305206869328
retained_satellites,instantaneous,LL,ML,0.09039947813544373,0.0278154863890794
retained_satellites,instantaneous,LL,ML,0.10406294406926557,0.028856258329888685
retained_satellites,instantaneous,LL,ML,0.11979158012547445,0.029784729388807312
retained_satellites,instantaneous,LL,ML,0.13789752728316457,0.031229486221892245
retained_satellites,instantaneous,LL,ML,0.15874010519681997,0.03370566558461847
retained_satellites,instantaneous,LL,ML,0.18273294303641843,0.03797601161436408
retained_satellites,instantaneous,LL,ML,0.21035218812126566,0.04519062688028939
retained_satellites,instantaneous,LL,ML,0.24214595525113236,0.05441743126542228
retained_satellites,instantaneous,LL,ML,0.27874520426039606,0.06196204538535607
retained_satellites,instantaneous,LL,ML,0.32087626166452965,0.06490465819372875
retained_satellites,instantaneous,LL,ML,0.36937523489595164,0.06298435573706518
retained_satellites,instantaneous,LL,ML,0.42520460518541836,0.05917310401693212
retained_satellites,instantaneous,LL,ML,0.48947232838123617,0.05542939209134995
retained_satellites,instantaneous,LL,ML,0.5634538227695682,0.05151240355421257
retained_satellites,instantaneous,LL,ML,0.6486172802527936,0.046843860466075776
retained_satellites,instantaneous,LL,ML,0.7466528031962326,0.04101414598328634
retained_satellites,instantaneous,LL,ML,0.8595059451754261,0.034519728268116126
retained_satellites,instantaneous,LL,ML,0.9894163212533295,0.028411382625014525
retained_satellites,instantaneous,LL,ML,1.138962054023569,0.022654131766504985
retained_satellites,instantaneous,LL,ML,1.3111109374690053,0.016980337998000646
retained_satellites,instantaneous,LL,ML,1.5092793340025346,0.011609187335379105
retained_satellites,instantaneous,LL,ML,1.7373999735251147,0.006948374962199714
retained_satellites,instantaneous,LL,ML,2.0,0.003404650658827842
retained_satellites,instantaneous,LL,ML,2.3022908144082455,0.0012557240833696787
retained_satellites,instantaneous,LL,ML,2.6502714970542867,0.00032225448978645196
retained_satellites,instantaneous,LL,ML,3.0508478616780366,5.414531880217637e-05
retained_satellites,instantaneous,LL,ML,3.5119695040491905,5.744536404043064e-06
retained_satellites,instantaneous,LL,ML,4.042787564827166,3.813760346750439e-07
retained_satellites,instantaneous,LL,ML,4.653836337552724,1.6030395369421795e-08
retained_satellites,instantaneous,LL,ML,5.3572423258534725,4.432459959296961e-10
retained_satellites,instantaneous,LL,HL,0.00032430864012639686,6.93565597948738e-14
retained_satellites,instantaneous,LL,HL,0.00037332640159811636,5.504875138145329e-13
retained_satellites,instantaneous,LL,HL,0.00042975297258771353,2.1997485283764205e-12
retained_satellites,instantaneous,LL,HL,0.0004947081606266652,6.651527386121751e-12
retained_satellites,instantaneous,LL,HL,0.0005694810270117846,1.6147503625454988e-11
retained_satellites,instantaneous,LL,HL,0.0006555554687345028,3.300429939696513e-11
retained_satellites,instantaneous,LL,HL,0.000754639667001268,5.891839704140238e-11
retained_satellites,instantaneous,LL,HL,0.0008686999867625583,1.010117423908208e-10
retained_satellites,instantaneous,LL,HL,0.0010000000000000002,3.3118808109127927e-10
retained_satellites,instantaneous,LL,HL,0.001151145407204123,1.7963133121671096e-09
retained_satellites,instantaneous,LL,HL,0.0013251357485271446,7.282737899989223e-09
retained_satellites,instantaneous,LL,HL,0.0015254239308390184,2.2167738365861455e-08
retained_satellites,instantaneous,LL,HL,0.0017559847520245955,5.50011996471241e-08
retained_satellites,instantaneous,LL,HL,0.0020213937824135834,1.1549942860085952e-07
retained_satellites,instantaneous,LL,HL,0.0023269181687763643,2.1031933724515068e-07
retained_satellites,instantaneous,LL,HL,0.0026786211629267367,3.4145320644321456e-07
retained_satellites,instantaneous,LL,HL,0.003083482449342879,5.10239167128687e-07
retained_satellites,instantaneous,LL,HL,0.003549536659755571,7.220449557353819e-07
retained_satellites,instantaneous,LL,HL,0.0040860328235802846,9.8805704362419e-07
retained_satellites,instantaneous,LL,HL,0.004703617918549738,1.3251098412730202e-06
retained_satellites,instantaneous,LL,HL,0.005414548164181547,1.7569834354511632e-06
retained_satellites,instantaneous,LL,HL,0.006232932251283096,2.319582409032507e-06
retained_satellites,instantaneous,LL,HL,0.007175011334478982,3.0696874685940398e-06
retained_satellites,instantaneous,LL,HL,0.008259481344323003,4.102953801909348e-06
retained_satellites,instantaneous,LL,HL,0.009507864015405551,6.116710151160535e-06
retained_satellites,instantaneous,LL,HL,0.010944933993655438,4.965750394608556e-05
retained_satellites,instantaneous,LL,HL,0.012599210498948734,0.0004674658849920974
retained_satellites,instantaneous,LL,HL,0.014503523300262798,0.0014378871755249096
retained_satellites,instantaneous,LL,HL,0.016695664235375485,0.002173623186989661
retained_satellites,instantaneous,LL,HL,0.019219137204774604,0.002711161393618819
retained_satellites,instantaneous,LL,HL,0.022124021523702166,0.0035533094076227916
retained_satellites,instantaneous,LL,HL,0.025467965765894884,0.004616838559777605
retained_satellites,instantaneous,LL,HL,0.02931733182224172,0.005756067565900374
retained_satellites,instantaneous,LL,HL,0.033748511878652805,0.007009566189779458
retained_satellites,instantaneous,LL,HL,0.038849444449084954,0.008447990602053108
retained_satellites,instantaneous,LL,HL,0.0447213595499958,0.010114918093076703
retained_satellites,instantaneous,LL,HL,0.051480787649901855,0.011990947810297721
retained_satellites,instantaneous,LL,HL,0.05926187226243524,0.013906233363750074
retained_satellites,instantaneous,LL,HL,0.06821903207721966,0.01563915762999059
retained_satellites,instantaneous,LL,HL,0.07853002545960214,0.017053518291581176
retained_satellites,instantaneous,LL,HL,0.09039947813544373,0.01813672615821383
retained_satellites,instantaneous,LL,HL,0.10406294406926557,0.019127873635255425
retained_satellites,instantaneous,LL,HL,0.11979158012547445,0.020469041746294606
retained_satellites,instantaneous,LL,HL,0.13789752728316457,0.02265712247532097
retained_satellites,instantaneous,LL,HL,0.15874010519681997,0.026040435329207214
retained_satellites,instantaneous,LL,HL,0.18273294303641843,0.031160198840983973
retained_satellites,instantaneous,LL,HL,0.21035218812126566,0.03893131510540679
retained_satellites,instantaneous,LL,HL,0.24214595525113236,0.04864406077800979
retained_satellites,instantaneous,LL,HL,0.27874520426039606,0.057690115103711415
retained_satellites,instantaneous,LL,HL,0.32087626166452965,0.06455603566820181
retained_satellites,instantaneous,LL,HL,0.36937523489595164,0.06775188874512439
retained_satellites,instantaneous,LL,HL,0.42520460518541836,0.06779827095103082
retained_satellites,instantaneous,LL,HL,0.48947232838123617,0.0662268536069748
retained_satellites,instantaneous,LL,HL,0.5634538227695682,0.06328411908221074
retained_satellites,instantaneous,LL,HL,0.6486172802527936,0.05873770766511839
retained_satellites,instantaneous,LL,HL,0.7466528031962326,0.05253378775015649
retained_satellites,instantaneous,LL,HL,0.8595059451754261,0.044824987831151006
retained_satellites,instantaneous,LL,HL,0.9894163212533295,0.03719092113361455
retained_satellites,instantaneous,LL,HL,1.138962054023569,0.03017497269388327
retained_satellites,instantaneous,LL,HL,1.3111109374690053,0.023290009464696757
retained_satellites,instantaneous,LL,HL,1.5092793340025346,0.01658254436166736
retained_satellites,instantaneous,LL,HL,1.7373999735251147,0.010523341154072047
retained_satellites,instantaneous,LL,HL,2.0,0.005607811872337578
retained_satellites,instantaneous,LL,HL,2.3022908144082455,0.0023016728366374068
retained_satellites,instantaneous,LL,HL,2.6502714970542867,0.0006657523617360641
retained_satellites,instantaneous,LL,HL,3.0508478616780366,0.00012627497074664955
retained_satellites,instantaneous,LL,HL,3.5119695040491905,1.4999395492592133e-05
retained_satellites,instantaneous,LL,HL,4.042787564827166,1.0994420965328759e-06
retained_satellites,instantaneous,LL,HL,4.653836337552724,5.0252274121151566e-08
retained_satellites,instantaneous,LL,HL,5.3572423258534725,1.4914948029804642e-09
retained_satellites,instantaneous,ML,LL,0.00032430864012639686,6.498417673600271e-13
retained_satellites,instantaneous,ML,LL,0.00037332640159811636,5.186294310112728e-12
retained_satellites,instantaneous,ML,LL,0.00042975297258771353,2.0875313935640013e-11
retained_satellites,instantaneous,ML,LL,0.0004947081606266652,6.3664778846675e-11
retained_satellites,instantaneous,ML,LL,0.0005694810270117846,1.5632146132028546e-10
retained_satellites,instantaneous,ML,LL,0.0006555554687345028,3.245407243092018e-10
retained_satellites,instantaneous,ML,LL,0.000754639667001268,5.916218682858504e-10
retained_satellites,instantaneous,ML,LL,0.0008686999867625583,9.92270489924232e-10
retained_satellites,instantaneous,ML,LL,0.0010000000000000002,2.0613775395166064e-09
retained_satellites,instantaneous,ML,LL,0.001151145407204123,6.955161653357823e-09
retained_satellites,instantaneous,ML,LL,0.0013251357485271446,2.4039762684174186e-08
retained_satellites,instantaneous,ML,LL,0.0015254239308390184,6.945475564014489e-08
retained_satellites,instantaneous,ML,LL,0.0017559847520245955,1.6892003771466945e-07
retained_satellites,instantaneous,ML,LL,0.0020213937824135834,3.5198583830083805e-07
retained_satellites,instantaneous,ML,LL,0.0023269181687763643,6.400004014754165e-07
retained_satellites,instantaneous,ML,LL,0.0026786211629267367,1.0425203330426489e-06
retained_satellites,instantaneous,ML,LL,0.003083482449342879,1.5716471608803737e-06
retained_satellites,instantaneous,ML,LL,0.003549536659755571,2.2606920557168756e-06
retained_satellites,instantaneous,ML,LL,0.0040860328235802846,3.1760628184632207e-06
retained_satellites,instantaneous,ML,LL,0.004703617918549738,4.427965600178785e-06
retained_satellites,instantaneous,ML,LL,0.005414548164181547,6.187257511629748e-06
retained_satellites,instantaneous,ML,LL,0.006232932251283096,8.711902466047547e-06
retained_satellites,instantaneous,ML,LL,0.007175011334478982,1.2381114224253583e-05
retained_satellites,instantaneous,ML,LL,0.008259481344323003,1.774218251028987e-05
retained_satellites,instantaneous,ML,LL,0.009507864015405551,2.6135182252499604e-05
retained_satellites,instantaneous,ML,LL,0.010944933993655438,7.921111301483928e-05
retained_satellites,instantaneous,ML,LL,0.012599210498948734,0.0005115796511751984
retained_satellites,instantaneous,ML,LL,0.014503523300262798,0.001504074747215365
retained_satellites,instantaneous,ML,LL,0.016695664235375485,0.0022772625554515237
retained_satellites,instantaneous,ML,LL,0.019219137204774604,0.0028860631498098233
retained_satellites,instantaneous,ML,LL,0.022124021523702166,0.00387151925511323
retained_satellites,instantaneous,ML,LL,0.025467965765894884,0.005227301826146574
retained_satellites,instantaneous,ML,LL,0.02931733182224172,0.006935196013776234
retained_satellites,instantaneous,ML,LL,0.033748511878652805,0.009201105100165355
retained_satellites,instantaneous,ML,LL,0.038849444449084954,0.012250939233956983
retained_satellites,instantaneous,ML,LL,0.0447213595499958,0.016173103569222226
retained_satellites,instantaneous,ML,LL,0.051480787649901855,0.020786761486640784
retained_satellites,instantaneous,ML,LL,0.05926187226243524,0.025549344089261832
retained_satellites,instantaneous,ML,LL,0.06821903207721966,0.029774400272785134
retained_satellites,instantaneous,ML,LL,0.07853002545960214,0.032940568873764536
retained_satellites,instantaneous,ML,LL,0.09039947813544373,0.03484701492661253
retained_satellites,instantaneous,ML,LL,0.10406294406926557,0.03575018987138195
retained_satellites,instantaneous,ML,LL,0.11979158012547445,0.03625203453057778
retained_satellites,instantaneous,ML,LL,0.13789752728316457,0.03708512650431507
retained_satellites,instantaneous,ML,LL,0.15874010519681997,0.03888434224077237
retained_satellites,instantaneous,ML,LL,0.18273294303641843,0.042579152242886185
retained_satellites,instantaneous,ML,LL,0.21035218812126566,0.04949914411987886
retained_satellites,instantaneous,ML,LL,0.24214595525113236,0.058443069888333456
retained_satellites,instantaneous,ML,LL,0.27874520426039606,0.06451482396853664
retained_satellites,instantaneous,ML,LL,0.32087626166452965,0.06375896914403974
retained_satellites,instantaneous,ML,LL,0.36937523489595164,0.05791608577420697
retained_satellites,instantaneous,ML,LL,0.42520460518541836,0.051820678148336664
retained_satellites,instantaneous,ML,LL,0.48947232838123617,0.04710895998444284
retained_satellites,instantaneous,ML,LL,0.5634538227695682,0.042947443427739186
retained_satellites,instantaneous,ML,LL,0.6486172802527936,0.0384187618867083
retained_satellites,instantaneous,ML,LL,0.7466528031962326,0.0331081740643514
retained_satellites,instantaneous,ML,LL,0.8595059451754261,0.027623422384460177
retained_satellites,instantaneous,ML,LL,0.9894163212533295,0.02253239081269091
retained_satellites,instantaneous,ML,LL,1.138962054023569,0.017639636992475206
retained_satellites,instantaneous,ML,LL,1.3111109374690053,0.01285985942082823
retained_satellites,instantaneous,ML,LL,1.5092793340025346,0.008459982147640873
retained_satellites,instantaneous,ML,LL,1.7373999735251147,0.00479045968413594
retained_satellites,instantaneous,ML,LL,2.0,0.002175945521784704
retained_satellites,instantaneous,ML,LL,2.3022908144082455,0.0007322452655753118
retained_satellites,instantaneous,ML,LL,2.6502714970542867,0.00017016989448252854
retained_satellites,instantaneous,ML,LL,3.0508478616780366,2.5913114616548756e-05
retained_satellites,instantaneous,ML,LL,3.5119695040491905,2.5108225253354153e-06
retained_satellites,instantaneous,ML,LL,4.042787564827166,1.539709311263129e-07
retained_satellites,instantaneous,ML,LL,4.653836337552724,6.049867688520573e-09
retained_satellites,instantaneous,ML,LL,5.3572423258534725,1.5796710990380272e-10
retained_satellites,instantaneous,ML,ML,0.00032430864012639686,2.1636495946000895e-13
retained_satellites,instantaneous,ML,ML,0.00037332640159811636,1.7211838450952975e-12
retained_satellites,instantaneous,ML,ML,0.00042975297258771353,6.898131631782279e-12
retained_satellites,instantaneous,ML,ML,0.0004947081606266652,2.0930886193871102e-11
retained_satellites,instantaneous,ML,ML,0.0005694810270117846,5.1049023294273935e-11
retained_satellites,instantaneous,ML,ML,0.0006555554687345028,1.0501511229679793e-10
retained_satellites,instantaneous,ML,ML,0.000754639667001268,1.8909640039384857e-10
retained_satellites,instantaneous,ML,ML,0.0008686999867625583,3.1761109963033106e-10
retained_satellites,instantaneous,ML,ML,0.0010000000000000002,7.945007906261648e-10
retained_satellites,instantaneous,ML,ML,0.001151145407204123,3.456284583824423e-09
retained_satellites,instantaneous,ML,ML,0.0013251357485271446,1.3186528462134192e-08
retained_satellites,instantaneous,ML,ML,0.0015254239308390184,3.941037611367669e-08
retained_satellites,instantaneous,ML,ML,0.0017559847520245955,9.712733171517519e-08
retained_satellites,instantaneous,ML,ML,0.0020213937824135834,2.034512909456305e-07
retained_satellites,instantaneous,ML,ML,0.0023269181687763643,3.703404944045012e-07
retained_satellites,instantaneous,ML,ML,0.0026786211629267367,6.020498334800788e-07
retained_satellites,instantaneous,ML,ML,0.003083482449342879,9.026716175248306e-07
retained_satellites,instantaneous,ML,ML,0.003549536659755571,1.2853834529472515e-06
retained_satellites,instantaneous,ML,ML,0.0040860328235802846,1.777098601122413e-06
retained_satellites,instantaneous,ML,ML,0.004703617918549738,2.4208155542494432e-06
retained_satellites,instantaneous,ML,ML,0.005414548164181547,3.281097800132147e-06
retained_satellites,instantaneous,ML,ML,0.006232932251283096,4.456127695214922e-06
retained_satellites,instantaneous,ML,ML,0.007175011334478982,6.095530902013284e-06
retained_satellites,instantaneous,ML,ML,0.008259481344323003,8.429604520911528e-06
retained_satellites,instantaneous,ML,ML,0.009507864015405551,1.2355720814076671e-05
retained_satellites,instantaneous,ML,ML,0.010944933993655438,5.8786021934668995e-05
retained_satellites,instantaneous,ML,ML,0.012599210498948734,0.00048109823711828373
retained_satellites,instantaneous,ML,ML,0.014503523300262798,0.0014584692628272983
retained_satellites,instantaneous,ML,ML,0.016695664235375485,0.0022063806167394984
retained_satellites,instantaneous,ML,ML,0.019219137204774604,0.0027679119833469946
retained_satellites,instantaneous,ML,ML,0.022124021523702166,0.00365962311316166
retained_satellites,instantaneous,ML,ML,0.025467965765894884,0.004826505655846287
retained_satellites,instantaneous,ML,ML,0.02931733182224172,0.006171167106088254
retained_satellites,instantaneous,ML,ML,0.033748511878652805,0.007798370899145186
retained_satellites,instantaneous,ML,ML,0.038849444449084954,0.009845715847833222
retained_satellites,instantaneous,ML,ML,0.0447213595499958,0.012388333621339433
retained_satellites,instantaneous,ML,ML,0.051480787649901855,0.015362316035115045
retained_satellites,instantaneous,ML,ML,0.05926187226243524,0.018464835876741824
retained_satellites,instantaneous,ML,ML,0.06821903207721966,0.02128878968980239
retained_satellites,instantaneous,ML,ML,0.07853002545960214,0.02352595476696718
retained_satellites,instantaneous,ML,ML,0.09039947813544373,0.025060817561096696
retained_satellites,instantaneous,ML,ML,0.10406294406926557,0.026115097129725966
retained_satellites,instantaneous,ML,ML,0.11979158012547445,0.027181680369789823
retained_satellites,instantaneous,ML,ML,0.13789752728316457,0.02885000455891561
retained_satellites,instantaneous,ML,ML,0.15874010519681997,0.03158782145152136
retained_satellites,instantaneous,ML,ML,0.18273294303641843,0.036094248866616434
retained_satellites,instantaneous,ML,ML,0.21035218812126566,0.043451537522019
retained_satellites,instantaneous,ML,ML,0.24214595525113236,0.052805296894113354
retained_satellites,instantaneous,ML,ML,0.27874520426039606,0.06082457900337038
retained_satellites,instantaneous,ML,ML,0.32087626166452965,0.06500506704763517
retained_satellites,instantaneous,ML,ML,0.36937523489595164,0.06458551713031417
retained_satellites,instantaneous,ML,ML,0.42520460518541836,0.06180418789216803
retained_satellites,instantaneous,ML,ML,0.48947232838123617,0.05858573153298294
retained_satellites,instantaneous,ML,ML,0.5634538227695682,0.05486841880030754
retained_satellites,instantaneous,ML,ML,0.6486172802527936,0.050195932974732585
retained_satellites,instantaneous,ML,ML,0.7466528031962326,0.04422191097533462
retained_satellites,instantaneous,ML,ML,0.8595059451754261,0.03735553216691051
retained_satellites,instantaneous,ML,ML,0.9894163212533295,0.030826693504968035
retained_satellites,instantaneous,ML,ML,1.138962054023569,0.024721782701901767
retained_satellites,instantaneous,ML,ML,1.3111109374690053,0.01870187767821358
retained_satellites,instantaneous,ML,ML,1.5092793340025346,0.012950311015091188
retained_satellites,instantaneous,ML,ML,1.7373999735251147,0.007895339031129853
retained_satellites,instantaneous,ML,ML,2.0,0.003970588337413757
retained_satellites,instantaneous,ML,ML,2.3022908144082455,0.0015127478136264302
retained_satellites,instantaneous,ML,ML,2.6502714970542867,0.0004023673693197319
retained_satellites,instantaneous,ML,ML,3.0508478616780366,7.008113204081212e-05
retained_satellites,instantaneous,ML,ML,3.5119695040491905,7.687467318836429e-06
retained_satellites,instantaneous,ML,ML,4.042787564827166,5.254960412191364e-07
retained_satellites,instantaneous,ML,ML,4.653836337552724,2.264191141475732e-08
retained_satellites,instantaneous,ML,ML,5.3572423258534725,6.393249621434067e-10
retained_satellites,instantaneous,ML,HL,0.00032430864012639686,7.326139056409237e-14
retained_satellites,instantaneous,ML,HL,0.00037332640159811636,5.815307881519819e-13
retained_satellites,instantaneous,ML,HL,0.00042975297258771353,2.32405818610678e-12
retained_satellites,instantaneous,ML,HL,0.0004947081606266652,7.028339843938706e-12
retained_satellites,instantaneous,ML,HL,0.0005694810270117846,1.7065297238256572e-11
retained_satellites,instantaneous,ML,HL,0.0006555554687345028,3.488885283281684e-11
retained_satellites,instantaneous,ML,HL,0.000754639667001268,6.230302358970394e-11
retained_satellites,instantaneous,ML,HL,0.0008686999867625583,1.0664966088161539e-10
retained_satellites,instantaneous,ML,HL,0.0010000000000000002,3.4459029593482893e-10
retained_satellites,instantaneous,ML,HL,0.001151145407204123,1.851764463757596e-09
retained_satellites,instantaneous,ML,HL,0.0013251357485271446,7.491052233264252e-09
retained_satellites,instantaneous,ML,HL,0.0015254239308390184,2.2787458163375544e-08
retained_satellites,instantaneous,ML,HL,0.0017559847520245955,5.652605305511658e-08
retained_satellites,instantaneous,ML,HL,0.0020213937824135834,1.1869182839869462e-07
retained_satellites,instantaneous,ML,HL,0.0023269181687763643,2.161306126950835e-07
retained_satellites,instantaneous,ML,HL,0.0026786211629267367,3.509053443162226e-07
retained_satellites,instantaneous,ML,HL,0.003083482449342879,5.244277049975035e-07
retained_satellites,instantaneous,ML,HL,0.003549536659755571,7.422930177219971e-07
retained_satellites,instantaneous,ML,HL,0.0040860328235802846,1.0161518573571278e-06
retained_satellites,instantaneous,ML,HL,0.004703617918549738,1.3635934863460255e-06
retained_satellites,instantaneous,ML,HL,0.005414548164181547,1.8095524295554132e-06
retained_satellites,instantaneous,ML,HL,0.006232932251283096,2.39170110177867e-06
retained_satellites,instantaneous,ML,HL,0.007175011334478982,3.1695056123833696e-06
retained_satellites,instantaneous,ML,HL,0.008259481344323003,4.242624153958397e-06
retained_satellites,instantaneous,ML,HL,0.009507864015405551,6.314557051681774e-06
retained_satellites,instantaneous,ML,HL,0.010944933993655438,4.994379133847198e-05
retained_satellites,instantaneous,ML,HL,0.012599210498948734,0.00046789224876962624
retained_satellites,instantaneous,ML,HL,0.014503523300262798,0.0014385326800272324
retained_satellites,instantaneous,ML,HL,0.016695664235375485,0.0021746634247563207
retained_satellites,instantaneous,ML,HL,0.019219137204774604,0.0027130034169895187
retained_satellites,instantaneous,ML,HL,0.022124021523702166,0.0035568455584656837
retained_satellites,instantaneous,ML,HL,0.025467965765894884,0.0046239697262875
retained_satellites,instantaneous,ML,HL,0.02931733182224172,0.005770453723698575
retained_satellites,instantaneous,ML,HL,0.033748511878652805,0.007037341117362271
retained_satellites,instantaneous,ML,HL,0.038849444449084954,0.008497908984721476
retained_satellites,instantaneous,ML,HL,0.0447213595499958,0.010197218410092898
retained_satellites,instantaneous,ML,HL,0.051480787649901855,0.012114650660363694
retained_satellites,instantaneous,ML,HL,0.05926187226243524,0.01407575717095042
retained_satellites,instantaneous,ML,HL,0.06821903207721966,0.015852009515810978
retained_satellites,instantaneous,ML,HL,0.07853002545960214,0.017300358112713923
retained_satellites,instantaneous,ML,HL,0.09039947813544373,0.018403687325529494
retained_satellites,instantaneous,ML,HL,0.10406294406926557,0.0193998061341152
retained_satellites,instantaneous,ML,HL,0.11979158012547445,0.020732323792547042
retained_satellites,instantaneous,ML,HL,0.13789752728316457,0.02290151981391448
retained_satellites,instantaneous,ML,HL,0.15874010519681997,0.026260312954013022
retained_satellites,instantaneous,ML,HL,0.18273294303641843,0.0313559774199463
retained_satellites,instantaneous,ML,HL,0.21035218812126566,0.03910981720014583
retained_satellites,instantaneous,ML,HL,0.24214595525113236,0.04880768809118068
retained_satellites,instantaneous,ML,HL,0.27874520426039606,0.05781763907700794
retained_satellites,instantaneous,ML,HL,0.32087626166452965,0.06459004958334637
retained_satellites,instantaneous,ML,HL,0.36937523489595164,0.06765127462077854
retained_satellites,instantaneous,ML,HL,0.42520460518541836,0.0675835345156178
retained_satellites,instantaneous,ML,HL,0.48947232838123617,0.06594048026316386
retained_satellites,instantaneous,ML,HL,0.5634538227695682,0.06296055572107802
retained_satellites,instantaneous,ML,HL,0.6486172802527936,0.058405385400219355
retained_satellites,instantaneous,ML,HL,0.7466528031962326,0.052207086229588355
retained_satellites,instantaneous,ML,HL,0.8595059451754261,0.04452786670365544
retained_satellites,instantaneous,ML,HL,0.9894163212533295,0.03693751270081
retained_satellites,instantaneous,ML,HL,1.138962054023569,0.029957881366755628
retained_satellites,instantaneous,ML,HL,1.3111109374690053,0.02310623562443199
retained_satellites,instantaneous,ML,HL,1.5092793340025346,0.016435614381568087
retained_satellites,instantaneous,ML,HL,1.7373999735251147,0.010415488698548477
retained_satellites,instantaneous,ML,HL,2.0,0.0055389377805658765
retained_satellites,instantaneous,ML,HL,2.3022908144082455,0.0022672723943374714
retained_satellites,instantaneous,ML,HL,2.6502714970542867,0.0006537817035279777
retained_satellites,instantaneous,ML,HL,3.0508478616780366,0.00012361248014255562
retained_satellites,instantaneous,ML,HL,3.5119695040491905,1.4639583057351083e-05
retained_satellites,instantaneous,ML,HL,4.042787564827166,1.0702744822061675e-06
retained_satellites,instantaneous,ML,HL,4.653836337552724,4.88114974686874e-08
retained_satellites,instantaneous,ML,HL,5.3572423258534725,1.446045068049913e-09
retained_satellites,instantaneous,HL,LL,0.00032430864012639686,6.500007197074377e-13
retained_satellites,instantaneous,HL,LL,0.00037332640159811636,5.187567271574854e-12
retained_satellites,instantaneous,HL,LL,0.00042975297258771353,2.0880461421818958e-11
retained_satellites,instantaneous,HL,LL,0.0004947081606266652,6.368056284824983e-11
retained_satellites,instantaneous,HL,LL,0.0005694810270117846,1.5636049200269647e-10
retained_satellites,instantaneous,HL,LL,0.0006555554687345028,3.246225273523919e-10
retained_satellites,instantaneous,HL,LL,0.000754639667001268,5.917728578651401e-10
retained_satellites,instantaneous,HL,LL,0.0008686999867625583,9.925249167492807e-10
retained_satellites,instantaneous,HL,LL,0.0010000000000000002,2.06183852254901e-09
retained_satellites,instantaneous,HL,LL,0.001151145407204123,6.956312223986616e-09
retained_satellites,instantaneous,HL,LL,0.0013251357485271446,2.404308313538261e-08
retained_satellites,instantaneous,HL,LL,0.0015254239308390184,6.946364685294657e-08
retained_satellites,instantaneous,HL,LL,0.0017559847520245955,1.6894097051879873e-07
retained_satellites,instantaneous,HL,LL,0.0020213937824135834,3.520288705663254e-07
retained_satellites,instantaneous,HL,LL,0.0023269181687763643,6.400783862703807e-07
retained_satellites,instantaneous,HL,LL,0.0026786211629267367,1.042647922077628e-06
retained_satellites,instantaneous,HL,LL,0.003083482449342879,1.5718419137766052e-06
retained_satellites,instantaneous,HL,LL,0.003549536659755571,2.260978553953186e-06
retained_satellites,instantaneous,HL,LL,0.0040860328235802846,3.176479243975785e-06
retained_satellites,instantaneous,HL,LL,0.004703617918549738,4.42857334613651e-06
retained_satellites,instantaneous,HL,LL,0.005414548164181547,6.188154657350402e-06
retained_satellites,instantaneous,HL,LL,0.006232932251283096,8.71324163778011e-06
retained_satellites,instantaneous,HL,LL,0.007175011334478982,1.2383125028360749e-05
retained_satellites,instantaneous,HL,LL,0.008259481344323003,1.7745198499269468e-05
retained_satellites,instantaneous,HL,LL,0.009507864015405551,2.6139678421268878e-05
retained_satellites,instantaneous,HL,LL,0.010944933993655438,7.921779247994652e-05
retained_satellites,instantaneous,HL,LL,0.012599210498948734,0.000511589591247848
retained_satellites,instantaneous,HL,LL,0.014503523300262798,0.0015040895351557924
retained_satellites,instantaneous,HL,LL,0.016695664235375485,0.002277285295522046
retained_satellites,instantaneous,HL,LL,0.019219137204774604,0.0028861004578686986
retained_satellites,instantaneous,HL,LL,0.022124021523702166,0.0038715849834659874
retained_satellites,instantaneous,HL,LL,0.025467965765894884,0.005227423950842982
retained_satellites,instantaneous,HL,LL,0.02931733182224172,0.006935424781591389
retained_satellites,instantaneous,HL,LL,0.033748511878652805,0.009201517939211055
retained_satellites,instantaneous,HL,LL,0.038849444449084954,0.01225163475903388
retained_satellites,instantaneous,HL,LL,0.0447213595499958,0.01617417774795648
retained_satellites,instantaneous,HL,LL,0.051480787649901855,0.020788270557623223
retained_satellites,instantaneous,HL,LL,0.05926187226243524,0.025551274332350486
retained_satellites,instantaneous,HL,LL,0.06821903207721966,0.0297766646233541
retained_satellites,instantaneous,HL,LL,0.07853002545960214,0.03294303193636094
retained_satellites,instantaneous,HL,LL,0.09039947813544373,0.03484952999745386
retained_satellites,instantaneous,HL,LL,0.10406294406926557,0.0357526285410735
retained_satellites,instantaneous,HL,LL,0.11979158012547445,0.03625430155637036
retained_satellites,instantaneous,HL,LL,0.13789752728316457,0.03708716454614407
retained_satellites,instantaneous,HL,LL,0.15874010519681997,0.038886136364841464
retained_satellites,instantaneous,HL,LL,0.18273294303641843,0.04258074874963328
retained_satellites,instantaneous,HL,LL,0.21035218812126566,0.04950065569507648
retained_satellites,instantaneous,HL,LL,0.24214595525113236,0.058444490507342954
retained_satellites,instantaneous,HL,LL,0.27874520426039606,0.06451563135046176
retained_satellites,instantaneous,HL,LL,0.32087626166452965,0.0637582978336162
retained_satellites,instantaneous,HL,LL,0.36937523489595164,0.057914003896900955
retained_satellites,instantaneous,HL,LL,0.42520460518541836,0.0518178854119313
retained_satellites,instantaneous,HL,LL,0.48947232838123617,0.0471059222638605
retained_satellites,instantaneous,HL,LL,0.5634538227695682,0.04294438302192864
retained_satellites,instantaneous,HL,LL,0.6486172802527936,0.03841578517519179
retained_satellites,instantaneous,HL,LL,0.7466528031962326,0.0331054227632365
retained_satellites,instantaneous,HL,LL,0.8595059451754261,0.02762104207820073
retained_satellites,instantaneous,HL,LL,0.9894163212533295,0.02253035997742553
retained_satellites,instantaneous,HL,LL,1.138962054023569,0.0176379118924882
retained_satellites,instantaneous,HL,LL,1.3111109374690053,0.012858457478867765
retained_satellites,instantaneous,HL,LL,1.5092793340025346,0.008458927681052032
retained_satellites,instantaneous,HL,LL,1.7373999735251147,0.004789755551725384
retained_satellites,instantaneous,HL,LL,2.0,0.0021755606994260357
retained_satellites,instantaneous,HL,LL,2.3022908144082455,0.0007320898657902702
retained_satellites,instantaneous,HL,LL,2.6502714970542867,0.0001701273549564313
retained_satellites,instantaneous,HL,LL,3.0508478616780366,2.5905674551312174e-05
retained_satellites,instantaneous,HL,LL,3.5119695040491905,2.5100160022082654e-06
retained_satellites,instantaneous,HL,LL,4.042787564827166,1.539168797270713e-07
retained_satellites,instantaneous,HL,LL,4.653836337552724,6.047590338862665e-09
retained_satellites,instantaneous,HL,LL,5.3572423258534725,1.5790423261672971e-10
retained_satellites,instantaneous,HL,ML,0.00032430864012639686,3.0642154938558667e-13
retained_satellites,instantaneous,HL,ML,0.00037332640159811636,2.4397940089156107e-12
retained_satellites,instantaneous,HL,ML,0.00042975297258771353,9.789848970435191e-12
retained_satellites,instantaneous,HL,ML,0.0004947081606266652,2.974707390837488e-11
retained_satellites,instantaneous,HL,ML,0.0005694810270117846,7.268703564319625e-11
retained_satellites,instantaneous,HL,ML,0.0006555554687345028,1.49913082193529e-10
retained_satellites,instantaneous,HL,ML,0.000754639667001268,2.7088044344123394e-10
retained_satellites,instantaneous,HL,ML,0.0008686999867625583,4.540274965542711e-10
retained_satellites,instantaneous,HL,ML,0.0010000000000000002,1.061967052234865e-09
retained_satellites,instantaneous,HL,ML,0.001151145407204123,4.2747481425886505e-09
retained_satellites,instantaneous,HL,ML,0.0013251357485271446,1.5885674714423265e-08
retained_satellites,instantaneous,HL,ML,0.0015254239308390184,4.707507659763139e-08
retained_satellites,instantaneous,HL,ML,0.0017559847520245955,1.1564232709182178e-07
retained_satellites,instantaneous,HL,ML,0.0020213937824135834,2.419321628437497e-07
retained_satellites,instantaneous,HL,ML,0.0023269181687763643,4.402842896736267e-07
retained_satellites,instantaneous,HL,ML,0.0026786211629267367,7.161502426882206e-07
retained_satellites,instantaneous,HL,ML,0.003083482449342879,1.0752992855911036e-06
retained_satellites,instantaneous,HL,ML,0.003549536659755571,1.5353118860359958e-06
retained_satellites,instantaneous,HL,ML,0.0040860328235802846,2.1318395690537116e-06
retained_satellites,instantaneous,HL,ML,0.004703617918549738,2.9226724602658566e-06
retained_satellites,instantaneous,HL,ML,0.005414548164181547,3.995725339695505e-06
retained_satellites,instantaneous,HL,ML,0.006232932251283096,5.484598244788865e-06
retained_satellites,instantaneous,HL,ML,0.007175011334478982,7.590640892447785e-06
retained_satellites,instantaneous,HL,ML,0.008259481344323003,1.0617035238997967e-05
retained_satellites,instantaneous,HL,ML,0.009507864015405551,1.5565433160199713e-05
retained_satellites,instantaneous,HL,ML,0.010944933993655438,6.352783143881789e-05
retained_satellites,instantaneous,HL,ML,0.012599210498948734,0.0004881866102689565
retained_satellites,instantaneous,HL,ML,0.014503523300262798,0.0014691237232723486
retained_satellites,instantaneous,HL,ML,0.016695664235375485,0.0022231013966579026
retained_satellites,instantaneous,HL,ML,0.019219137204774604,0.0027961998208536993
retained_satellites,instantaneous,HL,ML,0.022124021523702166,0.003711202514913239
retained_satellites,instantaneous,HL,ML,0.025467965765894884,0.00492565189328642
retained_satellites,instantaneous,HL,ML,0.02931733182224172,0.00636304589675417
retained_satellites,instantaneous,HL,ML,0.033748511878652805,0.008155711001987196
retained_satellites,instantaneous,HL,ML,0.038849444449084954,0.010467084856661736
retained_satellites,instantaneous,HL,ML,0.0447213595499958,0.013380290971577391
retained_satellites,instantaneous,HL,ML,0.051480787649901855,0.01680552982824476
retained_satellites,instantaneous,HL,ML,0.05926187226243524,0.020378836846741712
retained_satellites,instantaneous,HL,ML,0.06821903207721966,0.023616059558058296
retained_satellites,instantaneous,HL,ML,0.07853002545960214,0.026144593141041093
retained_satellites,instantaneous,HL,ML,0.09039947813544373,0.027817100768825362
retained_satellites,instantaneous,HL,ML,0.10406294406926557,0.02885785823396052
retained_satellites,instantaneous,HL,ML,0.11979158012547445,0.02978624355601799
retained_satellites,instantaneous,HL,ML,0.13789752728316457,0.031230866654388373
retained_satellites,instantaneous,HL,ML,0.15874010519681997,0.03370689199814513
retained_satellites,instantaneous,HL,ML,0.18273294303641843,0.037977101217421434
retained_satellites,instantaneous,HL,ML,0.21035218812126566,0.04519163695991198
retained_satellites,instantaneous,HL,ML,0.24214595525113236,0.054418369630430306
retained_satellites,instantaneous,HL,ML,0.27874520426039606,0.0619626916459628
retained_satellites,instantaneous,HL,ML,0.32087626166452965,0.06490454713743216
retained_satellites,instantaneous,HL,ML,0.36937523489595164,0.06298335682318702
retained_satellites,instantaneous,HL,ML,0.42520460518541836,0.059171520856264315
retained_satellites,instantaneous,HL,ML,0.48947232838123617,0.05542752419731276
retained_satellites,instantaneous,HL,ML,0.5634538227695682,0.05151043631966948
retained_satellites,instantaneous,HL,ML,0.6486172802527936,0.04684190402346387
retained_satellites,instantaneous,HL,ML,0.7466528031962326,0.041012283575665935
retained_satellites,instantaneous,HL,ML,0.8595059451754261,0.034518088741816604
retained_satellites,instantaneous,HL,ML,0.9894163212533295,0.02840998598311491
retained_satellites,instantaneous,HL,ML,1.138962054023569,0.022652936959660024
retained_satellites,instantaneous,HL,ML,1.3111109374690053,0.016979346579292582
retained_satellites,instantaneous,HL,ML,1.5092793340025346,0.011608418875192992
retained_satellites,instantaneous,HL,ML,1.7373999735251147,0.006947836590958303
retained_satellites,instantaneous,HL,ML,2.0,0.0034043330878716607
retained_satellites,instantaneous,HL,ML,2.3022908144082455,0.0012555824246819759
retained_satellites,instantaneous,HL,ML,2.6502714970542867,0.00032221122673079823
retained_satellites,instantaneous,HL,ML,3.0508478616780366,5.4136888047322213e-05
retained_satellites,instantaneous,HL,ML,3.5119695040491905,5.7435278044068975e-06
retained_satellites,instantaneous,HL,ML,4.042787564827166,3.813024401786613e-07
retained_satellites,instantaneous,HL,ML,4.653836337552724,1.6027065503145167e-08
retained_satellites,instantaneous,HL,ML,5.3572423258534725,4.43148381301653e-10
retained_satellites,instantaneous,HL,HL,0.00032430864012639686,1.4579840648351195e-13
retained_satellites,instantaneous,HL,HL,0.00037332640159811636,1.1587843487055897e-12
retained_satellites,instantaneous,HL,HL,0.00042975297258771353,4.63868919601334e-12
retained_satellites,instantaneous,HL,HL,0.0004947081606266652,1.4055552108451509e-11
retained_satellites,instantaneous,HL,HL,0.0005694810270117846,3.4217097720362997e-11
retained_satellites,instantaneous,HL,HL,0.0006555554687345028,7.020930140191053e-11
retained_satellites,instantaneous,HL,HL,0.000754639667001268,1.2598719804230832e-10
retained_satellites,instantaneous,HL,HL,0.0008686999867625583,2.1257751187604796e-10
retained_satellites,instantaneous,HL,HL,0.0010000000000000002,5.791669718174829e-10
retained_satellites,instantaneous,HL,HL,0.001151145407204123,2.7372862245644172e-09
retained_satellites,instantaneous,HL,HL,0.0013251357485271446,1.0708244360550684e-08
retained_satellites,instantaneous,HL,HL,0.0015254239308390184,3.225311316043383e-08
retained_satellites,instantaneous,HL,HL,0.0017559847520245955,7.971865438524505e-08
retained_satellites,instantaneous,HL,HL,0.0020213937824135834,1.671686651582538e-07
retained_satellites,instantaneous,HL,HL,0.0023269181687763643,3.043502628064077e-07
retained_satellites,instantaneous,HL,HL,0.0026786211629267367,4.945052842067495e-07
retained_satellites,instantaneous,HL,HL,0.003083482449342879,7.40407032882447e-07
retained_satellites,instantaneous,HL,HL,0.003549536659755571,1.0516265279608454e-06
retained_satellites,instantaneous,HL,HL,0.0040860328235802846,1.4478584053165459e-06
retained_satellites,instantaneous,HL,HL,0.004703617918549738,1.9599809347276533e-06
retained_satellites,instantaneous,HL,HL,0.005414548164181547,2.6335277460578675e-06
retained_satellites,instantaneous,HL,HL,0.006232932251283096,3.537680605367377e-06
retained_satellites,instantaneous,HL,HL,0.007175011334478982,4.779206074598157e-06
retained_satellites,instantaneous,HL,HL,0.008259481344323003,6.5270306817479125e-06
retained_satellites,instantaneous,HL,HL,0.009507864015405551,9.588900170824345e-06
retained_satellites,instantaneous,HL,HL,0.010944933993655438,5.471755890089172e-05
retained_satellites,instantaneous,HL,HL,0.012599210498948734,0.00047501662619392693
retained_satellites,instantaneous,HL,HL,0.014503523300262798,0.0014493021901271527
retained_satellites,instantaneous,HL,HL,0.016695664235375485,0.002191881041616178
retained_satellites,instantaneous,HL,HL,0.019219137204774604,0.002743063103348832
retained_satellites,instantaneous,HL,HL,0.022124021523702166,0.0036136456136951793
retained_satellites,instantaneous,HL,HL,0.025467965765894884,0.004736881868068913
retained_satellites,instantaneous,HL,HL,0.02931733182224172,0.00599552244837906
retained_satellites,instantaneous,HL,HL,0.033748511878652805,0.007467536728668682
retained_satellites,instantaneous,HL,HL,0.038849444449084954,0.009264236015920614
retained_satellites,instantaneous,HL,HL,0.0447213595499958,0.011450040707762031
retained_satellites,instantaneous,HL,HL,0.051480787649901855,0.013982046760031843
retained_satellites,instantaneous,HL,HL,0.05926187226243524,0.016613671762824966
retained_satellites,instantaneous,HL,HL,0.06821903207721966,0.019012945609287485
retained_satellites,instantaneous,HL,HL,0.07853002545960214,0.020938411337379864
retained_satellites,instantaneous,HL,HL,0.09039947813544373,0.022311684901901885
retained_satellites,instantaneous,HL,HL,0.10406294406926557,0.023357374714716803
retained_satellites,instantaneous,HL,HL,0.11979158012547445,0.024545447593300743
retained_satellites,instantaneous,HL,HL,0.13789752728316457,0.026427495461157056
retained_satellites,instantaneous,HL,HL,0.15874010519681997,0.029423854073493853
retained_satellites,instantaneous,HL,HL,0.18273294303641843,0.034170690725639885
retained_satellites,instantaneous,HL,HL,0.21035218812126566,0.04168340130194111
retained_satellites,instantaneous,HL,HL,0.24214595525113236,0.051172942363278726
retained_satellites,instantaneous,HL,HL,0.27874520426039606,0.05962461129995382
retained_satellites,instantaneous,HL,HL,0.32087626166452965,0.06493931470647508
retained_satellites,instantaneous,HL,HL,0.36937523489595164,0.06598465729122238
retained_satellites,instantaneous,HL,HL,0.42520460518541836,0.06428996430235852
retained_satellites,instantaneous,HL,HL,0.48947232838123617,0.06167151119326824
retained_satellites,instantaneous,HL,HL,0.5634538227695682,0.05821456993441737
retained_satellites,instantaneous,HL,HL,0.6486172802527936,0.05356786383529683
retained_satellites,instantaneous,HL,HL,0.7466528031962326,0.047480836406968985
retained_satellites,instantaneous,HL,HL,0.8595059451754261,0.040262384137200166
retained_satellites,instantaneous,HL,HL,0.9894163212533295,0.03330238899180542
retained_satellites,instantaneous,HL,HL,1.138962054023569,0.02684292070946577
retained_satellites,instantaneous,HL,HL,1.3111109374690053,0.02047905686187327
retained_satellites,instantaneous,HL,HL,1.5092793340025346,0.014347898079197351
retained_satellites,instantaneous,HL,HL,1.7373999735251147,0.008896512488436934
retained_satellites,instantaneous,HL,HL,2.0,0.0045836409383364345
retained_satellites,instantaneous,HL,HL,2.3022908144082455,0.0018007696607384117
retained_satellites,instantaneous,HL,HL,2.6502714970542867,0.0004956803865840015
retained_satellites,instantaneous,HL,HL,3.0508478616780366,8.937919153028329e-05
retained_satellites,instantaneous,HL,HL,3.5119695040491905,1.0125999745022569e-05
retained_satellites,instantaneous,HL,HL,4.042787564827166,7.120469401553318e-07
retained_satellites,instantaneous,HL,HL,4.653836337552724,3.142327435471373e-08
retained_satellites,instantaneous,HL,HL,5.3572423258534725,9.054287216407508e-10
retained_satellites,finite_time,LL,LL,0.00032430864012639686,3.598547207018658e-12
retained_satellites,finite_time,LL,LL,0.00037332640159811636,2.7021110224276706e-11
retained_satellites,finite_time,LL,LL,0.00042975297258771353,1.0436184524229105e-10
retained_satellites,finite_time,LL,LL,0.0004947081606266652,3.1164844801934454e-10
retained_satellites,finite_time,LL,LL,0.0005694810270117846,7.530841754075019e-10
retained_satellites,finite_time,LL,LL,0.0006555554687345028,1.547526600911057e-09
retained_satellites,finite_time,LL,LL,0.000754639667001268,2.8184838862344924e-09
retained_satellites,finite_time,LL,LL,0.0008686999867625583,4.710130576027989e-09
retained_satellites,finite_time,LL,LL,0.0010000000000000002,8.391355751914593e-09
retained_satellites,finite_time,LL,LL,0.001151145407204123,2.0101514592864308e-08
retained_satellites,finite_time,LL,LL,0.0013251357485271446,5.616323045165141e-08
retained_satellites,finite_time,LL,LL,0.0015254239308390184,1.4802379618510992e-07
retained_satellites,finite_time,LL,LL,0.0017559847520245955,3.4615627335886547e-07
retained_satellites,finite_time,LL,LL,0.0020213937824135834,7.103041868574589e-07
retained_satellites,finite_time,LL,LL,0.0023269181687763643,1.2890561640895982e-06
retained_satellites,finite_time,LL,LL,0.0026786211629267367,2.1177820393849494e-06
retained_satellites,finite_time,LL,LL,0.003083482449342879,3.254725689110024e-06
retained_satellites,finite_time,LL,LL,0.003549536659755571,4.832351737130684e-06
retained_satellites,finite_time,LL,LL,0.0040860328235802846,7.094510604218856e-06
retained_satellites,finite_time,LL,LL,0.004703617918549738,1.0446088798862014e-05
retained_satellites,finite_time,LL,LL,0.005414548164181547,1.550017661479982e-05
retained_satellites,finite_time,LL,LL,0.006232932251283096,2.31287138645989e-05
retained_satellites,finite_time,LL,LL,0.007175011334478982,3.4519672352676734e-05
retained_satellites,finite_time,LL,LL,0.008259481344323003,5.1252385883768986e-05
retained_satellites,finite_time,LL,LL,0.009507864015405551,7.60358940786427e-05
retained_satellites,finite_time,LL,LL,0.010944933993655438,0.00015272632214242005
retained_satellites,finite_time,LL,LL,0.012599210498948734,0.0006197462041632147
retained_satellites,finite_time,LL,LL,0.014503523300262798,0.0016639818216262546
retained_satellites,finite_time,LL,LL,0.016695664235375485,0.002522753800943161
retained_satellites,finite_time,LL,LL,0.019219137204774604,0.003290576061565141
retained_satellites,finite_time,LL,LL,0.022124021523702166,0.004590168862129679
retained_satellites,finite_time,LL,LL,0.025467965765894884,0.006559477516173988
retained_satellites,finite_time,LL,LL,0.02931733182224172,0.009377580425583384
retained_satellites,finite_time,LL,LL,0.033748511878652805,0.013438631562978625
retained_satellites,finite_time,LL,LL,0.038849444449084954,0.0190106369510694
retained_satellites,finite_time,LL,LL,0.0447213595499958,0.025932074576986375
retained_satellites,finite_time,LL,LL,0.051480787649901855,0.03348329896055582
retained_satellites,finite_time,LL,LL,0.05926187226243524,0.04051948682941398
retained_satellites,finite_time,LL,LL,0.06821903207721966,0.045972269671192695
retained_satellites,finite_time,LL,LL,0.07853002545960214,0.04928734944838105
retained_satellites,finite_time,LL,LL,0.09039947813544373,0.05049160418545107
retained_satellites,finite_time,LL,LL,0.10406294406926557,0.05014565455724285
retained_satellites,finite_time,LL,LL,0.11979158012547445,0.04911286854196493
retained_satellites,finite_time,LL,LL,0.13789752728316457,0.04833786234667789
retained_satellites,finite_time,LL,LL,0.15874010519681997,0.048709734658504374
retained_satellites,finite_time,LL,LL,0.18273294303641843,0.051685572510115664
retained_satellites,finite_time,LL,LL,0.21035218812126566,0.05915146907101274
retained_satellites,finite_time,LL,LL,0.24214595525113236,0.06737305600752813
retained_satellites,finite_time,LL,LL,0.27874520426039606,0.06409096267184608
retained_satellites,finite_time,LL,LL,0.32087626166452965,0.04960248046785706
retained_satellites,finite_time,LL,LL,0.36937523489595164,0.03770919750413079
retained_satellites,finite_time,LL,LL,0.42520460518541836,0.03140219901725768
retained_satellites,finite_time,LL,LL,0.48947232838123617,0.02769864066572934
retained_satellites,finite_time,LL,LL,0.5634538227695682,0.024516203750834627
retained_satellites,finite_time,LL,LL,0.6486172802527936,0.021115500367773765
retained_satellites,finite_time,LL,LL,0.7466528031962326,0.01764180575045196
retained_satellites,finite_time,LL,LL,0.8595059451754261,0.014369909871103738
retained_satellites,finite_time,LL,LL,0.9894163212533295,0.011242490636359986
retained_satellites,finite_time,LL,LL,1.138962054023569,0.008216370861521534
retained_satellites,finite_time,LL,LL,1.3111109374690053,0.005439321012516528
retained_satellites,finite_time,LL,LL,1.5092793340025346,0.0031277194862310924
retained_satellites,finite_time,LL,LL,1.7373999735251147,0.001472444172306575
retained_satellites,finite_time,LL,LL,2.0,0.0005305036633359558
retained_satellites,finite_time,LL,LL,2.3022908144082455,0.00013744904654080362
retained_satellites,finite_time,LL,LL,2.6502714970542867,2.4363839005363913e-05
retained_satellites,finite_time,LL,LL,3.0508478616780366,2.856269314119109e-06
retained_satellites,finite_time,LL,LL,3.5119695040491905,2.180595290311459e-07
retained_satellites,finite_time,LL,LL,4.042787564827166,1.0854120987707006e-08
retained_satellites,finite_time,LL,LL,4.653836337552724,3.567983928112805e-10
retained_satellites,finite_time,LL,LL,5.3572423258534725,7.992270820342478e-12
retained_satellites,finite_time,LL,ML,0.00032430864012639686,3.275905479608525e-13
retained_satellites,finite_time,LL,ML,0.00037332640159811636,2.60883282724034e-12
retained_satellites,finite_time,LL,ML,0.00042975297258771353,1.0470713056659901e-11
retained_satellites,finite_time,LL,ML,0.0004947081606266652,3.1825193344026245e-11
retained_satellites,finite_time,LL,ML,0.0005694810270117846,7.779494636945684e-11
retained_satellites,finite_time,LL,ML,0.0006555554687345028,1.6053279495720357e-10
retained_satellites,finite_time,LL,ML,0.000754639667001268,2.9027594196399784e-10
retained_satellites,finite_time,LL,ML,0.0008686999867625583,4.864330031327773e-10
retained_satellites,finite_time,LL,ML,0.0010000000000000002,1.1241870146981778e-09
retained_satellites,finite_time,LL,ML,0.001151145407204123,4.45649927356228e-09
retained_satellites,finite_time,LL,ML,0.0013251357485271446,1.6469503379764252e-08
retained_satellites,finite_time,LL,ML,0.0015254239308390184,4.871547345121606e-08
retained_satellites,finite_time,LL,ML,0.0017559847520245955,1.195873457285423e-07
retained_satellites,finite_time,LL,ML,0.0020213937824135834,2.501163304230991e-07
retained_satellites,finite_time,LL,ML,0.0023269181687763643,4.551533724286008e-07
retained_satellites,finite_time,LL,ML,0.0026786211629267367,7.40420656712599e-07
retained_satellites,finite_time,LL,ML,0.003083482449342879,1.1120806444661813e-06
retained_satellites,finite_time,LL,ML,0.003549536659755571,1.5887255421936318e-06
retained_satellites,finite_time,LL,ML,0.0040860328235802846,2.208005192211695e-06
retained_satellites,finite_time,LL,ML,0.004703617918549738,3.0311036268075014e-06
retained_satellites,finite_time,LL,ML,0.005414548164181547,4.1513033488762965e-06
retained_satellites,finite_time,LL,ML,0.006232932251283096,5.7103194391650165e-06
retained_satellites,finite_time,LL,ML,0.007175011334478982,7.921273042727948e-06
retained_satellites,finite_time,LL,ML,0.008259481344323003,1.1103787501764374e-05
retained_satellites,finite_time,LL,ML,0.009507864015405551,1.6282781432552073e-05
retained_satellites,finite_time,LL,ML,0.010944933993655438,6.458974851675428e-05
retained_satellites,finite_time,LL,ML,0.012599210498948734,0.0004897734494260142
retained_satellites,finite_time,LL,ML,0.014503523300262798,0.001471504575785101
retained_satellites,finite_time,LL,ML,0.016695664235375485,0.0022268217146096574
retained_satellites,finite_time,LL,ML,0.019219137204774604,0.002802450440954152
retained_satellites,finite_time,LL,ML,0.022124021523702166,0.0037225108450986213
retained_satellites,finite_time,LL,ML,0.025467965765894884,0.004947224292372054
retained_satellites,finite_time,LL,ML,0.02931733182224172,0.006404503580860302
retained_satellites,finite_time,LL,ML,0.033748511878652805,0.008232419045312203
retained_satellites,finite_time,LL,ML,0.038849444449084954,0.010599633792761116
retained_satellites,finite_time,LL,ML,0.0447213595499958,0.013590539779215986
retained_satellites,finite_time,LL,ML,0.051480787649901855,0.017109389020378417
retained_satellites,finite_time,LL,ML,0.05926187226243524,0.020779069218061066
retained_satellites,finite_time,LL,ML,0.06821903207721966,0.024099428304748295
retained_satellites,finite_time,LL,ML,0.07853002545960214,0.026685014011746316
retained_satellites,finite_time,LL,ML,0.09039947813544373,0.02838266794661548
retained_satellites,finite_time,LL,ML,0.10406294406926557,0.029417877943724816
retained_satellites,finite_time,LL,ML,0.11979158012547445,0.030315881591307596
retained_satellites,finite_time,LL,ML,0.13789752728316457,0.03171345987637262
retained_satellites,finite_time,LL,ML,0.15874010519681997,0.03413548132116712
retained_satellites,finite_time,LL,ML,0.18273294303641843,0.038357879326302746
retained_satellites,finite_time,LL,ML,0.21035218812126566,0.045544862782300806
retained_satellites,finite_time,LL,ML,0.24214595525113236,0.054746665521437726
retained_satellites,finite_time,LL,ML,0.27874520426039606,0.06218756335590909
retained_satellites,finite_time,LL,ML,0.32087626166452965,0.06486171430540033
retained_satellites,finite_time,LL,ML,0.36937523489595164,0.06262894682626345
retained_satellites,finite_time,LL,ML,0.42520460518541836,0.05861392002315415
retained_satellites,finite_time,LL,ML,0.48947232838123617,0.05477187223750999
retained_satellites,finite_time,LL,ML,0.5634538227695682,0.05082124145789321
retained_satellites,finite_time,LL,ML,0.6486172802527936,0.04615709395190568
retained_satellites,finite_time,LL,ML,0.7466528031962326,0.04036111190616631
retained_satellites,finite_time,LL,ML,0.8595059451754261,0.03394531876562275
retained_satellites,finite_time,LL,ML,0.9894163212533295,0.02792204531025983
retained_satellites,finite_time,LL,ML,1.138962054023569,0.022235581863351877
retained_satellites,finite_time,LL,ML,1.3111109374690053,0.016633289085428552
retained_satellites,finite_time,LL,ML,1.5092793340025346,0.011340471665943276
retained_satellites,finite_time,LL,ML,1.7373999735251147,0.006760430086970626
retained_satellites,finite_time,LL,ML,2.0,0.0032940902152457027
retained_satellites,finite_time,LL,ML,2.3022908144082455,0.0012065884987344055
retained_satellites,finite_time,LL,ML,2.6502714970542867,0.0003073103042837461
retained_satellites,finite_time,LL,ML,3.0508478616780366,5.124510493852471e-05
retained_satellites,finite_time,LL,ML,3.5119695040491905,5.398880095369742e-06
retained_satellites,finite_time,LL,ML,4.042787564827166,3.562363656665385e-07
retained_satellites,finite_time,LL,ML,4.653836337552724,1.4896007188845968e-08
retained_satellites,finite_time,LL,ML,5.3572423258534725,4.1006710778815586e-10
retained_satellites,finite_time,LL,HL,0.00032430864012639686,3.897212536340072e-14
retained_satellites,finite_time,LL,HL,0.00037332640159811636,3.38328018930251e-13
retained_satellites,finite_time,LL,HL,0.00042975297258771353,1.4570713810504134e-12
retained_satellites,finite_time,LL,HL,0.0004947081606266652,4.638552171838772e-12
retained_satellites,finite_time,LL,HL,0.0005694810270117846,1.1786281747295612e-11
retained_satellites,finite_time,LL,HL,0.0006555554687345028,2.514780138205967e-11
retained_satellites,finite_time,LL,HL,0.000754639667001268,4.664094584063412e-11
retained_satellites,finite_time,LL,HL,0.0008686999867625583,8.365355869747427e-11
retained_satellites,finite_time,LL,HL,0.0010000000000000002,3.0162542804695237e-10
retained_satellites,finite_time,LL,HL,0.001151145407204123,1.704835366729195e-09
retained_satellites,finite_time,LL,HL,0.0013251357485271446,6.958145297350415e-09
retained_satellites,finite_time,LL,HL,0.0015254239308390184,2.119389185510424e-08
retained_satellites,finite_time,LL,HL,0.0017559847520245955,5.254451746752841e-08
retained_satellites,finite_time,LL,HL,0.0020213937824135834,1.1017622866498286e-07
retained_satellites,finite_time,LL,HL,0.0023269181687763643,2.0019327945435832e-07
retained_satellites,finite_time,LL,HL,0.0026786211629267367,3.2404910184428614e-07
retained_satellites,finite_time,LL,HL,0.003083482449342879,4.822766777231163e-07
retained_satellites,finite_time,LL,HL,0.003549536659755571,6.78757203248237e-07
retained_satellites,finite_time,LL,HL,0.0040860328235802846,9.222295178925216e-07
retained_satellites,finite_time,LL,HL,0.004703617918549738,1.2257105634257317e-06
retained_satellites,finite_time,LL,HL,0.005414548164181547,1.6073993718603752e-06
retained_satellites,finite_time,LL,HL,0.006232932251283096,2.0953757248368096e-06
retained_satellites,finite_time,LL,HL,0.007175011334478982,2.7354159334425868e-06
retained_satellites,finite_time,LL,HL,0.008259481344323003,3.6070976798503985e-06
retained_satellites,finite_time,LL,HL,0.009507864015405551,5.381475403474904e-06
retained_satellites,finite_time,LL,HL,0.010944933993655438,4.8552441498471495e-05
retained_satellites,finite_time,LL,HL,0.012599210498948734,0.0004657442994464268
retained_satellites,finite_time,LL,HL,0.014503523300262798,0.0014350512848496776
retained_satellites,finite_time,LL,HL,0.016695664235375485,0.002168490081559073
retained_satellites,finite_time,LL,HL,0.019219137204774604,0.002700771442408859
retained_satellites,finite_time,LL,HL,0.022124021523702166,0.0035306347220726976
retained_satellites,finite_time,LL,HL,0.025467965765894884,0.004566980044092115
retained_satellites,finite_time,LL,HL,0.02931733182224172,0.00565232099186139
retained_satellites,finite_time,LL,HL,0.033748511878652805,0.006812791369326805
retained_satellites,finite_time,LL,HL,0.038849444449084954,0.008114081495708376
retained_satellites,finite_time,LL,HL,0.0447213595499958,0.009613316769994848
retained_satellites,finite_time,LL,HL,0.051480787649901855,0.011328020678564754
retained_satellites,finite_time,LL,HL,0.05926187226243524,0.013136902499604367
retained_satellites,finite_time,LL,HL,0.06821903207721966,0.014853006675523467
retained_satellites,finite_time,LL,HL,0.07853002545960214,0.01634091996502073
retained_satellites,finite_time,LL,HL,0.09039947813544373,0.01755656051228952
retained_satellites,finite_time,LL,HL,0.10406294406926557,0.0186955151156346
retained_satellites,finite_time,LL,HL,0.11979158012547445,0.02016587021124998
retained_satellites,finite_time,LL,HL,0.13789752728316457,0.022448447702184692
retained_satellites,finite_time,LL,HL,0.15874010519681997,0.025886448129842133
retained_satellites,finite_time,LL,HL,0.18273294303641843,0.031007951938062772
retained_satellites,finite_time,LL,HL,0.21035218812126566,0.03870437976395077
retained_satellites,finite_time,LL,HL,0.24214595525113236,0.048348335947480704
retained_satellites,finite_time,LL,HL,0.27874520426039606,0.05760641075690319
retained_satellites,finite_time,LL,HL,0.32087626166452965,0.0651406255797675
retained_satellites,finite_time,LL,HL,0.36937523489595164,0.06897218311046296
retained_satellites,finite_time,LL,HL,0.42520460518541836,0.06905466679248067
retained_satellites,finite_time,LL,HL,0.48947232838123617,0.06713470821441198
retained_satellites,finite_time,LL,HL,0.5634538227695682,0.06386879865946772
retained_satellites,finite_time,LL,HL,0.6486172802527936,0.05914811587046573
retained_satellites,finite_time,LL,HL,0.7466528031962326,0.05287350292515256
retained_satellites,finite_time,LL,HL,0.8595059451754261,0.045118659901882456
retained_satellites,finite_time,LL,HL,0.9894163212533295,0.03743838566677561
retained_satellites,finite_time,LL,HL,1.138962054023569,0.0303864514279587
retained_satellites,finite_time,LL,HL,1.3111109374690053,0.02346904453926984
retained_satellites,finite_time,LL,HL,1.5092793340025346,0.0167257850696865
retained_satellites,finite_time,LL,HL,1.7373999735251147,0.010628596597452451
retained_satellites,finite_time,LL,HL,2.0,0.005675151667561866
retained_satellites,finite_time,LL,HL,2.3022908144082455,0.002335399858159874
retained_satellites,finite_time,LL,HL,2.6502714970542867,0.0006775267602714909
retained_satellites,finite_time,LL,HL,3.0508478616780366,0.00012890237165266548
retained_satellites,finite_time,LL,HL,3.5119695040491905,1.5355512395236563e-05
retained_satellites,finite_time,LL,HL,4.042787564827166,1.1283808593410726e-06
retained_satellites,finite_time,LL,HL,4.653836337552724,5.168453266076418e-08
retained_satellites,finite_time,LL,HL,5.3572423258534725,1.5367992227927577e-09
retained_satellites,finite_time,ML,LL,0.00032430864012639686,9.283907575818235e-13
retained_satellites,finite_time,ML,LL,0.00037332640159811636,7.018385157987323e-12
retained_satellites,finite_time,ML,LL,0.00042975297258771353,2.7143906138062143e-11
retained_satellites,finite_time,ML,LL,0.0004947081606266652,8.078336910300455e-11
retained_satellites,finite_time,ML,LL,0.0005694810270117846,1.939766709621392e-10
retained_satellites,finite_time,ML,LL,0.0006555554687345028,3.9448003934952315e-10
retained_satellites,finite_time,ML,LL,0.000754639667001268,7.072490353247198e-10
retained_satellites,finite_time,ML,LL,0.0008686999867625583,1.1683279214636091e-09
retained_satellites,finite_time,ML,LL,0.0010000000000000002,2.339812480692595e-09
retained_satellites,finite_time,ML,LL,0.001151145407204123,7.514598884897384e-09
retained_satellites,finite_time,ML,LL,0.0013251357485271446,2.5426766512156782e-08
retained_satellites,finite_time,ML,LL,0.0015254239308390184,7.294605716545755e-08
retained_satellites,finite_time,ML,LL,0.0017559847520245955,1.770370203582464e-07
retained_satellites,finite_time,ML,LL,0.0020213937824135834,3.689424150570344e-07
retained_satellites,finite_time,ML,LL,0.0023269181687763643,6.719241613291055e-07
retained_satellites,finite_time,ML,LL,0.0026786211629267367,1.0979554711600245e-06
retained_satellites,finite_time,ML,LL,0.003083482449342879,1.6634433523339438e-06
retained_satellites,finite_time,ML,LL,0.003549536659755571,2.4100859505188298e-06
retained_satellites,finite_time,ML,LL,0.0040860328235802846,3.4181515383135406e-06
retained_satellites,finite_time,ML,LL,0.004703617918549738,4.820294306733331e-06
retained_satellites,finite_time,ML,LL,0.005414548164181547,6.819245762881336e-06
retained_satellites,finite_time,ML,LL,0.006232932251283096,9.714667053530766e-06
retained_satellites,finite_time,ML,LL,0.007175011334478982,1.3938506450090649e-05
retained_satellites,finite_time,ML,LL,0.008259481344323003,2.0105780393671453e-05
retained_satellites,finite_time,ML,LL,0.009507864015405551,2.9655211936905562e-05
retained_satellites,finite_time,ML,LL,0.010944933993655438,8.441966753400455e-05
retained_satellites,finite_time,ML,LL,0.012599210498948734,0.0005193887388368822
retained_satellites,finite_time,ML,LL,0.014503523300262798,0.0015161893529318843
retained_satellites,finite_time,ML,LL,0.016695664235375485,0.0022974571014544535
retained_satellites,finite_time,ML,LL,0.019219137204774604,0.0029232853744608498
retained_satellites,finite_time,ML,LL,0.022124021523702166,0.003945989867973598
retained_satellites,finite_time,ML,LL,0.025467965765894884,0.005378994072566606
retained_satellites,finite_time,ML,LL,0.02931733182224172,0.007229705838563907
retained_satellites,finite_time,ML,LL,0.033748511878652805,0.009724735037786675
retained_satellites,finite_time,ML,LL,0.038849444449084954,0.013084406077187558
retained_satellites,finite_time,ML,LL,0.0447213595499958,0.01734451708997465
retained_satellites,finite_time,ML,LL,0.051480787649901855,0.022231088911203897
retained_satellites,finite_time,ML,LL,0.05926187226243524,0.027113079781552883
retained_satellites,finite_time,ML,LL,0.06821903207721966,0.03127229734623199
retained_satellites,finite_time,ML,LL,0.07853002545960214,0.03422763708173975
retained_satellites,finite_time,ML,LL,0.09039947813544373,0.03585954185824162
retained_satellites,finite_time,ML,LL,0.10406294406926557,0.0364993711738602
retained_satellites,finite_time,ML,LL,0.11979158012547445,0.036790714318210994
retained_satellites,finite_time,ML,LL,0.13789752728316457,0.037478544078345714
retained_satellites,finite_time,ML,LL,0.15874010519681997,0.03920578841411785
retained_satellites,finite_time,ML,LL,0.18273294303641843,0.04294789340451494
retained_satellites,finite_time,ML,LL,0.21035218812126566,0.05009650536282202
retained_satellites,finite_time,ML,LL,0.24214595525113236,0.05910807472977954
retained_satellites,finite_time,ML,LL,0.27874520426039606,0.06410761181207823
retained_satellites,finite_time,ML,LL,0.32087626166452965,0.061530396865447805
retained_satellites,finite_time,ML,LL,0.36937523489595164,0.055180938004313146
retained_satellites,finite_time,ML,LL,0.42520460518541836,0.0497637793567879
retained_satellites,finite_time,ML,LL,0.48947232838123617,0.04577167695832911
retained_satellites,finite_time,ML,LL,0.5634538227695682,0.04200294844122153
retained_satellites,finite_time,ML,LL,0.6486172802527936,0.03764010357174083
retained_satellites,finite_time,ML,LL,0.7466528031962326,0.03242583727871647
retained_satellites,finite_time,ML,LL,0.8595059451754261,0.027040865466664978
retained_satellites,finite_time,ML,LL,0.9894163212533295,0.022036631705750855
retained_satellites,finite_time,ML,LL,1.138962054023569,0.01721889207142089
retained_satellites,finite_time,ML,LL,1.3111109374690053,0.012518309675267094
retained_satellites,finite_time,ML,LL,1.5092793340025346,0.008203475748915006
retained_satellites,finite_time,ML,LL,1.7373999735251147,0.004619591450970749
retained_satellites,finite_time,ML,LL,2.0,0.0020829083367981645
retained_satellites,finite_time,ML,LL,2.3022908144082455,0.0006948477468852955
retained_satellites,finite_time,ML,LL,2.6502714970542867,0.00015998275472297747
retained_satellites,finite_time,ML,LL,3.0508478616780366,2.4139788176388105e-05
retained_satellites,finite_time,ML,LL,3.5119695040491905,2.3193906261423365e-06
retained_satellites,finite_time,ML,LL,4.042787564827166,1.4118642096116047e-07
retained_satellites,finite_time,ML,LL,4.653836337552724,5.512744496311127e-09
retained_satellites,finite_time,ML,LL,5.3572423258534725,1.4315271006197777e-10
retained_satellites,finite_time,ML,ML,0.00032430864012639686,1.8412061011818323e-13
retained_satellites,finite_time,ML,ML,0.00037332640159811636,1.4641181745293215e-12
retained_satellites,finite_time,ML,ML,0.00042975297258771353,5.864914873575124e-12
retained_satellites,finite_time,ML,ML,0.0004947081606266652,1.7785246269743943e-11
retained_satellites,finite_time,ML,ML,0.0005694810270117846,4.334272078036341e-11
retained_satellites,finite_time,ML,ML,0.0006555554687345028,8.906479770951487e-11
retained_satellites,finite_time,ML,ML,0.000754639667001268,1.6013927353103423e-10
retained_satellites,finite_time,ML,ML,0.0008686999867625583,2.6939553907409994e-10
retained_satellites,finite_time,ML,ML,0.0010000000000000002,6.97022914433773e-10
retained_satellites,finite_time,ML,ML,0.001151145407204123,3.1390492941856325e-09
retained_satellites,finite_time,ML,ML,0.0013251357485271446,1.2106465933292684e-08
retained_satellites,finite_time,ML,ML,0.0015254239308390184,3.6305431062550586e-08
retained_satellites,finite_time,ML,ML,0.0017559847520245955,8.958907647452463e-08
retained_satellites,finite_time,ML,ML,0.0020213937824135834,1.8775191169768134e-07
retained_satellites,finite_time,ML,ML,0.0023269181687763643,3.4179130391037307e-07
retained_satellites,finite_time,ML,ML,0.0026786211629267367,5.555100468895895e-07
retained_satellites,finite_time,ML,ML,0.003083482449342879,8.323983226670392e-07
retained_satellites,finite_time,ML,ML,0.003549536659755571,1.1840075889088316e-06
retained_satellites,finite_time,ML,ML,0.0040860328235802846,1.6340040454924437e-06
retained_satellites,finite_time,ML,ML,0.004703617918549738,2.2199192856210137e-06
retained_satellites,finite_time,ML,ML,0.005414548164181547,2.997716178480558e-06
retained_satellites,finite_time,ML,ML,0.006232932251283096,4.052485062160163e-06
retained_satellites,finite_time,ML,ML,0.007175011334478982,5.514568062260652e-06
retained_satellites,finite_time,ML,ML,0.008259481344323003,7.586778027101348e-06
retained_satellites,finite_time,ML,ML,0.009507864015405551,1.1126592410386368e-05
retained_satellites,finite_time,ML,ML,0.010944933993655438,5.697586075818575e-05
retained_satellites,finite_time,ML,ML,0.012599210498948734,0.0004783919884418566
retained_satellites,finite_time,ML,ML,0.014503523300262798,0.0014543930148410496
retained_satellites,finite_time,ML,ML,0.016695664235375485,0.002199947874230313
retained_satellites,finite_time,ML,ML,0.019219137204774604,0.0027569300653254567
retained_satellites,finite_time,ML,ML,0.022124021523702166,0.003639392175216179
retained_satellites,finite_time,ML,ML,0.025467965765894884,0.004787233156652619
retained_satellites,finite_time,ML,ML,0.02931733182224172,0.006094484242694906
retained_satellites,finite_time,ML,ML,0.033748511878652805,0.007654408181654961
retained_satellites,finite_time,ML,ML,0.038849444449084954,0.00959345879688932
retained_satellites,finite_time,ML,ML,0.0447213595499958,0.011982519900895078
retained_satellites,finite_time,ML,ML,0.051480787649901855,0.014767198905094467
retained_satellites,finite_time,ML,ML,0.05926187226243524,0.01766920217409615
retained_satellites,finite_time,ML,ML,0.06821903207721966,0.020313662522100016
retained_satellites,finite_time,ML,ML,0.07853002545960214,0.022420521720943318
retained_satellites,finite_time,ML,ML,0.09039947813544373,0.02388945261677533
retained_satellites,finite_time,ML,ML,0.10406294406926557,0.024942748879167375
retained_satellites,finite_time,ML,ML,0.11979158012547445,0.026063097320295475
retained_satellites,finite_time,ML,ML,0.13789752728316457,0.027823648522193028
retained_satellites,finite_time,ML,ML,0.15874010519681997,0.030671960520278214
retained_satellites,finite_time,ML,ML,0.18273294303641843,0.03528027359773744
retained_satellites,finite_time,ML,ML,0.21035218812126566,0.04270226451653946
retained_satellites,finite_time,ML,ML,0.24214595525113236,0.05211277621885694
retained_satellites,finite_time,ML,ML,0.27874520426039606,0.06032085653289781
retained_satellites,finite_time,ML,ML,0.32087626166452965,0.06499637277269023
retained_satellites,finite_time,ML,ML,0.36937523489595164,0.06520535217376312
retained_satellites,finite_time,ML,ML,0.42520460518541836,0.06288042882954648
retained_satellites,finite_time,ML,ML,0.48947232838123617,0.05990860222851223
retained_satellites,finite_time,ML,ML,0.5634538227695682,0.05629469491755724
retained_satellites,finite_time,ML,ML,0.6486172802527936,0.05162947161895949
retained_satellites,finite_time,ML,ML,0.7466528031962326,0.04560362130288315
retained_satellites,finite_time,ML,ML,0.8595059451754261,0.03858467935036018
retained_satellites,finite_time,ML,ML,0.9894163212533295,0.03187347993840145
retained_satellites,finite_time,ML,ML,1.138962054023569,0.025618519126776665
retained_satellites,finite_time,ML,ML,1.3111109374690053,0.019451917659925672
retained_satellites,finite_time,ML,ML,1.5092793340025346,0.01353860415604555
retained_satellites,finite_time,ML,ML,1.7373999735251147,0.00831509602193814
retained_satellites,finite_time,ML,ML,2.0,0.004225880952567542
retained_satellites,finite_time,ML,ML,2.3022908144082455,0.0016315334015502292
retained_satellites,finite_time,ML,ML,2.6502714970542867,0.00044042222431451265
retained_satellites,finite_time,ML,ML,3.0508478616780366,7.786175973779052e-05
retained_satellites,finite_time,ML,ML,3.5119695040491905,8.660253015821766e-06
retained_satellites,finite_time,ML,ML,4.042787564827166,5.992313421383772e-07
retained_satellites,finite_time,ML,ML,4.653836337552724,2.6085991165091347e-08
retained_satellites,finite_time,ML,ML,5.3572423258534725,7.430141379332407e-10
retained_satellites,finite_time,ML,HL,0.00032430864012639686,4.137658480451202e-14
retained_satellites,finite_time,ML,HL,0.00037332640159811636,3.514401284515129e-13
retained_satellites,finite_time,ML,HL,0.00042975297258771353,1.4825596184441672e-12
retained_satellites,finite_time,ML,HL,0.0004947081606266652,4.647399893490644e-12
retained_satellites,finite_time,ML,HL,0.0005694810270117846,1.1649072875193179e-11
retained_satellites,finite_time,ML,HL,0.0006555554687345028,2.4535484536887523e-11
retained_satellites,finite_time,ML,HL,0.000754639667001268,4.496502264089745e-11
retained_satellites,finite_time,ML,HL,0.0008686999867625583,7.983206330156856e-11
retained_satellites,finite_time,ML,HL,0.0010000000000000002,2.879921482438855e-10
retained_satellites,finite_time,ML,HL,0.001151145407204123,1.635059570037843e-09
retained_satellites,finite_time,ML,HL,0.0013251357485271446,6.685523898503687e-09
retained_satellites,finite_time,ML,HL,0.0015254239308390184,2.03810786285991e-08
retained_satellites,finite_time,ML,HL,0.0017559847520245955,5.055898892024574e-08
retained_satellites,finite_time,ML,HL,0.0020213937824135834,1.0607066162817917e-07
retained_satellites,finite_time,ML,HL,0.0023269181687763643,1.9285031683564045e-07
retained_satellites,finite_time,ML,HL,0.0026786211629267367,3.1239172073570746e-07
retained_satellites,finite_time,ML,HL,0.003083482449342879,4.653493048006904e-07
retained_satellites,finite_time,ML,HL,0.003549536659755571,6.556679033099959e-07
retained_satellites,finite_time,ML,HL,0.0040860328235802846,8.92041808612273e-07
retained_satellites,finite_time,ML,HL,0.004703617918549738,1.1873727009942159e-06
retained_satellites,finite_time,ML,HL,0.005414548164181547,1.5596321163150614e-06
retained_satellites,finite_time,ML,HL,0.006232932251283096,2.036338661369509e-06
retained_satellites,finite_time,ML,HL,0.007175011334478982,2.6621206996713703e-06
retained_satellites,finite_time,ML,HL,0.008259481344323003,3.5146825387832577e-06
retained_satellites,finite_time,ML,HL,0.009507864015405551,5.262487405720689e-06
retained_satellites,finite_time,ML,HL,0.010944933993655438,4.839451203080578e-05
retained_satellites,finite_time,ML,HL,0.012599210498948734,0.0004655323375886841
retained_satellites,finite_time,ML,HL,0.014503523300262798,0.00143479661314611
retained_satellites,finite_time,ML,HL,0.016695664235375485,0.002168234754982202
retained_satellites,finite_time,ML,HL,0.019219137204774604,0.0027006674396705182
retained_satellites,finite_time,ML,HL,0.022124021523702166,0.0035311671055011655
retained_satellites,finite_time,ML,HL,0.025467965765894884,0.004569179293215517
retained_satellites,finite_time,ML,HL,0.02931733182224172,0.005657650717524438
retained_satellites,finite_time,ML,HL,0.033748511878652805,0.006822152420645262
retained_satellites,finite_time,ML,HL,0.038849444449084954,0.008125419810756172
retained_satellites,finite_time,ML,HL,0.0447213595499958,0.009618112969927513
retained_satellites,finite_time,ML,HL,0.051480787649901855,0.011308824120446714
retained_satellites,finite_time,ML,HL,0.05926187226243524,0.01306935212762732
retained_satellites,finite_time,ML,HL,0.06821903207721966,0.014713779252095993
retained_satellites,finite_time,ML,HL,0.07853002545960214,0.01611804294495637
retained_satellites,finite_time,ML,HL,0.09039947813544373,0.017255707868020515
retained_satellites,finite_time,ML,HL,0.10406294406926557,0.018338508169164925
retained_satellites,finite_time,ML,HL,0.11979158012547445,0.019782954973686023
retained_satellites,finite_time,ML,HL,0.13789752728316457,0.02206921901462247
retained_satellites,finite_time,ML,HL,0.15874010519681997,0.025533858970238237
retained_satellites,finite_time,ML,HL,0.18273294303641843,0.0306977182733641
retained_satellites,finite_time,ML,HL,0.21035218812126566,0.038447458956566816
retained_satellites,finite_time,ML,HL,0.24214595525113236,0.04814028179243903
retained_satellites,finite_time,ML,HL,0.27874520426039606,0.0574052450984673
retained_satellites,finite_time,ML,HL,0.32087626166452965,0.06490745655255309
retained_satellites,finite_time,ML,HL,0.36937523489595164,0.06877629235426462
retained_satellites,finite_time,ML,HL,0.42520460518541836,0.06904196326137903
retained_satellites,finite_time,ML,HL,0.48947232838123617,0.06735945248425637
retained_satellites,finite_time,ML,HL,0.5634538227695682,0.06426789815584864
retained_satellites,finite_time,ML,HL,0.6486172802527936,0.059622564268702605
retained_satellites,finite_time,ML,HL,0.7466528031962326,0.05336248461254862
retained_satellites,finite_time,ML,HL,0.8595059451754261,0.04556975444297681
retained_satellites,finite_time,ML,HL,0.9894163212533295,0.037824293455014056
retained_satellites,finite_time,ML,HL,1.138962054023569,0.030717187301788216
retained_satellites,finite_time,ML,HL,1.3111109374690053,0.023749318430535547
retained_satellites,finite_time,ML,HL,1.5092793340025346,0.01695024743612142
retained_satellites,finite_time,ML,HL,1.7373999735251147,0.01079375811702501
retained_satellites,finite_time,ML,HL,2.0,0.005781066947407598
retained_satellites,finite_time,ML,HL,2.3022908144082455,0.0023886387454886806
retained_satellites,finite_time,ML,HL,2.6502714970542867,0.0006961943395937376
retained_satellites,finite_time,ML,HL,3.0508478616780366,0.00013308716024076802
retained_satellites,finite_time,ML,HL,3.5119695040491905,1.592521499003928e-05
retained_satellites,finite_time,ML,HL,4.042787564827166,1.1748580635774207e-06
retained_satellites,finite_time,ML,HL,4.653836337552724,5.39926077316825e-08
retained_satellites,finite_time,ML,HL,5.3572423258534725,1.609923386736303e-09
retained_satellites,finite_time,HL,LL,0.00032430864012639686,6.892783298628967e-13
retained_satellites,finite_time,HL,LL,0.00037332640159811636,5.500134094340877e-12
retained_satellites,finite_time,HL,LL,0.00042975297258771353,2.2136615774007515e-11
retained_satellites,finite_time,HL,LL,0.0004947081606266652,6.751386396169198e-11
retained_satellites,finite_time,HL,LL,0.0005694810270117846,1.6579732722623206e-10
retained_satellites,finite_time,HL,LL,0.0006555554687345028,3.4431672132734656e-10
retained_satellites,finite_time,HL,LL,0.000754639667001268,6.279875785297433e-10
retained_satellites,finite_time,HL,LL,0.0008686999867625583,1.0533352759611104e-09
retained_satellites,finite_time,HL,LL,0.0010000000000000002,2.1710789022947566e-09
retained_satellites,finite_time,HL,LL,0.001151145407204123,7.224410088446484e-09
retained_satellites,finite_time,HL,LL,0.0013251357485271446,2.4807932370078814e-08
retained_satellites,finite_time,HL,LL,0.0015254239308390184,7.150163393217825e-08
retained_satellites,finite_time,HL,LL,0.0017559847520245955,1.7373101468058002e-07
retained_satellites,finite_time,HL,LL,0.0020213937824135834,3.618759264634235e-07
retained_satellites,finite_time,HL,LL,0.0023269181687763643,6.579443532331525e-07
retained_satellites,finite_time,HL,LL,0.0026786211629267367,1.0719447023353363e-06
retained_satellites,finite_time,HL,LL,0.003083482449342879,1.616720599299879e-06
retained_satellites,finite_time,HL,LL,0.003549536659755571,2.3273321560874823e-06
retained_satellites,finite_time,HL,LL,0.0040860328235802846,3.273535485698914e-06
retained_satellites,finite_time,HL,LL,0.004703617918549738,4.571219032323174e-06
retained_satellites,finite_time,HL,LL,0.005414548164181547,6.400153777514582e-06
retained_satellites,finite_time,HL,LL,0.006232932251283096,9.031413118179855e-06
retained_satellites,finite_time,HL,LL,0.007175011334478982,1.286249025009145e-05
retained_satellites,finite_time,HL,LL,0.008259481344323003,1.8465102649751025e-05
retained_satellites,finite_time,HL,LL,0.009507864015405551,2.7212400912976526e-05
retained_satellites,finite_time,HL,LL,0.010944933993655438,8.08088676281036e-05
retained_satellites,finite_time,HL,LL,0.012599210498948734,0.0005139532756301488
retained_satellites,finite_time,HL,LL,0.014503523300262798,0.0015076056817309924
retained_satellites,finite_time,HL,LL,0.016695664235375485,0.002282703917007644
retained_satellites,finite_time,HL,LL,0.019219137204774604,0.0028950367106785418
retained_satellites,finite_time,HL,LL,0.022124021523702166,0.0038874545552421503
retained_satellites,finite_time,HL,LL,0.025467965765894884,0.0052571418032367695
retained_satellites,finite_time,HL,LL,0.02931733182224172,0.006991362783348207
retained_satellites,finite_time,HL,LL,0.033748511878652805,0.009302566667935663
retained_satellites,finite_time,HL,LL,0.038849444449084954,0.01242144398343614
retained_satellites,finite_time,HL,LL,0.0447213595499958,0.01643494952678144
retained_satellites,finite_time,HL,LL,0.051480787649901855,0.021151527560379985
retained_satellites,finite_time,HL,LL,0.05926187226243524,0.02601089099852426
retained_satellites,finite_time,HL,LL,0.06821903207721966,0.03030905913806995
retained_satellites,finite_time,HL,LL,0.07853002545960214,0.033514366058804736
retained_satellites,finite_time,HL,LL,0.09039947813544373,0.03542523202222956
retained_satellites,finite_time,HL,LL,0.10406294406926557,0.03630422888724935
retained_satellites,finite_time,HL,LL,0.11979158012547445,0.0367621038214235
retained_satellites,finite_time,HL,LL,0.13789752728316457,0.037540428974706594
retained_satellites,finite_time,HL,LL,0.15874010519681997,0.03928362911031839
retained_satellites,finite_time,HL,LL,0.18273294303641843,0.04293541678579227
retained_satellites,finite_time,HL,LL,0.21035218812126566,0.0498412239824527
retained_satellites,finite_time,HL,LL,0.24214595525113236,0.058768294596729664
retained_satellites,finite_time,HL,LL,0.27874520426039606,0.06468803660964006
retained_satellites,finite_time,HL,LL,0.32087626166452965,0.06356663918614945
retained_satellites,finite_time,HL,LL,0.36937523489595164,0.05739220302360268
retained_satellites,finite_time,HL,LL,0.42520460518541836,0.05115062979245403
retained_satellites,finite_time,HL,LL,0.48947232838123617,0.04640428788498659
retained_satellites,finite_time,HL,LL,0.5634538227695682,0.04225137013730508
retained_satellites,finite_time,HL,LL,0.6486172802527936,0.03774776858464589
retained_satellites,finite_time,HL,LL,0.7466528031962326,0.032490426252380966
retained_satellites,finite_time,HL,LL,0.8595059451754261,0.02708965496596144
retained_satellites,finite_time,HL,LL,0.9894163212533295,0.02207704152428556
retained_satellites,finite_time,HL,LL,1.138962054023569,0.017253015598814404
retained_satellites,finite_time,HL,LL,1.3111109374690053,0.012545967611314036
retained_satellites,finite_time,HL,LL,1.5092793340025346,0.008224217982182584
retained_satellites,finite_time,HL,LL,1.7373999735251147,0.004633378823857185
retained_satellites,finite_time,HL,LL,2.0,0.0020903922259029057
retained_satellites,finite_time,HL,LL,2.3022908144082455,0.0006978455918499495
retained_satellites,finite_time,HL,LL,2.6502714970542867,0.0001607968760872851
retained_satellites,finite_time,HL,LL,3.0508478616780366,2.4281212045219308e-05
retained_satellites,finite_time,HL,LL,3.5119695040491905,2.334645259799794e-06
retained_satellites,finite_time,HL,LL,4.042787564827166,1.4220564166311847e-07
retained_satellites,finite_time,HL,LL,4.653836337552724,5.555630390622561e-09
retained_satellites,finite_time,HL,LL,5.3572423258534725,1.4435522074482218e-10
retained_satellites,finite_time,HL,ML,0.00032430864012639686,3.63445536880566e-13
retained_satellites,finite_time,HL,ML,0.00037332640159811636,2.8952347520105024e-12
retained_satellites,finite_time,HL,ML,0.00042975297258771353,1.1624798150700259e-11
retained_satellites,finite_time,HL,ML,0.0004947081606266652,3.534946615110118e-11
retained_satellites,finite_time,HL,ML,0.0005694810270117846,8.646321327243849e-11
retained_satellites,finite_time,HL,ML,0.0006555554687345028,1.7857095996989615e-10
retained_satellites,finite_time,HL,ML,0.000754639667001268,3.232596162162064e-10
retained_satellites,finite_time,HL,ML,0.0008686999867625583,5.415876216412707e-10
retained_satellites,finite_time,HL,ML,0.0010000000000000002,1.2292120829665893e-09
retained_satellites,finite_time,HL,ML,0.001151145407204123,4.75730750614566e-09
retained_satellites,finite_time,HL,ML,0.0013251357485271446,1.7424437237533643e-08
retained_satellites,finite_time,HL,ML,0.0015254239308390184,5.1385438040687354e-08
retained_satellites,finite_time,HL,ML,0.0017559847520245955,1.259950104384769e-07
retained_satellites,finite_time,HL,ML,0.0020213937824135834,2.6339783041724394e-07
retained_satellites,finite_time,HL,ML,0.0023269181687763643,4.792779871888891e-07
retained_satellites,finite_time,HL,ML,0.0026786211629267367,7.798088701094391e-07
retained_satellites,finite_time,HL,ML,0.003083482449342879,1.1718180617103334e-06
retained_satellites,finite_time,HL,ML,0.003549536659755571,1.6755950624230281e-06
retained_satellites,finite_time,HL,ML,0.0040860328235802846,2.3321348543361616e-06
retained_satellites,finite_time,HL,ML,0.004703617918549738,3.2083092499769376e-06
retained_satellites,finite_time,HL,ML,0.005414548164181547,4.406400761307599e-06
retained_satellites,finite_time,HL,ML,0.006232932251283096,6.081709164605747e-06
retained_satellites,finite_time,HL,ML,0.007175011334478982,8.46700165971719e-06
retained_satellites,finite_time,HL,ML,0.008259481344323003,1.1909235899881391e-05
retained_satellites,finite_time,HL,ML,0.009507864015405551,1.7471831576540388e-05
retained_satellites,finite_time,HL,ML,0.010944933993655438,6.635121362073304e-05
retained_satellites,finite_time,HL,ML,0.012599210498948734,0.0004924049200803908
retained_satellites,finite_time,HL,ML,0.014503523300262798,0.001475449391649174
retained_satellites,finite_time,HL,ML,0.016695664235375485,0.0022329743500038362
retained_satellites,finite_time,HL,ML,0.019219137204774604,0.002812757556590458
retained_satellites,finite_time,HL,ML,0.022124021523702166,0.0037410967440870153
retained_satellites,finite_time,HL,ML,0.025467965765894884,0.004982566013534246
retained_satellites,finite_time,HL,ML,0.02931733182224172,0.006472218891596523
retained_satellites,finite_time,HL,ML,0.033748511878652805,0.008357356450348328
retained_satellites,finite_time,HL,ML,0.038849444449084954,0.010814921266273056
retained_satellites,finite_time,HL,ML,0.0447213595499958,0.013931050707527289
retained_satellites,finite_time,HL,ML,0.051480787649901855,0.017600033763287413
retained_satellites,finite_time,HL,ML,0.05926187226243524,0.021423340057967564
retained_satellites,finite_time,HL,ML,0.06821903207721966,0.024875159508373716
retained_satellites,finite_time,HL,ML,0.07853002545960214,0.0275498151489295
retained_satellites,finite_time,HL,ML,0.09039947813544373,0.029285377033036634
retained_satellites,finite_time,HL,ML,0.10406294406926557,0.030309758581448795
retained_satellites,finite_time,HL,ML,0.11979158012547445,0.031157842934813818
retained_satellites,finite_time,HL,ML,0.13789752728316457,0.032479537135933594
retained_satellites,finite_time,HL,ML,0.15874010519681997,0.034815176899007594
retained_satellites,finite_time,HL,ML,0.18273294303641843,0.03896176151457235
retained_satellites,finite_time,HL,ML,0.21035218812126566,0.04610606208268374
retained_satellites,finite_time,HL,ML,0.24214595525113236,0.055268874442970975
retained_satellites,finite_time,HL,ML,0.27874520426039606,0.06254001367441646
retained_satellites,finite_time,HL,ML,0.32087626166452965,0.06477680794418363
retained_satellites,finite_time,HL,ML,0.36937523489595164,0.06204466428568751
retained_satellites,finite_time,HL,ML,0.42520460518541836,0.05771165377279812
retained_satellites,finite_time,HL,ML,0.48947232838123617,0.053720192274688265
retained_satellites,finite_time,HL,ML,0.5634538227695682,0.04972119421940932
retained_satellites,finite_time,HL,ML,0.6486172802527936,0.04506653280635337
retained_satellites,finite_time,HL,ML,0.7466528031962326,0.03932713347752234
retained_satellites,finite_time,HL,ML,0.8595059451754261,0.033037736276162355
retained_satellites,finite_time,HL,ML,0.9894163212533295,0.02714877680916183
retained_satellites,finite_time,HL,ML,1.138962054023569,0.021574492246406056
retained_satellites,finite_time,HL,ML,1.3111109374690053,0.016086190602614524
retained_satellites,finite_time,HL,ML,1.5092793340025346,0.010918050182089214
retained_satellites,finite_time,HL,ML,1.7373999735251147,0.006466283020711061
retained_satellites,finite_time,HL,ML,2.0,0.0031223036415786833
retained_satellites,finite_time,HL,ML,2.3022908144082455,0.0011309817108510244
retained_satellites,finite_time,HL,ML,2.6502714970542867,0.00028456360328164767
retained_satellites,finite_time,HL,ML,3.0508478616780366,4.6878151022175e-05
retained_satellites,finite_time,HL,ML,3.5119695040491905,4.883534272074811e-06
retained_satellites,finite_time,HL,ML,4.042787564827166,3.1907330459347896e-07
retained_satellites,finite_time,HL,ML,4.653836337552724,1.3230992680666761e-08
retained_satellites,finite_time,HL,ML,5.3572423258534725,3.616584539655283e-10
retained_satellites,finite_time,HL,HL,0.00032430864012639686,1.9318446489596325e-13
retained_satellites,finite_time,HL,HL,0.00037332640159811636,1.537018119730832e-12
retained_satellites,finite_time,HL,HL,0.00042975297258771353,6.160441290536095e-12
retained_satellites,finite_time,HL,HL,0.0004947081606266652,1.8691018457869348e-11
retained_satellites,finite_time,HL,HL,0.0005694810270117846,4.5575467093827484e-11
retained_satellites,finite_time,HL,HL,0.0006555554687345028,9.371349917957222e-11
retained_satellites,finite_time,HL,HL,0.000754639667001268,1.68623080281798e-10
retained_satellites,finite_time,HL,HL,0.0008686999867625583,2.8360241954957364e-10
retained_satellites,finite_time,HL,HL,0.0010000000000000002,7.263313008239816e-10
retained_satellites,finite_time,HL,HL,0.001151145407204123,3.237170347351446e-09
retained_satellites,finite_time,HL,HL,0.0013251357485271446,1.244448260286862e-08
retained_satellites,finite_time,HL,HL,0.0015254239308390184,3.728062236778021e-08
retained_satellites,finite_time,HL,HL,0.0017559847520245955,9.19584474106995e-08
retained_satellites,finite_time,HL,HL,0.0020213937824135834,1.9268378285717726e-07
retained_satellites,finite_time,HL,HL,0.0023269181687763643,3.5074689972776183e-07
retained_satellites,finite_time,HL,HL,0.0026786211629267367,5.700743284768521e-07
retained_satellites,finite_time,HL,HL,0.003083482449342879,8.543119318824392e-07
retained_satellites,finite_time,HL,HL,0.003549536659755571,1.2154620986934424e-06
retained_satellites,finite_time,HL,HL,0.0040860328235802846,1.678111747308042e-06
retained_satellites,finite_time,HL,HL,0.004703617918549738,2.281351479379647e-06
retained_satellites,finite_time,HL,HL,0.005414548164181547,3.083616143879576e-06
retained_satellites,finite_time,HL,HL,0.006232932251283096,4.173812210139608e-06
retained_satellites,finite_time,HL,HL,0.007175011334478982,5.687991989829517e-06
retained_satellites,finite_time,HL,HL,0.008259481344323003,7.837213261273708e-06
retained_satellites,finite_time,HL,HL,0.009507864015405551,1.1490998146890216e-05
retained_satellites,finite_time,HL,HL,0.010944933993655438,5.751243841836661e-05
retained_satellites,finite_time,HL,HL,0.012599210498948734,0.0004791946676974428
retained_satellites,finite_time,HL,HL,0.014503523300262798,0.0014556001603731612
retained_satellites,finite_time,HL,HL,0.016695664235375485,0.0022018449444336043
retained_satellites,finite_time,HL,HL,0.019219137204774604,0.002760144313062108
retained_satellites,finite_time,HL,HL,0.022124021523702166,0.0036452503623950723
retained_satellites,finite_time,HL,HL,0.025467965765894884,0.004798490834212744
retained_satellites,finite_time,HL,HL,0.02931733182224172,0.006116339745172564
retained_satellites,finite_time,HL,HL,0.033748511878652805,0.007695426787950023
retained_satellites,finite_time,HL,HL,0.038849444449084954,0.009665668462817429
retained_satellites,finite_time,HL,HL,0.0447213595499958,0.012099720128987272
retained_satellites,finite_time,HL,HL,0.051480787649901855,0.014941213560995504
retained_satellites,finite_time,HL,HL,0.05926187226243524,0.017905401051721816
retained_satellites,finite_time,HL,HL,0.06821903207721966,0.02060807666198615
retained_satellites,finite_time,HL,HL,0.07853002545960214,0.022760110818281547
retained_satellites,finite_time,HL,HL,0.09039947813544373,0.024255241689512746
retained_satellites,finite_time,HL,HL,0.10406294406926557,0.025314104872959126
retained_satellites,finite_time,HL,HL,0.11979158012547445,0.02642148481256202
retained_satellites,finite_time,HL,HL,0.13789752728316457,0.02815521724495772
retained_satellites,finite_time,HL,HL,0.15874010519681997,0.03096926738463608
retained_satellites,finite_time,HL,HL,0.18273294303641843,0.03554430889964435
retained_satellites,finite_time,HL,HL,0.21035218812126566,0.0429427032519902
retained_satellites,finite_time,HL,HL,0.24214595525113236,0.05233220387105289
retained_satellites,finite_time,HL,HL,0.27874520426039606,0.06048491386670414
retained_satellites,finite_time,HL,HL,0.32087626166452965,0.06502002639222805
retained_satellites,finite_time,HL,HL,0.36937523489595164,0.06504298279098499
retained_satellites,finite_time,HL,HL,0.42520460518541836,0.06256925985233142
retained_satellites,finite_time,HL,HL,0.48947232838123617,0.05950496329121136
retained_satellites,finite_time,HL,HL,0.5634538227695682,0.05584552205881997
retained_satellites,finite_time,HL,HL,0.6486172802527936,0.051171281475309756
retained_satellites,finite_time,HL,HL,0.7466528031962326,0.045159165902225504
retained_satellites,finite_time,HL,HL,0.8595059451754261,0.03818821237587594
retained_satellites,finite_time,HL,HL,0.9894163212533295,0.03153571297228781
retained_satellites,finite_time,HL,HL,1.138962054023569,0.025329119733286134
retained_satellites,finite_time,HL,HL,1.3111109374690053,0.019209645612595954
retained_satellites,finite_time,HL,HL,1.5092793340025346,0.013348325235560314
retained_satellites,finite_time,HL,HL,1.7373999735251147,0.00817905424649349
retained_satellites,finite_time,HL,HL,2.0,0.004142858452512012
retained_satellites,finite_time,HL,HL,2.3022908144082455,0.0015927182691998607
retained_satellites,finite_time,HL,HL,2.6502714970542867,0.00042791903372833254
retained_satellites,finite_time,HL,HL,3.0508478616780366,7.529129628990439e-05
retained_satellites,finite_time,HL,HL,3.5119695040491905,8.337253594040036e-06
retained_satellites,finite_time,HL,HL,4.042787564827166,5.746422490987973e-07
retained_satellites,finite_time,HL,HL,4.653836337552724,2.4933314756351413e-08
retained_satellites,finite_time,HL,HL,5.3572423258534725,7.082068668743774e-10
asymmetric_binary,size_only,LL,LL,0.00032430864012639686,1.809574380916388e-22
asymmetric_binary,size_only,LL,LL,0.00037332640159811636,4.295792552706571e-22
asymmetric_binary,size_only,LL,LL,0.00042975297258771353,1.2214226688645e-21
asymmetric_binary,size_only,LL,LL,0.0004947081606266652,5.440695649582489e-20
asymmetric_binary,size_only,LL,LL,0.0005694810270117846,7.219388033685531e-19
asymmetric_binary,size_only,LL,LL,0.0006555554687345028,2.728968938905965e-18
asymmetric_binary,size_only,LL,LL,0.000754639667001268,4.805846042161018e-18
asymmetric_binary,size_only,LL,LL,0.0008686999867625583,7.018041626657251e-18
asymmetric_binary,size_only,LL,LL,0.0010000000000000002,8.975137615174002e-17
asymmetric_binary,size_only,LL,LL,0.001151145407204123,2.487968891624003e-15
asymmetric_binary,size_only,LL,LL,0.0013251357485271446,1.5854586412705537e-14
asymmetric_binary,size_only,LL,LL,0.0015254239308390184,3.717606612464385e-14
asymmetric_binary,size_only,LL,LL,0.0017559847520245955,5.397924072817056e-14
asymmetric_binary,size_only,LL,LL,0.0020213937824135834,1.2617670698872292e-13
asymmetric_binary,size_only,LL,LL,0.0023269181687763643,4.477111720003406e-12
asymmetric_binary,size_only,LL,LL,0.0026786211629267367,5.389530999577091e-11
asymmetric_binary,size_only,LL,LL,0.003083482449342879,1.881463952859696e-10
asymmetric_binary,size_only,LL,LL,0.003549536659755571,3.1439782147771e-10
asymmetric_binary,size_only,LL,LL,0.0040860328235802846,4.413968229425366e-10
asymmetric_binary,size_only,LL,LL,0.004703617918549738,3.703261220525803e-09
asymmetric_binary,size_only,LL,LL,0.005414548164181547,8.697567805613459e-08
asymmetric_binary,size_only,LL,LL,0.006232932251283096,5.018445898226486e-07
asymmetric_binary,size_only,LL,LL,0.007175011334478982,1.0859124657639041e-06
asymmetric_binary,size_only,LL,LL,0.008259481344323003,1.4932185086767077e-06
asymmetric_binary,size_only,LL,LL,0.009507864015405551,2.568305883313114e-06
asymmetric_binary,size_only,LL,LL,0.010944933993655438,4.487275431651089e-05
asymmetric_binary,size_only,LL,LL,0.012599210498948734,0.00046062023813833893
asymmetric_binary,size_only,LL,LL,0.014503523300262798,0.0014258475211145047
asymmetric_binary,size_only,LL,LL,0.016695664235375485,0.0021505631590462426
asymmetric_binary,size_only,LL,LL,0.019219137204774604,0.002664949780596763
asymmetric_binary,size_only,LL,LL,0.022124021523702166,0.0034542273017882496
asymmetric_binary,size_only,LL,LL,0.025467965765894884,0.004399557008898566
asymmetric_binary,size_only,LL,LL,0.02931733182224172,0.005292444857137935
asymmetric_binary,size_only,LL,LL,0.033748511878652805,0.006079737765000731
asymmetric_binary,size_only,LL,LL,0.038849444449084954,0.006729245165881448
asymmetric_binary,size_only,LL,LL,0.0447213595499958,0.007216713922020733
asymmetric_binary,size_only,LL,LL,0.051480787649901855,0.0075546121688328804
asymmetric_binary,size_only,LL,LL,0.05926187226243524,0.007754247420669655
asymmetric_binary,size_only,LL,LL,0.06821903207721966,0.007925344794270811
asymmetric_binary,size_only,LL,LL,0.07853002545960214,0.008371850662725907
asymmetric_binary,size_only,LL,LL,0.09039947813544373,0.00966870456109485
asymmetric_binary,size_only,LL,LL,0.10406294406926557,0.012980617288309354
asymmetric_binary,size_only,LL,LL,0.11979158012547445,0.01984854194813784
asymmetric_binary,size_only,LL,LL,0.13789752728316457,0.030895675324606284
asymmetric_binary,size_only,LL,LL,0.15874010519681997,0.04413572880547933
asymmetric_binary,size_only,LL,LL,0.18273294303641843,0.05742587004079271
asymmetric_binary,size_only,LL,LL,0.21035218812126566,0.0713171497471645
asymmetric_binary,size_only,LL,LL,0.24214595525113236,0.08414191791452316
asymmetric_binary,size_only,LL,LL,0.27874520426039606,0.08975659202735242
asymmetric_binary,size_only,LL,LL,0.32087626166452965,0.08490145116741206
asymmetric_binary,size_only,LL,LL,0.36937523489595164,0.07424662079461046
asymmetric_binary,size_only,LL,LL,0.42520460518541836,0.06443920796685741
asymmetric_binary,size_only,LL,LL,0.48947232838123617,0.05692778884720992
asymmetric_binary,size_only,LL,LL,0.5634538227695682,0.05028634500302632
asymmetric_binary,size_only,LL,LL,0.6486172802527936,0.04342553535226945
asymmetric_binary,size_only,LL,LL,0.7466528031962326,0.03605857348969985
asymmetric_binary,size_only,LL,LL,0.8595059451754261,0.028982457030692233
asymmetric_binary,size_only,LL,LL,0.9894163212533295,0.02288617973697368
asymmetric_binary,size_only,LL,LL,1.138962054023569,0.017540183681621736
asymmetric_binary,size_only,LL,LL,1.3111109374690053,0.012652992494596713
asymmetric_binary,size_only,LL,LL,1.5092793340025346,0.00827989031356778
asymmetric_binary,size_only,LL,LL,1.7373999735251147,0.004667522614734189
asymmetric_binary,size_only,LL,LL,2.0,0.0021087452441552806
asymmetric_binary,size_only,LL,LL,2.3022908144082455,0.0007051924659720386
asymmetric_binary,size_only,LL,LL,2.6502714970542867,0.00016279113086373542
asymmetric_binary,size_only,LL,LL,3.0508478616780366,2.462716321231869e-05
asymmetric_binary,size_only,LL,LL,3.5119695040491905,2.3718704606932275e-06
asymmetric_binary,size_only,LL,LL,4.042787564827166,1.4468450407057884e-07
asymmetric_binary,size_only,LL,LL,4.653836337552724,5.659513620992019e-09
asymmetric_binary,size_only,LL,LL,5.3572423258534725,1.472106403233805e-10
asymmetric_binary,size_only,LL,ML,0.00032430864012639686,1.809574380916388e-22
asymmetric_binary,size_only,LL,ML,0.00037332640159811636,4.295792552706571e-22
asymmetric_binary,size_only,LL,ML,0.00042975297258771353,1.2214226688645e-21
asymmetric_binary,size_only,LL,ML,0.0004947081606266652,5.440695649582489e-20
asymmetric_binary,size_only,LL,ML,0.0005694810270117846,7.219388033685531e-19
asymmetric_binary,size_only,LL,ML,0.0006555554687345028,2.728968938905965e-18
asymmetric_binary,size_only,LL,ML,0.000754639667001268,4.805846042161018e-18
asymmetric_binary,size_only,LL,ML,0.0008686999867625583,7.018041626657251e-18
asymmetric_binary,size_only,LL,ML,0.0010000000000000002,8.975137615174002e-17
asymmetric_binary,size_only,LL,ML,0.001151145407204123,2.487968891624003e-15
asymmetric_binary,size_only,LL,ML,0.0013251357485271446,1.5854586412705537e-14
asymmetric_binary,size_only,LL,ML,0.0015254239308390184,3.717606612464385e-14
asymmetric_binary,size_only,LL,ML,0.0017559847520245955,5.397924072817056e-14
asymmetric_binary,size_only,LL,ML,0.0020213937824135834,1.2617670698872292e-13
asymmetric_binary,size_only,LL,ML,0.0023269181687763643,4.477111720003406e-12
asymmetric_binary,size_only,LL,ML,0.0026786211629267367,5.389530999577091e-11
asymmetric_binary,size_only,LL,ML,0.003083482449342879,1.881463952859696e-10
asymmetric_binary,size_only,LL,ML,0.003549536659755571,3.1439782147771e-10
asymmetric_binary,size_only,LL,ML,0.0040860328235802846,4.413968229425366e-10
asymmetric_binary,size_only,LL,ML,0.004703617918549738,3.703261220525803e-09
asymmetric_binary,size_only,LL,ML,0.005414548164181547,8.697567805613459e-08
asymmetric_binary,size_only,LL,ML,0.006232932251283096,5.018445898226486e-07
asymmetric_binary,size_only,LL,ML,0.007175011334478982,1.0859124657639041e-06
asymmetric_binary,size_only,LL,ML,0.008259481344323003,1.4932185086767077e-06
asymmetric_binary,size_only,LL,ML,0.009507864015405551,2.568305883313114e-06
asymmetric_binary,size_only,LL,ML,0.010944933993655438,4.487275431651089e-05
asymmetric_binary,size_only,LL,ML,0.012599210498948734,0.00046062023813833893
asymmetric_binary,size_only,LL,ML,0.014503523300262798,0.0014258475211145047
asymmetric_binary,size_only,LL,ML,0.016695664235375485,0.0021505631590462426
asymmetric_binary,size_only,LL,ML,0.019219137204774604,0.002664949780596763
asymmetric_binary,size_only,LL,ML,0.022124021523702166,0.0034542273017882496
asymmetric_binary,size_only,LL,ML,0.025467965765894884,0.004399557008898566
asymmetric_binary,size_only,LL,ML,0.02931733182224172,0.005292444857137935
asymmetric_binary,size_only,LL,ML,0.033748511878652805,0.006079737765000731
asymmetric_binary,size_only,LL,ML,0.038849444449084954,0.006729245165881448
asymmetric_binary,size_only,LL,ML,0.0447213595499958,0.007216713922020733
asymmetric_binary,size_only,LL,ML,0.051480787649901855,0.0075546121688328804
asymmetric_binary,size_only,LL,ML,0.05926187226243524,0.007754247420669655
asymmetric_binary,size_only,LL,ML,0.06821903207721966,0.007925344794270811
asymmetric_binary,size_only,LL,ML,0.07853002545960214,0.008371850662725907
asymmetric_binary,size_only,LL,ML,0.09039947813544373,0.00966870456109485
asymmetric_binary,size_only,LL,ML,0.10406294406926557,0.012980617288309354
asymmetric_binary,size_only,LL,ML,0.11979158012547445,0.01984854194813784
asymmetric_binary,size_only,LL,ML,0.13789752728316457,0.030895675324606284
asymmetric_binary,size_only,LL,ML,0.15874010519681997,0.04413572880547933
asymmetric_binary,size_only,LL,ML,0.18273294303641843,0.05742587004079271
asymmetric_binary,size_only,LL,ML,0.21035218812126566,0.0713171497471645
asymmetric_binary,size_only,LL,ML,0.24214595525113236,0.08414191791452316
asymmetric_binary,size_only,LL,ML,0.27874520426039606,0.08975659202735242
asymmetric_binary,size_only,LL,ML,0.32087626166452965,0.08490145116741206
asymmetric_binary,size_only,LL,ML,0.36937523489595164,0.07424662079461046
asymmetric_binary,size_only,LL,ML,0.42520460518541836,0.06443920796685741
asymmetric_binary,size_only,LL,ML,0.48947232838123617,0.05692778884720992
asymmetric_binary,size_only,LL,ML,0.5634538227695682,0.05028634500302632
asymmetric_binary,size_only,LL,ML,0.6486172802527936,0.04342553535226945
asymmetric_binary,size_only,LL,ML,0.7466528031962326,0.03605857348969985
asymmetric_binary,size_only,LL,ML,0.8595059451754261,0.028982457030692233
asymmetric_binary,size_only,LL,ML,0.9894163212533295,0.02288617973697368
asymmetric_binary,size_only,LL,ML,1.138962054023569,0.017540183681621736
asymmetric_binary,size_only,LL,ML,1.3111109374690053,0.012652992494596713
asymmetric_binary,size_only,LL,ML,1.5092793340025346,0.00827989031356778
asymmetric_binary,size_only,LL,ML,1.7373999735251147,0.004667522614734189
asymmetric_binary,size_only,LL,ML,2.0,0.0021087452441552806
asymmetric_binary,size_only,LL,ML,2.3022908144082455,0.0007051924659720386
asymmetric_binary,size_only,LL,ML,2.6502714970542867,0.00016279113086373542
asymmetric_binary,size_only,LL,ML,3.0508478616780366,2.462716321231869e-05
asymmetric_binary,size_only,LL,ML,3.5119695040491905,2.3718704606932275e-06
asymmetric_binary,size_only,LL,ML,4.042787564827166,1.4468450407057884e-07
asymmetric_binary,size_only,LL,ML,4.653836337552724,5.659513620992019e-09
asymmetric_binary,size_only,LL,ML,5.3572423258534725,1.472106403233805e-10
asymmetric_binary,size_only,LL,HL,0.00032430864012639686,1.809574380916388e-22
asymmetric_binary,size_only,LL,HL,0.00037332640159811636,4.295792552706571e-22
asymmetric_binary,size_only,LL,HL,0.00042975297258771353,1.2214226688645e-21
asymmetric_binary,size_only,LL,HL,0.0004947081606266652,5.440695649582489e-20
asymmetric_binary,size_only,LL,HL,0.0005694810270117846,7.219388033685531e-19
asymmetric_binary,size_only,LL,HL,0.0006555554687345028,2.728968938905965e-18
asymmetric_binary,size_only,LL,HL,0.000754639667001268,4.805846042161018e-18
asymmetric_binary,size_only,LL,HL,0.0008686999867625583,7.018041626657251e-18
asymmetric_binary,size_only,LL,HL,0.0010000000000000002,8.975137615174002e-17
asymmetric_binary,size_only,LL,HL,0.001151145407204123,2.487968891624003e-15
asymmetric_binary,size_only,LL,HL,0.0013251357485271446,1.5854586412705537e-14
asymmetric_binary,size_only,LL,HL,0.0015254239308390184,3.717606612464385e-14
asymmetric_binary,size_only,LL,HL,0.0017559847520245955,5.397924072817056e-14
asymmetric_binary,size_only,LL,HL,0.0020213937824135834,1.2617670698872292e-13
asymmetric_binary,size_only,LL,HL,0.0023269181687763643,4.477111720003406e-12
asymmetric_binary,size_only,LL,HL,0.0026786211629267367,5.389530999577091e-11
asymmetric_binary,size_only,LL,HL,0.003083482449342879,1.881463952859696e-10
asymmetric_binary,size_only,LL,HL,0.003549536659755571,3.1439782147771e-10
asymmetric_binary,size_only,LL,HL,0.0040860328235802846,4.413968229425366e-10
asymmetric_binary,size_only,LL,HL,0.004703617918549738,3.703261220525803e-09
asymmetric_binary,size_only,LL,HL,0.005414548164181547,8.697567805613459e-08
asymmetric_binary,size_only,LL,HL,0.006232932251283096,5.018445898226486e-07
asymmetric_binary,size_only,LL,HL,0.007175011334478982,1.0859124657639041e-06
asymmetric_binary,size_only,LL,HL,0.008259481344323003,1.4932185086767077e-06
asymmetric_binary,size_only,LL,HL,0.009507864015405551,2.568305883313114e-06
asymmetric_binary,size_only,LL,HL,0.010944933993655438,4.487275431651089e-05
asymmetric_binary,size_only,LL,HL,0.012599210498948734,0.00046062023813833893
asymmetric_binary,size_only,LL,HL,0.014503523300262798,0.0014258475211145047
asymmetric_binary,size_only,LL,HL,0.016695664235375485,0.0021505631590462426
asymmetric_binary,size_only,LL,HL,0.019219137204774604,0.002664949780596763
asymmetric_binary,size_only,LL,HL,0.022124021523702166,0.0034542273017882496
asymmetric_binary,size_only,LL,HL,0.025467965765894884,0.004399557008898566
asymmetric_binary,size_only,LL,HL,0.02931733182224172,0.005292444857137935
asymmetric_binary,size_only,LL,HL,0.033748511878652805,0.006079737765000731
asymmetric_binary,size_only,LL,HL,0.038849444449084954,0.006729245165881448
asymmetric_binary,size_only,LL,HL,0.0447213595499958,0.007216713922020733
asymmetric_binary,size_only,LL,HL,0.051480787649901855,0.0075546121688328804
asymmetric_binary,size_only,LL,HL,0.05926187226243524,0.007754247420669655
asymmetric_binary,size_only,LL,HL,0.06821903207721966,0.007925344794270811
asymmetric_binary,size_only,LL,HL,0.07853002545960214,0.008371850662725907
asymmetric_binary,size_only,LL,HL,0.09039947813544373,0.00966870456109485
asymmetric_binary,size_only,LL,HL,0.10406294406926557,0.012980617288309354
asymmetric_binary,size_only,LL,HL,0.11979158012547445,0.01984854194813784
asymmetric_binary,size_only,LL,HL,0.13789752728316457,0.030895675324606284
asymmetric_binary,size_only,LL,HL,0.15874010519681997,0.04413572880547933
asymmetric_binary,size_only,LL,HL,0.18273294303641843,0.05742587004079271
asymmetric_binary,size_only,LL,HL,0.21035218812126566,0.0713171497471645
asymmetric_binary,size_only,LL,HL,0.24214595525113236,0.08414191791452316
asymmetric_binary,size_only,LL,HL,0.27874520426039606,0.08975659202735242
asymmetric_binary,size_only,LL,HL,0.32087626166452965,0.08490145116741206
asymmetric_binary,size_only,LL,HL,0.36937523489595164,0.07424662079461046
asymmetric_binary,size_only,LL,HL,0.42520460518541836,0.06443920796685741
asymmetric_binary,size_only,LL,HL,0.48947232838123617,0.05692778884720992
asymmetric_binary,size_only,LL,HL,0.5634538227695682,0.05028634500302632
asymmetric_binary,size_only,LL,HL,0.6486172802527936,0.04342553535226945
asymmetric_binary,size_only,LL,HL,0.7466528031962326,0.03605857348969985
asymmetric_binary,size_only,LL,HL,0.8595059451754261,0.028982457030692233
asymmetric_binary,size_only,LL,HL,0.9894163212533295,0.02288617973697368
asymmetric_binary,size_only,LL,HL,1.138962054023569,0.017540183681621736
asymmetric_binary,size_only,LL,HL,1.3111109374690053,0.012652992494596713
asymmetric_binary,size_only,LL,HL,1.5092793340025346,0.00827989031356778
asymmetric_binary,size_only,LL,HL,1.7373999735251147,0.004667522614734189
asymmetric_binary,size_only,LL,HL,2.0,0.0021087452441552806
asymmetric_binary,size_only,LL,HL,2.3022908144082455,0.0007051924659720386
asymmetric_binary,size_only,LL,HL,2.6502714970542867,0.00016279113086373542
asymmetric_binary,size_only,LL,HL,3.0508478616780366,2.462716321231869e-05
asymmetric_binary,size_only,LL,HL,3.5119695040491905,2.3718704606932275e-06
asymmetric_binary,size_only,LL,HL,4.042787564827166,1.4468450407057884e-07
asymmetric_binary,size_only,LL,HL,4.653836337552724,5.659513620992019e-09
asymmetric_binary,size_only,LL,HL,5.3572423258534725,1.472106403233805e-10
asymmetric_binary,size_only,ML,LL,0.00032430864012639686,6.271679029472607e-23
asymmetric_binary,size_only,ML,LL,0.00037332640159811636,1.4929440480449703e-22
asymmetric_binary,size_only,ML,LL,0.00042975297258771353,4.705766786680571e-22
asymmetric_binary,size_only,ML,LL,0.0004947081606266652,2.3215542336918903e-20
asymmetric_binary,size_only,ML,LL,0.0005694810270117846,3.0909952122948086e-19
asymmetric_binary,size_only,ML,LL,0.0006555554687345028,1.1688891254843567e-18
asymmetric_binary,size_only,ML,LL,0.000754639667001268,2.0592866275267042e-18
asymmetric_binary,size_only,ML,LL,0.0008686999867625583,3.050008581524571e-18
asymmetric_binary,size_only,ML,LL,0.0010000000000000002,4.651101689659924e-17
asymmetric_binary,size_only,ML,LL,0.001151145407204123,1.315382013878423e-15
asymmetric_binary,size_only,ML,LL,0.0013251357485271446,8.392308652390771e-15
asymmetric_binary,size_only,ML,LL,0.0015254239308390184,1.9684007214041546e-14
asymmetric_binary,size_only,ML,LL,0.0017559847520245955,2.863711135276951e-14
asymmetric_binary,size_only,ML,LL,0.0020213937824135834,7.321143247324756e-14
asymmetric_binary,size_only,ML,LL,0.0023269181687763643,2.914369466723389e-12
asymmetric_binary,size_only,ML,LL,0.0026786211629267367,3.5245797807767057e-11
asymmetric_binary,size_only,ML,LL,0.003083482449342879,1.231150219179516e-10
asymmetric_binary,size_only,ML,LL,0.003549536659755571,2.0579247950572813e-10
asymmetric_binary,size_only,ML,LL,0.0040860328235802846,2.915678568758658e-10
asymmetric_binary,size_only,ML,LL,0.004703617918549738,2.8992198095379522e-09
asymmetric_binary,size_only,ML,LL,0.005414548164181547,7.01941065722345e-08
asymmetric_binary,size_only,ML,LL,0.006232932251283096,4.0575854433507677e-07
asymmetric_binary,size_only,ML,LL,0.007175011334478982,8.7831237354459e-07
asymmetric_binary,size_only,ML,LL,0.008259481344323003,1.2087972429352173e-06
asymmetric_binary,size_only,ML,LL,0.009507864015405551,2.1843058031192618e-06
asymmetric_binary,size_only,ML,LL,0.010944933993655438,4.429807361417253e-05
asymmetric_binary,size_only,ML,LL,0.012599210498948734,0.0004597397718547566
asymmetric_binary,size_only,ML,LL,0.014503523300262798,0.001424832792517955
asymmetric_binary,size_only,ML,LL,0.016695664235375485,0.002149489625915426
asymmetric_binary,size_only,ML,LL,0.019219137204774604,0.002663598871168841
asymmetric_binary,size_only,ML,LL,0.022124021523702166,0.00345256331543887
asymmetric_binary,size_only,ML,LL,0.025467965765894884,0.004397606267704053
asymmetric_binary,size_only,ML,LL,0.02931733182224172,0.005290132066387024
asymmetric_binary,size_only,ML,LL,0.033748511878652805,0.006076831900463259
asymmetric_binary,size_only,ML,LL,0.038849444449084954,0.0067251646189104225
asymmetric_binary,size_only,ML,LL,0.0447213595499958,0.007209799001567693
asymmetric_binary,size_only,ML,LL,0.051480787649901855,0.00754001826140618
asymmetric_binary,size_only,ML,LL,0.05926187226243524,0.007718099720778002
asymmetric_binary,size_only,ML,LL,0.06821903207721966,0.00783249367872695
asymmetric_binary,size_only,ML,LL,0.07853002545960214,0.008146139508139506
asymmetric_binary,size_only,ML,LL,0.09039947813544373,0.009143176472403257
asymmetric_binary,size_only,ML,LL,0.10406294406926557,0.011793212984648973
asymmetric_binary,size_only,ML,LL,0.11979158012547445,0.017405964429678438
asymmetric_binary,size_only,ML,LL,0.13789752728316457,0.02671742350608756
asymmetric_binary,size_only,ML,LL,0.15874010519681997,0.03844956639396517
asymmetric_binary,size_only,ML,LL,0.18273294303641843,0.050837620411471926
asymmetric_binary,size_only,ML,LL,0.21035218812126566,0.06415772253526546
asymmetric_binary,size_only,ML,LL,0.24214595525113236,0.07695200450586034
asymmetric_binary,size_only,ML,LL,0.27874520426039606,0.08422843903915708
asymmetric_binary,size_only,ML,LL,0.32087626166452965,0.08311548171574841
asymmetric_binary,size_only,ML,LL,0.36937523489595164,0.07599513037804813
asymmetric_binary,size_only,ML,LL,0.42520460518541836,0.06811595242274525
asymmetric_binary,size_only,ML,LL,0.48947232838123617,0.061491084456915465
asymmetric_binary,size_only,ML,LL,0.5634538227695682,0.05523658344312132
asymmetric_binary,size_only,ML,LL,0.6486172802527936,0.048487118701329115
asymmetric_binary,size_only,ML,LL,0.7466528031962326,0.04091680395358177
asymmetric_binary,size_only,ML,LL,0.8595059451754261,0.03327061897622858
asymmetric_binary,size_only,ML,LL,0.9894163212533295,0.02654359812641421
asymmetric_binary,size_only,ML,LL,1.138962054023569,0.020624225119332255
asymmetric_binary,size_only,ML,LL,1.3111109374690053,0.015153691953031938
asymmetric_binary,size_only,ML,LL,1.5092793340025346,0.010170225491261517
asymmetric_binary,size_only,ML,LL,1.7373999735251147,0.005945704228624632
asymmetric_binary,size_only,ML,LL,2.0,0.0028219067869540613
asymmetric_binary,size_only,ML,LL,2.3022908144082455,0.0010010161357722322
asymmetric_binary,size_only,ML,LL,2.6502714970542867,0.00024620213557041134
asymmetric_binary,size_only,ML,LL,3.0508478616780366,3.96515722963032e-05
asymmetric_binary,size_only,ML,LL,3.5119695040491905,4.045322413182339e-06
asymmetric_binary,size_only,ML,LL,4.042787564827166,2.595197960306851e-07
asymmetric_binary,size_only,ML,LL,4.653836337552724,1.0595789533422454e-08
asymmetric_binary,size_only,ML,LL,5.3572423258534725,2.8583705961182937e-10
asymmetric_binary,size_only,ML,ML,0.00032430864012639686,6.271679029472607e-23
asymmetric_binary,size_only,ML,ML,0.00037332640159811636,1.4929440480449703e-22
asymmetric_binary,size_only,ML,ML,0.00042975297258771353,4.705766786680571e-22
asymmetric_binary,size_only,ML,ML,0.0004947081606266652,2.3215542336918903e-20
asymmetric_binary,size_only,ML,ML,0.0005694810270117846,3.0909952122948086e-19
asymmetric_binary,size_only,ML,ML,0.0006555554687345028,1.1688891254843567e-18
asymmetric_binary,size_only,ML,ML,0.000754639667001268,2.0592866275267042e-18
asymmetric_binary,size_only,ML,ML,0.0008686999867625583,3.050008581524571e-18
asymmetric_binary,size_only,ML,ML,0.0010000000000000002,4.651101689659924e-17
asymmetric_binary,size_only,ML,ML,0.001151145407204123,1.315382013878423e-15
asymmetric_binary,size_only,ML,ML,0.0013251357485271446,8.392308652390771e-15
asymmetric_binary,size_only,ML,ML,0.0015254239308390184,1.9684007214041546e-14
asymmetric_binary,size_only,ML,ML,0.0017559847520245955,2.863711135276951e-14
asymmetric_binary,size_only,ML,ML,0.0020213937824135834,7.321143247324756e-14
asymmetric_binary,size_only,ML,ML,0.0023269181687763643,2.914369466723389e-12
asymmetric_binary,size_only,ML,ML,0.0026786211629267367,3.5245797807767057e-11
asymmetric_binary,size_only,ML,ML,0.003083482449342879,1.231150219179516e-10
asymmetric_binary,size_only,ML,ML,0.003549536659755571,2.0579247950572813e-10
asymmetric_binary,size_only,ML,ML,0.0040860328235802846,2.915678568758658e-10
asymmetric_binary,size_only,ML,ML,0.004703617918549738,2.8992198095379522e-09
asymmetric_binary,size_only,ML,ML,0.005414548164181547,7.01941065722345e-08
asymmetric_binary,size_only,ML,ML,0.006232932251283096,4.0575854433507677e-07
asymmetric_binary,size_only,ML,ML,0.007175011334478982,8.7831237354459e-07
asymmetric_binary,size_only,ML,ML,0.008259481344323003,1.2087972429352173e-06
asymmetric_binary,size_only,ML,ML,0.009507864015405551,2.1843058031192618e-06
asymmetric_binary,size_only,ML,ML,0.010944933993655438,4.429807361417253e-05
asymmetric_binary,size_only,ML,ML,0.012599210498948734,0.0004597397718547566
asymmetric_binary,size_only,ML,ML,0.014503523300262798,0.001424832792517955
asymmetric_binary,size_only,ML,ML,0.016695664235375485,0.002149489625915426
asymmetric_binary,size_only,ML,ML,0.019219137204774604,0.002663598871168841
asymmetric_binary,size_only,ML,ML,0.022124021523702166,0.00345256331543887
asymmetric_binary,size_only,ML,ML,0.025467965765894884,0.004397606267704053
asymmetric_binary,size_only,ML,ML,0.02931733182224172,0.005290132066387024
asymmetric_binary,size_only,ML,ML,0.033748511878652805,0.006076831900463259
asymmetric_binary,size_only,ML,ML,0.038849444449084954,0.0067251646189104225
asymmetric_binary,size_only,ML,ML,0.0447213595499958,0.007209799001567693
asymmetric_binary,size_only,ML,ML,0.051480787649901855,0.00754001826140618
asymmetric_binary,size_only,ML,ML,0.05926187226243524,0.007718099720778002
asymmetric_binary,size_only,ML,ML,0.06821903207721966,0.00783249367872695
asymmetric_binary,size_only,ML,ML,0.07853002545960214,0.008146139508139506
asymmetric_binary,size_only,ML,ML,0.09039947813544373,0.009143176472403257
asymmetric_binary,size_only,ML,ML,0.10406294406926557,0.011793212984648973
asymmetric_binary,size_only,ML,ML,0.11979158012547445,0.017405964429678438
asymmetric_binary,size_only,ML,ML,0.13789752728316457,0.02671742350608756
asymmetric_binary,size_only,ML,ML,0.15874010519681997,0.03844956639396517
asymmetric_binary,size_only,ML,ML,0.18273294303641843,0.050837620411471926
asymmetric_binary,size_only,ML,ML,0.21035218812126566,0.06415772253526546
asymmetric_binary,size_only,ML,ML,0.24214595525113236,0.07695200450586034
asymmetric_binary,size_only,ML,ML,0.27874520426039606,0.08422843903915708
asymmetric_binary,size_only,ML,ML,0.32087626166452965,0.08311548171574841
asymmetric_binary,size_only,ML,ML,0.36937523489595164,0.07599513037804813
asymmetric_binary,size_only,ML,ML,0.42520460518541836,0.06811595242274525
asymmetric_binary,size_only,ML,ML,0.48947232838123617,0.061491084456915465
asymmetric_binary,size_only,ML,ML,0.5634538227695682,0.05523658344312132
asymmetric_binary,size_only,ML,ML,0.6486172802527936,0.048487118701329115
asymmetric_binary,size_only,ML,ML,0.7466528031962326,0.04091680395358177
asymmetric_binary,size_only,ML,ML,0.8595059451754261,0.03327061897622858
asymmetric_binary,size_only,ML,ML,0.9894163212533295,0.02654359812641421
asymmetric_binary,size_only,ML,ML,1.138962054023569,0.020624225119332255
asymmetric_binary,size_only,ML,ML,1.3111109374690053,0.015153691953031938
asymmetric_binary,size_only,ML,ML,1.5092793340025346,0.010170225491261517
asymmetric_binary,size_only,ML,ML,1.7373999735251147,0.005945704228624632
asymmetric_binary,size_only,ML,ML,2.0,0.0028219067869540613
asymmetric_binary,size_only,ML,ML,2.3022908144082455,0.0010010161357722322
asymmetric_binary,size_only,ML,ML,2.6502714970542867,0.00024620213557041134
asymmetric_binary,size_only,ML,ML,3.0508478616780366,3.96515722963032e-05
asymmetric_binary,size_only,ML,ML,3.5119695040491905,4.045322413182339e-06
asymmetric_binary,size_only,ML,ML,4.042787564827166,2.595197960306851e-07
asymmetric_binary,size_only,ML,ML,4.653836337552724,1.0595789533422454e-08
asymmetric_binary,size_only,ML,ML,5.3572423258534725,2.8583705961182937e-10
asymmetric_binary,size_only,ML,HL,0.00032430864012639686,6.271679029472607e-23
asymmetric_binary,size_only,ML,HL,0.00037332640159811636,1.4929440480449703e-22
asymmetric_binary,size_only,ML,HL,0.00042975297258771353,4.705766786680571e-22
asymmetric_binary,size_only,ML,HL,0.0004947081606266652,2.3215542336918903e-20
asymmetric_binary,size_only,ML,HL,0.0005694810270117846,3.0909952122948086e-19
asymmetric_binary,size_only,ML,HL,0.0006555554687345028,1.1688891254843567e-18
asymmetric_binary,size_only,ML,HL,0.000754639667001268,2.0592866275267042e-18
asymmetric_binary,size_only,ML,HL,0.0008686999867625583,3.050008581524571e-18
asymmetric_binary,size_only,ML,HL,0.0010000000000000002,4.651101689659924e-17
asymmetric_binary,size_only,ML,HL,0.001151145407204123,1.315382013878423e-15
asymmetric_binary,size_only,ML,HL,0.0013251357485271446,8.392308652390771e-15
asymmetric_binary,size_only,ML,HL,0.0015254239308390184,1.9684007214041546e-14
asymmetric_binary,size_only,ML,HL,0.0017559847520245955,2.863711135276951e-14
asymmetric_binary,size_only,ML,HL,0.0020213937824135834,7.321143247324756e-14
asymmetric_binary,size_only,ML,HL,0.0023269181687763643,2.914369466723389e-12
asymmetric_binary,size_only,ML,HL,0.0026786211629267367,3.5245797807767057e-11
asymmetric_binary,size_only,ML,HL,0.003083482449342879,1.231150219179516e-10
asymmetric_binary,size_only,ML,HL,0.003549536659755571,2.0579247950572813e-10
asymmetric_binary,size_only,ML,HL,0.0040860328235802846,2.915678568758658e-10
asymmetric_binary,size_only,ML,HL,0.004703617918549738,2.8992198095379522e-09
asymmetric_binary,size_only,ML,HL,0.005414548164181547,7.01941065722345e-08
asymmetric_binary,size_only,ML,HL,0.006232932251283096,4.0575854433507677e-07
asymmetric_binary,size_only,ML,HL,0.007175011334478982,8.7831237354459e-07
asymmetric_binary,size_only,ML,HL,0.008259481344323003,1.2087972429352173e-06
asymmetric_binary,size_only,ML,HL,0.009507864015405551,2.1843058031192618e-06
asymmetric_binary,size_only,ML,HL,0.010944933993655438,4.429807361417253e-05
asymmetric_binary,size_only,ML,HL,0.012599210498948734,0.0004597397718547566
asymmetric_binary,size_only,ML,HL,0.014503523300262798,0.001424832792517955
asymmetric_binary,size_only,ML,HL,0.016695664235375485,0.002149489625915426
asymmetric_binary,size_only,ML,HL,0.019219137204774604,0.002663598871168841
asymmetric_binary,size_only,ML,HL,0.022124021523702166,0.00345256331543887
asymmetric_binary,size_only,ML,HL,0.025467965765894884,0.004397606267704053
asymmetric_binary,size_only,ML,HL,0.02931733182224172,0.005290132066387024
asymmetric_binary,size_only,ML,HL,0.033748511878652805,0.006076831900463259
asymmetric_binary,size_only,ML,HL,0.038849444449084954,0.0067251646189104225
asymmetric_binary,size_only,ML,HL,0.0447213595499958,0.007209799001567693
asymmetric_binary,size_only,ML,HL,0.051480787649901855,0.00754001826140618
asymmetric_binary,size_only,ML,HL,0.05926187226243524,0.007718099720778002
asymmetric_binary,size_only,ML,HL,0.06821903207721966,0.00783249367872695
asymmetric_binary,size_only,ML,HL,0.07853002545960214,0.008146139508139506
asymmetric_binary,size_only,ML,HL,0.09039947813544373,0.009143176472403257
asymmetric_binary,size_only,ML,HL,0.10406294406926557,0.011793212984648973
asymmetric_binary,size_only,ML,HL,0.11979158012547445,0.017405964429678438
asymmetric_binary,size_only,ML,HL,0.13789752728316457,0.02671742350608756
asymmetric_binary,size_only,ML,HL,0.15874010519681997,0.03844956639396517
asymmetric_binary,size_only,ML,HL,0.18273294303641843,0.050837620411471926
asymmetric_binary,size_only,ML,HL,0.21035218812126566,0.06415772253526546
asymmetric_binary,size_only,ML,HL,0.24214595525113236,0.07695200450586034
asymmetric_binary,size_only,ML,HL,0.27874520426039606,0.08422843903915708
asymmetric_binary,size_only,ML,HL,0.32087626166452965,0.08311548171574841
asymmetric_binary,size_only,ML,HL,0.36937523489595164,0.07599513037804813
asymmetric_binary,size_only,ML,HL,0.42520460518541836,0.06811595242274525
asymmetric_binary,size_only,ML,HL,0.48947232838123617,0.061491084456915465
asymmetric_binary,size_only,ML,HL,0.5634538227695682,0.05523658344312132
asymmetric_binary,size_only,ML,HL,0.6486172802527936,0.048487118701329115
asymmetric_binary,size_only,ML,HL,0.7466528031962326,0.04091680395358177
asymmetric_binary,size_only,ML,HL,0.8595059451754261,0.03327061897622858
asymmetric_binary,size_only,ML,HL,0.9894163212533295,0.02654359812641421
asymmetric_binary,size_only,ML,HL,1.138962054023569,0.020624225119332255
asymmetric_binary,size_only,ML,HL,1.3111109374690053,0.015153691953031938
asymmetric_binary,size_only,ML,HL,1.5092793340025346,0.010170225491261517
asymmetric_binary,size_only,ML,HL,1.7373999735251147,0.005945704228624632
asymmetric_binary,size_only,ML,HL,2.0,0.0028219067869540613
asymmetric_binary,size_only,ML,HL,2.3022908144082455,0.0010010161357722322
asymmetric_binary,size_only,ML,HL,2.6502714970542867,0.00024620213557041134
asymmetric_binary,size_only,ML,HL,3.0508478616780366,3.96515722963032e-05
asymmetric_binary,size_only,ML,HL,3.5119695040491905,4.045322413182339e-06
asymmetric_binary,size_only,ML,HL,4.042787564827166,2.595197960306851e-07
asymmetric_binary,size_only,ML,HL,4.653836337552724,1.0595789533422454e-08
asymmetric_binary,size_only,ML,HL,5.3572423258534725,2.8583705961182937e-10
asymmetric_binary,size_only,HL,LL,0.00032430864012639686,2.3986738179950082e-22
asymmetric_binary,size_only,HL,LL,0.00037332640159811636,5.690617802298381e-22
asymmetric_binary,size_only,HL,LL,0.00042975297258771353,1.5770900158081126e-21
asymmetric_binary,size_only,HL,LL,0.0004947081606266652,6.824813974862722e-20
asymmetric_binary,size_only,HL,LL,0.0005694810270117846,9.046710418285581e-19
asymmetric_binary,size_only,HL,LL,0.0006555554687345028,3.4192849860554236e-18
asymmetric_binary,size_only,HL,LL,0.000754639667001268,6.020911659896114e-18
asymmetric_binary,size_only,HL,LL,0.0008686999867625583,8.763347289084475e-18
asymmetric_binary,size_only,HL,LL,0.0010000000000000002,1.0697512066855445e-16
asymmetric_binary,size_only,HL,LL,0.001151145407204123,2.9477233573171226e-15
asymmetric_binary,size_only,HL,LL,0.0013251357485271446,1.8777559114116925e-14
asymmetric_binary,size_only,HL,LL,0.0015254239308390184,4.402613871395081e-14
asymmetric_binary,size_only,HL,LL,0.0017559847520245955,6.389610736985689e-14
asymmetric_binary,size_only,HL,LL,0.0020213937824135834,1.4610069120734035e-13
asymmetric_binary,size_only,HL,LL,0.0023269181687763643,5.0196615109169505e-12
asymmetric_binary,size_only,HL,LL,0.0026786211629267367,6.034200538732674e-11
asymmetric_binary,size_only,HL,LL,0.003083482449342879,2.1061348948269016e-10
asymmetric_binary,size_only,HL,LL,0.003549536659755571,3.5191208870129173e-10
asymmetric_binary,size_only,HL,LL,0.0040860328235802846,4.93013810208658e-10
asymmetric_binary,size_only,HL,LL,0.004703617918549738,3.956431338478563e-09
asymmetric_binary,size_only,HL,LL,0.005414548164181547,9.208683228234717e-08
asymmetric_binary,size_only,HL,LL,0.006232932251283096,5.310407498344463e-07
asymmetric_binary,size_only,HL,LL,0.007175011334478982,1.1489638292125687e-06
asymmetric_binary,size_only,HL,LL,0.008259481344323003,1.5795966469114091e-06
asymmetric_binary,size_only,HL,LL,0.009507864015405551,2.684927361601612e-06
asymmetric_binary,size_only,HL,LL,0.010944933993655438,4.504728091720749e-05
asymmetric_binary,size_only,HL,LL,0.012599210498948734,0.0004608876079173609
asymmetric_binary,size_only,HL,LL,0.014503523300262798,0.0014261556579574883
asymmetric_binary,size_only,HL,LL,0.016695664235375485,0.0021508891924373226
asymmetric_binary,size_only,HL,LL,0.019219137204774604,0.0026653601058402427
asymmetric_binary,size_only,HL,LL,0.022124021523702166,0.0034547328892118516
asymmetric_binary,size_only,HL,LL,0.025467965765894884,0.0044001503576302885
asymmetric_binary,size_only,HL,LL,0.02931733182224172,0.005293150544994613
asymmetric_binary,size_only,HL,LL,0.033748511878652805,0.006080631343981447
asymmetric_binary,size_only,HL,LL,0.038849444449084954,0.006730519464209656
asymmetric_binary,size_only,HL,LL,0.0447213595499958,0.007218924808128394
asymmetric_binary,size_only,HL,LL,0.051480787649901855,0.00755939783955372
asymmetric_binary,size_only,HL,LL,0.05926187226243524,0.0077663026677680476
asymmetric_binary,size_only,HL,LL,0.06821903207721966,0.007956370123972515
asymmetric_binary,size_only,HL,LL,0.07853002545960214,0.008446631068298452
asymmetric_binary,size_only,HL,LL,0.09039947813544373,0.009840934465335427
asymmetric_binary,size_only,HL,LL,0.10406294406926557,0.013365998966058187
asymmetric_binary,size_only,HL,LL,0.11979158012547445,0.02063282610166013
asymmetric_binary,size_only,HL,LL,0.13789752728316457,0.032210689558231864
asymmetric_binary,size_only,HL,LL,0.15874010519681997,0.04587628711549569
asymmetric_binary,size_only,HL,LL,0.18273294303641843,0.059395746493395164
asymmetric_binary,size_only,HL,LL,0.21035218812126566,0.07342789751697701
asymmetric_binary,size_only,HL,LL,0.24214595525113236,0.08623029206430452
asymmetric_binary,size_only,HL,LL,0.27874520426039606,0.09127168432212622
asymmetric_binary,size_only,HL,LL,0.32087626166452965,0.08522399857074771
asymmetric_binary,size_only,HL,LL,0.36937523489595164,0.07354692812428885
asymmetric_binary,size_only,HL,LL,0.42520460518541836,0.06324264182549572
asymmetric_binary,size_only,HL,LL,0.48947232838123617,0.055529018992284775
asymmetric_binary,size_only,HL,LL,0.5634538227695682,0.04881331703101679
asymmetric_binary,size_only,HL,LL,0.6486172802527936,0.041947754522488695
asymmetric_binary,size_only,HL,LL,0.7466528031962326,0.03466935415652966
asymmetric_binary,size_only,HL,LL,0.8595059451754261,0.02777356440018754
asymmetric_binary,size_only,HL,LL,0.9894163212533295,0.02186307448649821
asymmetric_binary,size_only,HL,LL,1.138962054023569,0.01668524726420092
asymmetric_binary,size_only,HL,LL,1.3111109374690053,0.011967431574282079
asymmetric_binary,size_only,HL,LL,1.5092793340025346,0.007768791630544063
asymmetric_binary,size_only,HL,LL,1.7373999735251147,0.004329430154330346
asymmetric_binary,size_only,HL,LL,2.0,0.0019264069141623845
asymmetric_binary,size_only,HL,LL,2.3022908144082455,0.0006327616002871806
asymmetric_binary,size_only,HL,LL,2.6502714970542867,0.00014331090864246518
asymmetric_binary,size_only,HL,LL,3.0508478616780366,2.12782881034756e-05
asymmetric_binary,size_only,HL,LL,3.5119695040491905,2.0144600460127267e-06
asymmetric_binary,size_only,HL,LL,4.042787564827166,1.210512171395418e-07
asymmetric_binary,size_only,HL,LL,4.653836337552724,4.674931591474495e-09
asymmetric_binary,size_only,HL,LL,5.3572423258534725,1.2028330215884696e-10
asymmetric_binary,size_only,HL,ML,0.00032430864012639686,2.3986738179950082e-22
asymmetric_binary,size_only,HL,ML,0.00037332640159811636,5.690617802298381e-22
asymmetric_binary,size_only,HL,ML,0.00042975297258771353,1.5770900158081126e-21
asymmetric_binary,size_only,HL,ML,0.0004947081606266652,6.824813974862722e-20
asymmetric_binary,size_only,HL,ML,0.0005694810270117846,9.046710418285581e-19
asymmetric_binary,size_only,HL,ML,0.0006555554687345028,3.4192849860554236e-18
asymmetric_binary,size_only,HL,ML,0.000754639667001268,6.020911659896114e-18
asymmetric_binary,size_only,HL,ML,0.0008686999867625583,8.763347289084475e-18
asymmetric_binary,size_only,HL,ML,0.0010000000000000002,1.0697512066855445e-16
asymmetric_binary,size_only,HL,ML,0.001151145407204123,2.9477233573171226e-15
asymmetric_binary,size_only,HL,ML,0.0013251357485271446,1.8777559114116925e-14
asymmetric_binary,size_only,HL,ML,0.0015254239308390184,4.402613871395081e-14
asymmetric_binary,size_only,HL,ML,0.0017559847520245955,6.389610736985689e-14
asymmetric_binary,size_only,HL,ML,0.0020213937824135834,1.4610069120734035e-13
asymmetric_binary,size_only,HL,ML,0.0023269181687763643,5.0196615109169505e-12
asymmetric_binary,size_only,HL,ML,0.0026786211629267367,6.034200538732674e-11
asymmetric_binary,size_only,HL,ML,0.003083482449342879,2.1061348948269016e-10
asymmetric_binary,size_only,HL,ML,0.003549536659755571,3.5191208870129173e-10
asymmetric_binary,size_only,HL,ML,0.0040860328235802846,4.93013810208658e-10
asymmetric_binary,size_only,HL,ML,0.004703617918549738,3.956431338478563e-09
asymmetric_binary,size_only,HL,ML,0.005414548164181547,9.208683228234717e-08
asymmetric_binary,size_only,HL,ML,0.006232932251283096,5.310407498344463e-07
asymmetric_binary,size_only,HL,ML,0.007175011334478982,1.1489638292125687e-06
asymmetric_binary,size_only,HL,ML,0.008259481344323003,1.5795966469114091e-06
asymmetric_binary,size_only,HL,ML,0.009507864015405551,2.684927361601612e-06
asymmetric_binary,size_only,HL,ML,0.010944933993655438,4.504728091720749e-05
asymmetric_binary,size_only,HL,ML,0.012599210498948734,0.0004608876079173609
asymmetric_binary,size_only,HL,ML,0.014503523300262798,0.0014261556579574883
asymmetric_binary,size_only,HL,ML,0.016695664235375485,0.0021508891924373226
asymmetric_binary,size_only,HL,ML,0.019219137204774604,0.0026653601058402427
asymmetric_binary,size_only,HL,ML,0.022124021523702166,0.0034547328892118516
asymmetric_binary,size_only,HL,ML,0.025467965765894884,0.0044001503576302885
asymmetric_binary,size_only,HL,ML,0.02931733182224172,0.005293150544994613
asymmetric_binary,size_only,HL,ML,0.033748511878652805,0.006080631343981447
asymmetric_binary,size_only,HL,ML,0.038849444449084954,0.006730519464209656
asymmetric_binary,size_only,HL,ML,0.0447213595499958,0.007218924808128394
asymmetric_binary,size_only,HL,ML,0.051480787649901855,0.00755939783955372
asymmetric_binary,size_only,HL,ML,0.05926187226243524,0.0077663026677680476
asymmetric_binary,size_only,HL,ML,0.06821903207721966,0.007956370123972515
asymmetric_binary,size_only,HL,ML,0.07853002545960214,0.008446631068298452
asymmetric_binary,size_only,HL,ML,0.09039947813544373,0.009840934465335427
asymmetric_binary,size_only,HL,ML,0.10406294406926557,0.013365998966058187
asymmetric_binary,size_only,HL,ML,0.11979158012547445,0.02063282610166013
asymmetric_binary,size_only,HL,ML,0.13789752728316457,0.032210689558231864
asymmetric_binary,size_only,HL,ML,0.15874010519681997,0.04587628711549569
asymmetric_binary,size_only,HL,ML,0.18273294303641843,0.059395746493395164
asymmetric_binary,size_only,HL,ML,0.21035218812126566,0.07342789751697701
asymmetric_binary,size_only,HL,ML,0.24214595525113236,0.08623029206430452
asymmetric_binary,size_only,HL,ML,0.27874520426039606,0.09127168432212622
asymmetric_binary,size_only,HL,ML,0.32087626166452965,0.08522399857074771
asymmetric_binary,size_only,HL,ML,0.36937523489595164,0.07354692812428885
asymmetric_binary,size_only,HL,ML,0.42520460518541836,0.06324264182549572
asymmetric_binary,size_only,HL,ML,0.48947232838123617,0.055529018992284775
asymmetric_binary,size_only,HL,ML,0.5634538227695682,0.04881331703101679
asymmetric_binary,size_only,HL,ML,0.6486172802527936,0.041947754522488695
asymmetric_binary,size_only,HL,ML,0.7466528031962326,0.03466935415652966
asymmetric_binary,size_only,HL,ML,0.8595059451754261,0.02777356440018754
asymmetric_binary,size_only,HL,ML,0.9894163212533295,0.02186307448649821
asymmetric_binary,size_only,HL,ML,1.138962054023569,0.01668524726420092
asymmetric_binary,size_only,HL,ML,1.3111109374690053,0.011967431574282079
asymmetric_binary,size_only,HL,ML,1.5092793340025346,0.007768791630544063
asymmetric_binary,size_only,HL,ML,1.7373999735251147,0.004329430154330346
asymmetric_binary,size_only,HL,ML,2.0,0.0019264069141623845
asymmetric_binary,size_only,HL,ML,2.3022908144082455,0.0006327616002871806
asymmetric_binary,size_only,HL,ML,2.6502714970542867,0.00014331090864246518
asymmetric_binary,size_only,HL,ML,3.0508478616780366,2.12782881034756e-05
asymmetric_binary,size_only,HL,ML,3.5119695040491905,2.0144600460127267e-06
asymmetric_binary,size_only,HL,ML,4.042787564827166,1.210512171395418e-07
asymmetric_binary,size_only,HL,ML,4.653836337552724,4.674931591474495e-09
asymmetric_binary,size_only,HL,ML,5.3572423258534725,1.2028330215884696e-10
asymmetric_binary,size_only,HL,HL,0.00032430864012639686,2.3986738179950082e-22
asymmetric_binary,size_only,HL,HL,0.00037332640159811636,5.690617802298381e-22
asymmetric_binary,size_only,HL,HL,0.00042975297258771353,1.5770900158081126e-21
asymmetric_binary,size_only,HL,HL,0.0004947081606266652,6.824813974862722e-20
asymmetric_binary,size_only,HL,HL,0.0005694810270117846,9.046710418285581e-19
asymmetric_binary,size_only,HL,HL,0.0006555554687345028,3.4192849860554236e-18
asymmetric_binary,size_only,HL,HL,0.000754639667001268,6.020911659896114e-18
asymmetric_binary,size_only,HL,HL,0.0008686999867625583,8.763347289084475e-18
asymmetric_binary,size_only,HL,HL,0.0010000000000000002,1.0697512066855445e-16
asymmetric_binary,size_only,HL,HL,0.001151145407204123,2.9477233573171226e-15
asymmetric_binary,size_only,HL,HL,0.0013251357485271446,1.8777559114116925e-14
asymmetric_binary,size_only,HL,HL,0.0015254239308390184,4.402613871395081e-14
asymmetric_binary,size_only,HL,HL,0.0017559847520245955,6.389610736985689e-14
asymmetric_binary,size_only,HL,HL,0.0020213937824135834,1.4610069120734035e-13
asymmetric_binary,size_only,HL,HL,0.0023269181687763643,5.0196615109169505e-12
asymmetric_binary,size_only,HL,HL,0.0026786211629267367,6.034200538732674e-11
asymmetric_binary,size_only,HL,HL,0.003083482449342879,2.1061348948269016e-10
asymmetric_binary,size_only,HL,HL,0.003549536659755571,3.5191208870129173e-10
asymmetric_binary,size_only,HL,HL,0.0040860328235802846,4.93013810208658e-10
asymmetric_binary,size_only,HL,HL,0.004703617918549738,3.956431338478563e-09
asymmetric_binary,size_only,HL,HL,0.005414548164181547,9.208683228234717e-08
asymmetric_binary,size_only,HL,HL,0.006232932251283096,5.310407498344463e-07
asymmetric_binary,size_only,HL,HL,0.007175011334478982,1.1489638292125687e-06
asymmetric_binary,size_only,HL,HL,0.008259481344323003,1.5795966469114091e-06
asymmetric_binary,size_only,HL,HL,0.009507864015405551,2.684927361601612e-06
asymmetric_binary,size_only,HL,HL,0.010944933993655438,4.504728091720749e-05
asymmetric_binary,size_only,HL,HL,0.012599210498948734,0.0004608876079173609
asymmetric_binary,size_only,HL,HL,0.014503523300262798,0.0014261556579574883
asymmetric_binary,size_only,HL,HL,0.016695664235375485,0.0021508891924373226
asymmetric_binary,size_only,HL,HL,0.019219137204774604,0.0026653601058402427
asymmetric_binary,size_only,HL,HL,0.022124021523702166,0.0034547328892118516
asymmetric_binary,size_only,HL,HL,0.025467965765894884,0.0044001503576302885
asymmetric_binary,size_only,HL,HL,0.02931733182224172,0.005293150544994613
asymmetric_binary,size_only,HL,HL,0.033748511878652805,0.006080631343981447
asymmetric_binary,size_only,HL,HL,0.038849444449084954,0.006730519464209656
asymmetric_binary,size_only,HL,HL,0.0447213595499958,0.007218924808128394
asymmetric_binary,size_only,HL,HL,0.051480787649901855,0.00755939783955372
asymmetric_binary,size_only,HL,HL,0.05926187226243524,0.0077663026677680476
asymmetric_binary,size_only,HL,HL,0.06821903207721966,0.007956370123972515
asymmetric_binary,size_only,HL,HL,0.07853002545960214,0.008446631068298452
asymmetric_binary,size_only,HL,HL,0.09039947813544373,0.009840934465335427
asymmetric_binary,size_only,HL,HL,0.10406294406926557,0.013365998966058187
asymmetric_binary,size_only,HL,HL,0.11979158012547445,0.02063282610166013
asymmetric_binary,size_only,HL,HL,0.13789752728316457,0.032210689558231864
asymmetric_binary,size_only,HL,HL,0.15874010519681997,0.04587628711549569
asymmetric_binary,size_only,HL,HL,0.18273294303641843,0.059395746493395164
asymmetric_binary,size_only,HL,HL,0.21035218812126566,0.07342789751697701
asymmetric_binary,size_only,HL,HL,0.24214595525113236,0.08623029206430452
asymmetric_binary,size_only,HL,HL,0.27874520426039606,0.09127168432212622
asymmetric_binary,size_only,HL,HL,0.32087626166452965,0.08522399857074771
asymmetric_binary,size_only,HL,HL,0.36937523489595164,0.07354692812428885
asymmetric_binary,size_only,HL,HL,0.42520460518541836,0.06324264182549572
asymmetric_binary,size_only,HL,HL,0.48947232838123617,0.055529018992284775
asymmetric_binary,size_only,HL,HL,0.5634538227695682,0.04881331703101679
asymmetric_binary,size_only,HL,HL,0.6486172802527936,0.041947754522488695
asymmetric_binary,size_only,HL,HL,0.7466528031962326,0.03466935415652966
asymmetric_binary,size_only,HL,HL,0.8595059451754261,0.02777356440018754
asymmetric_binary,size_only,HL,HL,0.9894163212533295,0.02186307448649821
asymmetric_binary,size_only,HL,HL,1.138962054023569,0.01668524726420092
asymmetric_binary,size_only,HL,HL,1.3111109374690053,0.011967431574282079
asymmetric_binary,size_only,HL,HL,1.5092793340025346,0.007768791630544063
asymmetric_binary,size_only,HL,HL,1.7373999735251147,0.004329430154330346
asymmetric_binary,size_only,HL,HL,2.0,0.0019264069141623845
asymmetric_binary,size_only,HL,HL,2.3022908144082455,0.0006327616002871806
asymmetric_binary,size_only,HL,HL,2.6502714970542867,0.00014331090864246518
asymmetric_binary,size_only,HL,HL,3.0508478616780366,2.12782881034756e-05
asymmetric_binary,size_only,HL,HL,3.5119695040491905,2.0144600460127267e-06
asymmetric_binary,size_only,HL,HL,4.042787564827166,1.210512171395418e-07
asymmetric_binary,size_only,HL,HL,4.653836337552724,4.674931591474495e-09
asymmetric_binary,size_only,HL,HL,5.3572423258534725,1.2028330215884696e-10
asymmetric_binary,instantaneous,LL,LL,0.00032430864012639686,2.437758403000409e-21
asymmetric_binary,instantaneous,LL,LL,0.00037332640159811636,5.759287220813023e-21
asymmetric_binary,instantaneous,LL,LL,0.00042975297258771353,1.3298181894735678e-20
asymmetric_binary,instantaneous,LL,LL,0.0004947081606266652,4.418358685557858e-19
asymmetric_binary,instantaneous,LL,LL,0.0005694810270117846,5.7929083517007125e-18
asymmetric_binary,instantaneous,LL,LL,0.0006555554687345028,2.1865819440796385e-17
asymmetric_binary,instantaneous,LL,LL,0.000754639667001268,3.847061413425189e-17
asymmetric_binary,instantaneous,LL,LL,0.0008686999867625583,5.480352029357423e-17
asymmetric_binary,instantaneous,LL,LL,0.0010000000000000002,4.598230577370089e-16
asymmetric_binary,instantaneous,LL,LL,0.001151145407204123,1.190941754745301e-14
asymmetric_binary,instantaneous,LL,LL,0.0013251357485271446,7.557051299366282e-14
asymmetric_binary,instantaneous,LL,LL,0.0015254239308390184,1.7702378417677809e-13
asymmetric_binary,instantaneous,LL,LL,0.0017559847520245955,2.5614755630464267e-13
asymmetric_binary,instantaneous,LL,LL,0.0020213937824135834,5.018678262961835e-13
asymmetric_binary,instantaneous,LL,LL,0.0023269181687763643,1.2916369026881195e-11
asymmetric_binary,instantaneous,LL,LL,0.0026786211629267367,1.529726865119643e-10
asymmetric_binary,instantaneous,LL,LL,0.003083482449342879,5.32889823342847e-10
asymmetric_binary,instantaneous,LL,LL,0.003549536659755571,8.897692951180623e-10
asymmetric_binary,instantaneous,LL,LL,0.0040860328235802846,1.2295249321017962e-09
asymmetric_binary,instantaneous,LL,LL,0.004703617918549738,6.949083334965344e-09
asymmetric_binary,instantaneous,LL,LL,0.005414548164181547,1.4758357028111836e-07
asymmetric_binary,instantaneous,LL,LL,0.006232932251283096,8.460298951531037e-07
asymmetric_binary,instantaneous,LL,LL,0.007175011334478982,1.8283577273303674e-06
asymmetric_binary,instantaneous,LL,LL,0.008259481344323003,2.5101949686966982e-06
asymmetric_binary,instantaneous,LL,LL,0.009507864015405551,3.941397121712128e-06
asymmetric_binary,instantaneous,LL,LL,0.010944933993655438,4.692747228537151e-05
asymmetric_binary,instantaneous,LL,LL,0.012599210498948734,0.0004637673705695612
asymmetric_binary,instantaneous,LL,LL,0.014503523300262798,0.0014294744175645754
asymmetric_binary,instantaneous,LL,LL,0.016695664235375485,0.002154401979858183
asymmetric_binary,instantaneous,LL,LL,0.019219137204774604,0.0026697829509869024
asymmetric_binary,instantaneous,LL,LL,0.022124021523702166,0.0034601887352883015
asymmetric_binary,instantaneous,LL,LL,0.025467965765894884,0.004406576676962169
asymmetric_binary,instantaneous,LL,LL,0.02931733182224172,0.005300875032769443
asymmetric_binary,instantaneous,LL,LL,0.033748511878652805,0.006090658047555907
asymmetric_binary,instantaneous,LL,LL,0.038849444449084954,0.006745476267061312
asymmetric_binary,instantaneous,LL,LL,0.0447213595499958,0.00724653100669783
asymmetric_binary,instantaneous,LL,LL,0.051480787649901855,0.007622803082220996
asymmetric_binary,instantaneous,LL,LL,0.05926187226243524,0.007931105929934748
asymmetric_binary,instantaneous,LL,LL,0.06821903207721966,0.008376680517029183
asymmetric_binary,instantaneous,LL,LL,0.07853002545960214,0.00942953725727714
asymmetric_binary,instantaneous,LL,LL,0.09039947813544373,0.01203885754686806
asymmetric_binary,instantaneous,LL,LL,0.10406294406926557,0.018171871276511705
asymmetric_binary,instantaneous,LL,LL,0.11979158012547445,0.030141347198013754
asymmetric_binary,instantaneous,LL,LL,0.13789752728316457,0.047260301108634155
asymmetric_binary,instantaneous,LL,LL,0.15874010519681997,0.06437217783629152
asymmetric_binary,instantaneous,LL,LL,0.18273294303641843,0.07919504392806685
asymmetric_binary,instantaneous,LL,LL,0.21035218812126566,0.0940406981974458
asymmetric_binary,instantaneous,LL,LL,0.24214595525113236,0.10580935241459591
asymmetric_binary,instantaneous,LL,LL,0.27874520426039606,0.10269621588881066
asymmetric_binary,instantaneous,LL,LL,0.32087626166452965,0.08299608089513294
asymmetric_binary,instantaneous,LL,LL,0.36937523489595164,0.06251292101927669
asymmetric_binary,instantaneous,LL,LL,0.42520460518541836,0.04927983313755644
asymmetric_binary,instantaneous,LL,LL,0.48947232838123617,0.040916973377594944
asymmetric_binary,instantaneous,LL,LL,0.5634538227695682,0.03428647027317011
asymmetric_binary,instantaneous,LL,LL,0.6486172802527936,0.02802730905279776
asymmetric_binary,instantaneous,LL,LL,0.7466528031962326,0.02218273399848013
asymmetric_binary,instantaneous,LL,LL,0.8595059451754261,0.017214000932937564
asymmetric_binary,instantaneous,LL,LL,0.9894163212533295,0.013088094575846932
asymmetric_binary,instantaneous,LL,LL,1.138962054023569,0.009514203657047372
asymmetric_binary,instantaneous,LL,LL,1.3111109374690053,0.006374739017462839
asymmetric_binary,instantaneous,LL,LL,1.5092793340025346,0.003755703799462002
asymmetric_binary,instantaneous,LL,LL,1.7373999735251147,0.001829206172579921
asymmetric_binary,instantaneous,LL,LL,2.0,0.0006866467639290305
asymmetric_binary,instantaneous,LL,LL,2.3022908144082455,0.00018605672051513164
asymmetric_binary,instantaneous,LL,LL,2.6502714970542867,3.451257579522444e-05
asymmetric_binary,instantaneous,LL,LL,3.0508478616780366,4.225172124158184e-06
asymmetric_binary,instantaneous,LL,LL,3.5119695040491905,3.3550271114778437e-07
asymmetric_binary,instantaneous,LL,LL,4.042787564827166,1.7286019051439576e-08
asymmetric_binary,instantaneous,LL,LL,4.653836337552724,5.853403989505671e-10
asymmetric_binary,instantaneous,LL,LL,5.3572423258534725,1.3457392400192093e-11
asymmetric_binary,instantaneous,LL,ML,0.00032430864012639686,3.9106006362018386e-22
asymmetric_binary,instantaneous,LL,ML,0.00037332640159811636,9.267922597302196e-22
asymmetric_binary,instantaneous,LL,ML,0.00042975297258771353,2.46127596454269e-21
asymmetric_binary,instantaneous,LL,ML,0.0004947081606266652,1.0113040448410681e-19
asymmetric_binary,instantaneous,LL,ML,0.0005694810270117846,1.337973166201798e-18
asymmetric_binary,instantaneous,LL,ML,0.0006555554687345028,5.055820694034239e-18
asymmetric_binary,instantaneous,LL,ML,0.000754639667001268,8.901076800948575e-18
asymmetric_binary,instantaneous,LL,ML,0.0008686999867625583,1.2886338229261358e-17
asymmetric_binary,instantaneous,LL,ML,0.0010000000000000002,1.4516203281097462e-16
asymmetric_binary,instantaneous,LL,ML,0.001151145407204123,3.9557907792254516e-15
asymmetric_binary,instantaneous,LL,ML,0.0013251357485271446,2.5182030740547725e-14
asymmetric_binary,instantaneous,LL,ML,0.0015254239308390184,5.903277263859149e-14
asymmetric_binary,instantaneous,LL,ML,0.0017559847520245955,8.561201474456552e-14
asymmetric_binary,instantaneous,LL,ML,0.0020213937824135834,1.887383978068262e-13
asymmetric_binary,instantaneous,LL,ML,0.0023269181687763643,6.122465844882439e-12
asymmetric_binary,instantaneous,LL,ML,0.0026786211629267367,7.340674600897546e-11
asymmetric_binary,instantaneous,LL,ML,0.003083482449342879,2.5612705327521953e-10
asymmetric_binary,instantaneous,LL,ML,0.003549536659755571,4.2789905566056604e-10
asymmetric_binary,instantaneous,LL,ML,0.0040860328235802846,5.974158866209166e-10
asymmetric_binary,instantaneous,LL,ML,0.004703617918549738,4.442160693491645e-09
asymmetric_binary,instantaneous,LL,ML,0.005414548164181547,1.0168391359416092e-07
asymmetric_binary,instantaneous,LL,ML,0.006232932251283096,5.85775696068545e-07
asymmetric_binary,instantaneous,LL,ML,0.007175011334478982,1.2671320592648734e-06
asymmetric_binary,instantaneous,LL,ML,0.008259481344323003,1.741476673356661e-06
asymmetric_binary,instantaneous,LL,ML,0.009507864015405551,2.9034878390939815e-06
asymmetric_binary,instantaneous,LL,ML,0.010944933993655438,4.537435533802279e-05
asymmetric_binary,instantaneous,LL,ML,0.012599210498948734,0.0004613886493614912
asymmetric_binary,instantaneous,LL,ML,0.014503523300262798,0.0014267330906810312
asymmetric_binary,instantaneous,LL,ML,0.016695664235375485,0.0021515002138373066
asymmetric_binary,instantaneous,LL,ML,0.019219137204774604,0.0026661291701221236
asymmetric_binary,instantaneous,LL,ML,0.022124021523702166,0.0034556807324479743
asymmetric_binary,instantaneous,LL,ML,0.025467965765894884,0.0044012636030599335
asymmetric_binary,instantaneous,LL,ML,0.02931733182224172,0.00529447761317992
asymmetric_binary,instantaneous,LL,ML,0.033748511878652805,0.006082321148195308
asymmetric_binary,instantaneous,LL,ML,0.038849444449084954,0.006732955044676836
asymmetric_binary,instantaneous,LL,ML,0.0447213595499958,0.007223216655121485
asymmetric_binary,instantaneous,LL,ML,0.051480787649901855,0.0075688361662575275
asymmetric_binary,instantaneous,LL,ML,0.05926187226243524,0.0077903075638108416
asymmetric_binary,instantaneous,LL,ML,0.06821903207721966,0.00801812788193537
asymmetric_binary,instantaneous,LL,ML,0.07853002545960214,0.0085945185930601
asymmetric_binary,instantaneous,LL,ML,0.09039947813544373,0.010179065936762138
asymmetric_binary,instantaneous,LL,ML,0.10406294406926557,0.014117986668364467
asymmetric_binary,instantaneous,LL,ML,0.11979158012547445,0.022152570594095533
asymmetric_binary,instantaneous,LL,ML,0.13789752728316457,0.03472450771291412
asymmetric_binary,instantaneous,LL,ML,0.15874010519681997,0.049142943582286186
asymmetric_binary,instantaneous,LL,ML,0.18273294303641843,0.06303820981402296
asymmetric_binary,instantaneous,LL,ML,0.21035218812126566,0.07729809163386601
asymmetric_binary,instantaneous,LL,ML,0.24214595525113236,0.09002192260921388
asymmetric_binary,instantaneous,LL,ML,0.27874520426039606,0.09390348583299406
asymmetric_binary,instantaneous,LL,ML,0.32087626166452965,0.08556486198008387
asymmetric_binary,instantaneous,LL,ML,0.36937523489595164,0.0720508173223531
asymmetric_binary,instantaneous,LL,ML,0.42520460518541836,0.06092481741591231
asymmetric_binary,instantaneous,LL,ML,0.48947232838123617,0.052908607281890854
asymmetric_binary,instantaneous,LL,ML,0.5634538227695682,0.04610025951626703
asymmetric_binary,instantaneous,LL,ML,0.6486172802527936,0.039258536932543
asymmetric_binary,instantaneous,LL,ML,0.7466528031962326,0.032174030307127933
asymmetric_binary,instantaneous,LL,ML,0.8595059451754261,0.025620300145703222
asymmetric_binary,instantaneous,LL,ML,0.9894163212533295,0.02004965829627161
asymmetric_binary,instantaneous,LL,ML,1.138962054023569,0.015178789735479047
asymmetric_binary,instantaneous,LL,ML,1.3111109374690053,0.010768116790499545
asymmetric_binary,instantaneous,LL,ML,1.5092793340025346,0.0068830762943799095
asymmetric_binary,instantaneous,LL,ML,1.7373999735251147,0.003752299503460787
asymmetric_binary,instantaneous,LL,ML,2.0,0.0016220907142747642
asymmetric_binary,instantaneous,LL,ML,2.3022908144082455,0.0005151858523584919
asymmetric_binary,instantaneous,LL,ML,2.6502714970542867,0.00011261073379929746
asymmetric_binary,instantaneous,LL,ML,3.0508478616780366,1.6149902724771566e-05
asymmetric_binary,instantaneous,LL,ML,3.5119695040491905,1.4811380703743408e-06
asymmetric_binary,instantaneous,LL,ML,4.042787564827166,8.656434979190497e-08
asymmetric_binary,instantaneous,LL,ML,4.653836337552724,3.2648469425793e-09
asymmetric_binary,instantaneous,LL,ML,5.3572423258534725,8.232293733759001e-11
asymmetric_binary,instantaneous,LL,HL,0.00032430864012639686,6.27394102912321e-23
asymmetric_binary,instantaneous,LL,HL,0.00037332640159811636,1.4934809638642292e-22
asymmetric_binary,instantaneous,LL,HL,0.00042975297258771353,4.707285517439477e-22
asymmetric_binary,instantaneous,LL,HL,0.0004947081606266652,2.3222268815931603e-20
asymmetric_binary,instantaneous,LL,HL,0.0005694810270117846,3.091887585793242e-19
asymmetric_binary,instantaneous,LL,HL,0.0006555554687345028,1.1692264393753261e-18
asymmetric_binary,instantaneous,LL,HL,0.000754639667001268,2.0598806014068106e-18
asymmetric_binary,instantaneous,LL,HL,0.0008686999867625583,3.0508721529511758e-18
asymmetric_binary,instantaneous,LL,HL,0.0010000000000000002,4.6521391255867884e-17
asymmetric_binary,instantaneous,LL,HL,0.001151145407204123,1.3156672730677833e-15
asymmetric_binary,instantaneous,LL,HL,0.0013251357485271446,8.394125571901494e-15
asymmetric_binary,instantaneous,LL,HL,0.0015254239308390184,1.968826703354897e-14
asymmetric_binary,instantaneous,LL,HL,0.0017559847520245955,2.8643287600503444e-14
asymmetric_binary,instantaneous,LL,HL,0.0020213937824135834,7.322485767452866e-14
asymmetric_binary,instantaneous,LL,HL,0.0023269181687763643,2.9147947586204763e-12
asymmetric_binary,instantaneous,LL,HL,0.0026786211629267367,3.525089120892573e-11
asymmetric_binary,instantaneous,LL,HL,0.003083482449342879,1.2313279094060224e-10
asymmetric_binary,instantaneous,LL,HL,0.003549536659755571,2.058221591905966e-10
asymmetric_binary,instantaneous,LL,HL,0.0040860328235802846,2.9160890763908316e-10
asymmetric_binary,instantaneous,LL,HL,0.004703617918549738,2.8994584891303105e-09
asymmetric_binary,instantaneous,LL,HL,0.005414548164181547,7.019922158147193e-08
asymmetric_binary,instantaneous,LL,HL,0.006232932251283096,4.057878843038802e-07
asymmetric_binary,instantaneous,LL,HL,0.007175011334478982,8.783757866798589e-07
asymmetric_binary,instantaneous,LL,HL,0.008259481344323003,1.2088841255872682e-06
asymmetric_binary,instantaneous,LL,HL,0.009507864015405551,2.1844231031553122e-06
asymmetric_binary,instantaneous,LL,HL,0.010944933993655438,4.429824916498204e-05
asymmetric_binary,instantaneous,LL,HL,0.012599210498948734,0.00045974004083240716
asymmetric_binary,instantaneous,LL,HL,0.014503523300262798,0.001424833102515404
asymmetric_binary,instantaneous,LL,HL,0.016695664235375485,0.002149489953847562
asymmetric_binary,instantaneous,LL,HL,0.019219137204774604,0.0026635992837929197
asymmetric_binary,instantaneous,LL,HL,0.022124021523702166,0.0034525638235681534
asymmetric_binary,instantaneous,LL,HL,0.025467965765894884,0.004397606862943089
asymmetric_binary,instantaneous,LL,HL,0.02931733182224172,0.00529013277050632
asymmetric_binary,instantaneous,LL,HL,0.033748511878652805,0.006076832780120723
asymmetric_binary,instantaneous,LL,HL,0.038849444449084954,0.006725165839881146
asymmetric_binary,instantaneous,LL,HL,0.0447213595499958,0.0072098010325390705
asymmetric_binary,instantaneous,LL,HL,0.051480787649901855,0.007540022458351514
asymmetric_binary,instantaneous,LL,HL,0.05926187226243524,0.007718109959948889
asymmetric_binary,instantaneous,LL,HL,0.06821903207721966,0.007832519897796266
asymmetric_binary,instantaneous,LL,HL,0.07853002545960214,0.008146203631350596
asymmetric_binary,instantaneous,LL,HL,0.09039947813544373,0.009143327077397342
asymmetric_binary,instantaneous,LL,HL,0.10406294406926557,0.011793556045082792
asymmetric_binary,instantaneous,LL,HL,0.11979158012547445,0.01740667638208911
asymmetric_binary,instantaneous,LL,HL,0.13789752728316457,0.026718660667670008
asymmetric_binary,instantaneous,LL,HL,0.15874010519681997,0.03845128719831082
asymmetric_binary,instantaneous,LL,HL,0.18273294303641843,0.05083965186573135
asymmetric_binary,instantaneous,LL,HL,0.21035218812126566,0.06415995558423133
asymmetric_binary,instantaneous,LL,HL,0.24214595525113236,0.07695427273955455
asymmetric_binary,instantaneous,LL,HL,0.27874520426039606,0.0842302528448953
asymmetric_binary,instantaneous,LL,HL,0.32087626166452965,0.08311620149997825
asymmetric_binary,instantaneous,LL,HL,0.36937523489595164,0.07599473797305908
asymmetric_binary,instantaneous,LL,HL,0.42520460518541836,0.06811490236975597
asymmetric_binary,instantaneous,LL,HL,0.48947232838123617,0.0614897086801293
asymmetric_binary,instantaneous,LL,HL,0.5634538227695682,0.0552350525323805
asymmetric_binary,instantaneous,LL,HL,0.6486172802527936,0.04848552963254317
asymmetric_binary,instantaneous,LL,HL,0.7466528031962326,0.04091525387804335
asymmetric_binary,instantaneous,LL,HL,0.8595059451754261,0.03326923504465149
asymmetric_binary,instantaneous,LL,HL,0.9894163212533295,0.026542410729433308
asymmetric_binary,instantaneous,LL,HL,1.138962054023569,0.02062321711386917
asymmetric_binary,instantaneous,LL,HL,1.3111109374690053,0.015152867838243591
asymmetric_binary,instantaneous,LL,HL,1.5092793340025346,0.010169596337122931
asymmetric_binary,instantaneous,LL,HL,1.7373999735251147,0.005945272267161573
asymmetric_binary,instantaneous,LL,HL,2.0,0.002821659955846064
asymmetric_binary,instantaneous,LL,HL,2.3022908144082455,0.0010009105805026137
asymmetric_binary,instantaneous,LL,HL,2.6502714970542867,0.00024617137588292195
asymmetric_binary,instantaneous,LL,HL,3.0508478616780366,3.9645851112204e-05
asymmetric_binary,instantaneous,LL,HL,3.5119695040491905,4.044666513523448e-06
asymmetric_binary,instantaneous,LL,HL,4.042787564827166,2.5947366402511785e-07
asymmetric_binary,instantaneous,LL,HL,4.653836337552724,1.0593765477690466e-08
asymmetric_binary,instantaneous,LL,HL,5.3572423258534725,2.8577923722053314e-10
asymmetric_binary,instantaneous,ML,LL,0.00032430864012639686,5.0575387547546717e-23
asymmetric_binary,instantaneous,ML,LL,0.00037332640159811636,1.2046814687862325e-22
asymmetric_binary,instantaneous,ML,LL,0.00042975297258771353,3.882502994578742e-22
asymmetric_binary,instantaneous,ML,LL,0.0004947081606266652,1.9530560832663875e-20
asymmetric_binary,instantaneous,ML,LL,0.0005694810270117846,2.6019433730838414e-19
asymmetric_binary,instantaneous,ML,LL,0.0006555554687345028,9.840211190856962e-19
asymmetric_binary,instantaneous,ML,LL,0.000754639667001268,1.7337417924549513e-18
asymmetric_binary,instantaneous,ML,LL,0.0008686999867625583,2.5761382695589267e-18
asymmetric_binary,instantaneous,ML,LL,0.0010000000000000002,4.0718841327863386e-17
asymmetric_binary,instantaneous,ML,LL,0.001151145407204123,1.155749551075437e-15
asymmetric_binary,instantaneous,ML,LL,0.0013251357485271446,7.37540880309876e-15
asymmetric_binary,instantaneous,ML,LL,0.0015254239308390184,1.7299778401192232e-14
asymmetric_binary,instantaneous,ML,LL,0.0017559847520245955,2.5179739559797262e-14
asymmetric_binary,instantaneous,ML,LL,0.0020213937824135834,6.563939643155712e-14
asymmetric_binary,instantaneous,ML,LL,0.0023269181687763643,2.6714137203682154e-12
asymmetric_binary,instantaneous,ML,LL,0.0026786211629267367,3.2334324146742146e-11
asymmetric_binary,instantaneous,ML,LL,0.003083482449342879,1.129571466658431e-10
asymmetric_binary,instantaneous,ML,LL,0.003549536659755571,1.8882525270355039e-10
asymmetric_binary,instantaneous,ML,LL,0.0040860328235802846,2.6808771897491537e-10
asymmetric_binary,instantaneous,ML,LL,0.004703617918549738,2.7605598488762352e-09
asymmetric_binary,instantaneous,ML,LL,0.005414548164181547,6.720822763238881e-08
asymmetric_binary,instantaneous,ML,LL,0.006232932251283096,3.8862583288823155e-07
asymmetric_binary,instantaneous,ML,LL,0.007175011334478982,8.412807346180701e-07
asymmetric_binary,instantaneous,ML,LL,0.008259481344323003,1.158059606366577e-06
asymmetric_binary,instantaneous,ML,LL,0.009507864015405551,2.115805173249562e-06
asymmetric_binary,instantaneous,ML,LL,0.010944933993655438,4.419555542199768e-05
asymmetric_binary,instantaneous,ML,LL,0.012599210498948734,0.00045958269247429513
asymmetric_binary,instantaneous,ML,LL,0.014503523300262798,0.0014246517577482562
asymmetric_binary,instantaneous,ML,LL,0.016695664235375485,0.0021492981205747156
asymmetric_binary,instantaneous,ML,LL,0.019219137204774604,0.0026633579113407757
asymmetric_binary,instantaneous,ML,LL,0.022124021523702166,0.003452266595438278
asymmetric_binary,instantaneous,ML,LL,0.025467965765894884,0.004397258725001542
asymmetric_binary,instantaneous,ML,LL,0.02931733182224172,0.005289721107502013
asymmetric_binary,instantaneous,ML,LL,0.033748511878652805,0.0060763189837377786
asymmetric_binary,instantaneous,ML,LL,0.038849444449084954,0.006724454117688918
asymmetric_binary,instantaneous,ML,LL,0.0447213595499958,0.007208621046866703
asymmetric_binary,instantaneous,ML,LL,0.051480787649901855,0.007537593456889486
asymmetric_binary,instantaneous,ML,LL,0.05926187226243524,0.007712201287057506
asymmetric_binary,instantaneous,ML,LL,0.06821903207721966,0.007817402197563245
asymmetric_binary,instantaneous,ML,LL,0.07853002545960214,0.008109197098928338
asymmetric_binary,instantaneous,ML,LL,0.09039947813544373,0.009056278958672575
asymmetric_binary,instantaneous,ML,LL,0.10406294406926557,0.011594975689798226
asymmetric_binary,instantaneous,ML,LL,0.11979158012547445,0.016993900240901277
asymmetric_binary,instantaneous,ML,LL,0.13789752728316457,0.02599937890145809
asymmetric_binary,instantaneous,ML,LL,0.15874010519681997,0.037446887537540274
asymmetric_binary,instantaneous,ML,LL,0.18273294303641843,0.049649823117162914
asymmetric_binary,instantaneous,ML,LL,0.21035218812126566,0.062849182686906
asymmetric_binary,instantaneous,ML,LL,0.24214595525113236,0.07562006599770153
asymmetric_binary,instantaneous,ML,LL,0.27874520426039606,0.08315629550173256
asymmetric_binary,instantaneous,ML,LL,0.32087626166452965,0.08267656462266279
asymmetric_binary,instantaneous,ML,LL,0.36937523489595164,0.07620839181968067
asymmetric_binary,instantaneous,ML,LL,0.42520460518541836,0.06872039792323911
asymmetric_binary,instantaneous,ML,LL,0.48947232838123617,0.06229176743374892
asymmetric_binary,instantaneous,ML,LL,0.5634538227695682,0.05613207045900338
asymmetric_binary,instantaneous,ML,LL,0.6486172802527936,0.049419266502892224
asymmetric_binary,instantaneous,ML,LL,0.7466528031962326,0.04182882342727483
asymmetric_binary,instantaneous,ML,LL,0.8595059451754261,0.03408670620424248
asymmetric_binary,instantaneous,ML,LL,0.9894163212533295,0.027244576540172198
asymmetric_binary,instantaneous,ML,LL,1.138962054023569,0.02122003760713486
asymmetric_binary,instantaneous,ML,LL,1.3111109374690053,0.015641557814437122
asymmetric_binary,instantaneous,ML,LL,1.5092793340025346,0.010543344031205515
asymmetric_binary,instantaneous,ML,LL,1.7373999735251147,0.006202578016559073
asymmetric_binary,instantaneous,ML,LL,2.0,0.0029693322169606876
asymmetric_binary,instantaneous,ML,LL,2.3022908144082455,0.0010644249097708242
asymmetric_binary,instantaneous,ML,LL,2.6502714970542867,0.0002647979041168631
asymmetric_binary,instantaneous,ML,LL,3.0508478616780366,4.3132213212666096e-05
asymmetric_binary,instantaneous,ML,LL,3.5119695040491905,4.446666086875996e-06
asymmetric_binary,instantaneous,ML,LL,4.042787564827166,2.878889800807318e-07
asymmetric_binary,instantaneous,ML,LL,4.653836337552724,1.1845714102481445e-08
asymmetric_binary,instantaneous,ML,LL,5.3572423258534725,3.21670263284854e-10
asymmetric_binary,instantaneous,ML,ML,0.00032430864012639686,5.726434721554573e-23
asymmetric_binary,instantaneous,ML,ML,0.00037332640159811636,1.3635095001903255e-22
asymmetric_binary,instantaneous,ML,ML,0.00042975297258771353,4.338126893638587e-22
asymmetric_binary,instantaneous,ML,ML,0.0004947081606266652,2.1579793258859233e-20
asymmetric_binary,instantaneous,ML,ML,0.0005694810270117846,2.87395242557488e-19
asymmetric_binary,instantaneous,ML,ML,0.0006555554687345028,1.0868461691021842e-18
asymmetric_binary,instantaneous,ML,ML,0.000754639667001268,1.91481542842785e-18
asymmetric_binary,instantaneous,ML,ML,0.0008686999867625583,2.8398565622159453e-18
asymmetric_binary,instantaneous,ML,ML,0.0010000000000000002,4.3967536479514e-17
asymmetric_binary,instantaneous,ML,ML,0.001151145407204123,1.245375336856076e-15
asymmetric_binary,instantaneous,ML,ML,0.0013251357485271446,7.946383613316952e-15
asymmetric_binary,instantaneous,ML,ML,0.0015254239308390184,1.863850844856659e-14
asymmetric_binary,instantaneous,ML,ML,0.0017559847520245955,2.7121162461550264e-14
asymmetric_binary,instantaneous,ML,ML,0.0020213937824135834,6.990564048449267e-14
asymmetric_binary,instantaneous,ML,ML,0.0023269181687763643,2.8090710276263615e-12
asymmetric_binary,instantaneous,ML,ML,0.0026786211629267367,3.398438630204701e-11
asymmetric_binary,instantaneous,ML,ML,0.003083482449342879,1.187142664073083e-10
asymmetric_binary,instantaneous,ML,ML,0.003549536659755571,1.984417874179001e-10
asymmetric_binary,instantaneous,ML,ML,0.0040860328235802846,2.8139865821554194e-10
asymmetric_binary,instantaneous,ML,ML,0.004703617918549738,2.8397005720412244e-09
asymmetric_binary,instantaneous,ML,ML,0.005414548164181547,6.891595155378247e-08
asymmetric_binary,instantaneous,ML,ML,0.006232932251283096,3.9842595962005e-07
asymmetric_binary,instantaneous,ML,ML,0.007175011334478982,8.624638664901558e-07
asymmetric_binary,instantaneous,ML,ML,0.008259481344323003,1.187083050452462e-06
asymmetric_binary,instantaneous,ML,ML,0.009507864015405551,2.154989551524234e-06
asymmetric_binary,instantaneous,ML,ML,0.010944933993655438,4.4254198945172104e-05
asymmetric_binary,instantaneous,ML,ML,0.012599210498948734,0.00045967254708776046
asymmetric_binary,instantaneous,ML,ML,0.014503523300262798,0.0014247553157295076
asymmetric_binary,instantaneous,ML,ML,0.016695664235375485,0.0021494076673256187
asymmetric_binary,instantaneous,ML,ML,0.019219137204774604,0.002663495746605882
asymmetric_binary,instantaneous,ML,ML,0.022124021523702166,0.0034524363240592388
asymmetric_binary,instantaneous,ML,ML,0.025467965765894884,0.004397457514152706
asymmetric_binary,instantaneous,ML,ML,0.02931733182224172,0.005289956131826239
asymmetric_binary,instantaneous,ML,ML,0.033748511878652805,0.006076612196459193
asymmetric_binary,instantaneous,ML,ML,0.038849444449084954,0.00672485993207015
asymmetric_binary,instantaneous,ML,ML,0.0447213595499958,0.007209292901554535
asymmetric_binary,instantaneous,ML,ML,0.051480787649901855,0.007538974151598437
asymmetric_binary,instantaneous,ML,ML,0.05926187226243524,0.007715555611179899
asymmetric_binary,instantaneous,ML,ML,0.06821903207721966,0.007825981302027246
asymmetric_binary,instantaneous,ML,ML,0.07853002545960214,0.008130206045484596
asymmetric_binary,instantaneous,ML,ML,0.09039947813544373,0.009105729441467909
asymmetric_binary,instantaneous,ML,ML,0.10406294406926557,0.01170785865737935
asymmetric_binary,instantaneous,ML,ML,0.11979158012547445,0.01722870668537144
asymmetric_binary,instantaneous,ML,ML,0.13789752728316457,0.02640903336934057
asymmetric_binary,instantaneous,ML,ML,0.15874010519681997,0.03801989476065867
asymmetric_binary,instantaneous,ML,ML,0.18273294303641843,0.050329629647444335
asymmetric_binary,instantaneous,ML,ML,0.21035218812126566,0.06359879744273295
asymmetric_binary,instantaneous,ML,ML,0.24214595525113236,0.07638376490403545
asymmetric_binary,instantaneous,ML,ML,0.27874520426039606,0.08377274848270047
asymmetric_binary,instantaneous,ML,ML,0.32087626166452965,0.08293218438026188
asymmetric_binary,instantaneous,ML,ML,0.36937523489595164,0.07609030201122437
asymmetric_binary,instantaneous,ML,ML,0.42520460518541836,0.06837679738987852
asymmetric_binary,instantaneous,ML,ML,0.48947232838123617,0.06183443709955325
asymmetric_binary,instantaneous,ML,ML,0.5634538227695682,0.05561947491884042
asymmetric_binary,instantaneous,ML,ML,0.6486172802527936,0.048885037582440026
asymmetric_binary,instantaneous,ML,ML,0.7466528031962326,0.041305459017269966
asymmetric_binary,instantaneous,ML,ML,0.8595059451754261,0.03361794652926198
asymmetric_binary,instantaneous,ML,ML,0.9894163212533295,0.026841743655896082
asymmetric_binary,instantaneous,ML,ML,1.138962054023569,0.02087746112880606
asymmetric_binary,instantaneous,ML,ML,1.3111109374690053,0.015360865824283669
asymmetric_binary,instantaneous,ML,ML,1.5092793340025346,0.01032850957058421
asymmetric_binary,instantaneous,ML,ML,1.7373999735251147,0.006054505412858295
asymmetric_binary,instantaneous,ML,ML,2.0,0.0028841943109568333
asymmetric_binary,instantaneous,ML,ML,2.3022908144082455,0.0010277183616282627
asymmetric_binary,instantaneous,ML,ML,2.6502714970542867,0.0002540045143082222
asymmetric_binary,instantaneous,ML,ML,3.0508478616780366,4.110668772561585e-05
asymmetric_binary,instantaneous,ML,ML,3.5119695040491905,4.212552257654437e-06
asymmetric_binary,instantaneous,ML,ML,4.042787564827166,2.713066547216326e-07
asymmetric_binary,instantaneous,ML,ML,4.653836337552724,1.1113860163230235e-08
asymmetric_binary,instantaneous,ML,ML,5.3572423258534725,3.00659186097796e-10
asymmetric_binary,instantaneous,ML,HL,0.00032430864012639686,6.483799397994822e-23
asymmetric_binary,instantaneous,ML,HL,0.00037332640159811636,1.543291728420111e-22
asymmetric_binary,instantaneous,ML,HL,0.00042975297258771353,4.84796564771117e-22
asymmetric_binary,instantaneous,ML,HL,0.0004947081606266652,2.384428305994935e-20
asymmetric_binary,instantaneous,ML,HL,0.0005694810270117846,3.1744026313469877e-19
asymmetric_binary,instantaneous,ML,HL,0.0006555554687345028,1.2004165974713e-18
asymmetric_binary,instantaneous,ML,HL,0.000754639667001268,2.1148028313425563e-18
asymmetric_binary,instantaneous,ML,HL,0.0008686999867625583,3.130707964010892e-18
asymmetric_binary,instantaneous,ML,HL,0.0010000000000000002,4.747785135881818e-17
asymmetric_binary,instantaneous,ML,HL,0.001151145407204123,1.341956901108744e-15
asymmetric_binary,instantaneous,ML,HL,0.0013251357485271446,8.56156999534266e-15
asymmetric_binary,instantaneous,ML,HL,0.0015254239308390184,2.0080843182168646e-14
asymmetric_binary,instantaneous,ML,HL,0.0017559847520245955,2.9212464604115336e-14
asymmetric_binary,instantaneous,ML,HL,0.0020213937824135834,7.446061184825615e-14
asymmetric_binary,instantaneous,ML,HL,0.0023269181687763643,2.9538627096162626e-12
asymmetric_binary,instantaneous,ML,HL,0.0026786211629267367,3.571873317022598e-11
asymmetric_binary,instantaneous,ML,HL,0.003083482449342879,1.2476490065971937e-10
asymmetric_binary,instantaneous,ML,HL,0.003549536659755571,2.0854826785955344e-10
asymmetric_binary,instantaneous,ML,HL,0.0040860328235802846,2.953791558299808e-10
asymmetric_binary,instantaneous,ML,HL,0.004703617918549738,2.9213265914054806e-09
asymmetric_binary,instantaneous,ML,HL,0.005414548164181547,7.066750920202259e-08
asymmetric_binary,instantaneous,ML,HL,0.006232932251283096,4.084738697420187e-07
asymmetric_binary,instantaneous,ML,HL,0.007175011334478982,8.84181009863939e-07
asymmetric_binary,instantaneous,ML,HL,0.008259481344323003,1.2168378807325974e-06
asymmetric_binary,instantaneous,ML,HL,0.009507864015405551,2.1951614496087147e-06
asymmetric_binary,instantaneous,ML,HL,0.010944933993655438,4.431432012558408e-05
asymmetric_binary,instantaneous,ML,HL,0.012599210498948734,0.0004597646645954651
asymmetric_binary,instantaneous,ML,HL,0.014503523300262798,0.001424861481457897
asymmetric_binary,instantaneous,ML,HL,0.016695664235375485,0.002149519974710459
asymmetric_binary,instantaneous,ML,HL,0.019219137204774604,0.002663637057955825
asymmetric_binary,instantaneous,ML,HL,0.022124021523702166,0.0034526103411684048
asymmetric_binary,instantaneous,ML,HL,0.025467965765894884,0.0043976613562814815
asymmetric_binary,instantaneous,ML,HL,0.02931733182224172,0.005290197235597076
asymmetric_binary,instantaneous,ML,HL,0.033748511878652805,0.0060769133288804495
asymmetric_binary,instantaneous,ML,HL,0.038849444449084954,0.0067252776779350475
asymmetric_binary,instantaneous,ML,HL,0.0447213595499958,0.007209987162148501
asymmetric_binary,instantaneous,ML,HL,0.051480787649901855,0.007540407324588841
asymmetric_binary,instantaneous,ML,HL,0.05926187226243524,0.007719049336634912
asymmetric_binary,instantaneous,ML,HL,0.06821903207721966,0.007834925619845239
asymmetric_binary,instantaneous,ML,HL,0.07853002545960214,0.008152086357325752
asymmetric_binary,instantaneous,ML,HL,0.09039947813544373,0.009157140395325777
asymmetric_binary,instantaneous,ML,HL,0.10406294406926557,0.011825013772854453
asymmetric_binary,instantaneous,ML,HL,0.11979158012547445,0.017471943959681793
asymmetric_binary,instantaneous,ML,HL,0.13789752728316457,0.02683202622444377
asymmetric_binary,instantaneous,ML,HL,0.15874010519681997,0.03860887285451752
asymmetric_binary,instantaneous,ML,HL,0.18273294303641843,0.05102558449612756
asymmetric_binary,instantaneous,ML,HL,0.21035218812126566,0.06436426940567787
asymmetric_binary,instantaneous,ML,HL,0.24214595525113236,0.07716173754933797
asymmetric_binary,instantaneous,ML,HL,0.27874520426039606,0.0843959783320843
asymmetric_binary,instantaneous,ML,HL,0.32087626166452965,0.08318163564797101
asymmetric_binary,instantaneous,ML,HL,0.36937523489595164,0.0759584254828842
asymmetric_binary,instantaneous,ML,HL,0.42520460518541836,0.06801856202392793
asymmetric_binary,instantaneous,ML,HL,0.48947232838123617,0.06136369775597052
asymmetric_binary,instantaneous,ML,HL,0.5634538227695682,0.05509494252884366
asymmetric_binary,instantaneous,ML,HL,0.6486172802527936,0.0483401615813994
asymmetric_binary,instantaneous,ML,HL,0.7466528031962326,0.040773520063037756
asymmetric_binary,instantaneous,ML,HL,0.8595059451754261,0.03314273692663578
asymmetric_binary,instantaneous,ML,HL,0.9894163212533295,0.02643389588475768
asymmetric_binary,instantaneous,ML,HL,1.138962054023569,0.02053111461671637
asymmetric_binary,instantaneous,ML,HL,1.3111109374690053,0.015077585761396948
asymmetric_binary,instantaneous,ML,HL,1.5092793340025346,0.010112139950508161
asymmetric_binary,instantaneous,ML,HL,1.7373999735251147,0.0059058411860722256
asymmetric_binary,instantaneous,ML,HL,2.0,0.002799143789376524
asymmetric_binary,instantaneous,ML,HL,2.3022908144082455,0.000991290406032521
asymmetric_binary,instantaneous,ML,HL,2.6502714970542867,0.00024337076050075752
asymmetric_binary,instantaneous,ML,HL,3.0508478616780366,3.912545889446237e-05
asymmetric_binary,instantaneous,ML,HL,3.5119695040491905,3.9850600619403786e-06
asymmetric_binary,instantaneous,ML,HL,4.042787564827166,2.552845451221185e-07
asymmetric_binary,instantaneous,ML,HL,4.653836337552724,1.0410085528599144e-08
asymmetric_binary,instantaneous,ML,HL,5.3572423258534725,2.805347963987745e-10
asymmetric_binary,instantaneous,HL,LL,0.00032430864012639686,5.053950271133141e-23
asymmetric_binary,instantaneous,HL,LL,0.00037332640159811636,1.2038292606055407e-22
asymmetric_binary,instantaneous,HL,LL,0.00042975297258771353,3.8800437194034964e-22
asymmetric_binary,instantaneous,HL,LL,0.0004947081606266652,1.951942922402899e-20
asymmetric_binary,instantaneous,HL,LL,0.0005694810270117846,2.6004654711767723e-19
asymmetric_binary,instantaneous,HL,LL,0.0006555554687345028,9.834624268315758e-19
asymmetric_binary,instantaneous,HL,LL,0.000754639667001268,1.732757920364555e-18
asymmetric_binary,instantaneous,HL,LL,0.0008686999867625583,2.5747042874242147e-18
asymmetric_binary,instantaneous,HL,LL,0.0010000000000000002,4.0700990673952635e-17
asymmetric_binary,instantaneous,HL,LL,0.001151145407204123,1.1552564134058305e-15
asymmetric_binary,instantaneous,HL,LL,0.0013251357485271446,7.372266934997355e-15
asymmetric_binary,instantaneous,HL,LL,0.0015254239308390184,1.7292411711303426e-14
asymmetric_binary,instantaneous,HL,LL,0.0017559847520245955,2.5169055433096023e-14
asymmetric_binary,instantaneous,HL,LL,0.0020213937824135834,6.561581082609943e-14
asymmetric_binary,instantaneous,HL,LL,0.0023269181687763643,2.670646923992485e-12
asymmetric_binary,instantaneous,HL,LL,0.0026786211629267367,3.2325129498812294e-11
asymmetric_binary,instantaneous,HL,LL,0.003083482449342879,1.1292506477044485e-10
asymmetric_binary,instantaneous,HL,LL,0.003549536659755571,1.887716630962344e-10
asymmetric_binary,instantaneous,HL,LL,0.0040860328235802846,2.6801351819671664e-10
asymmetric_binary,instantaneous,HL,LL,0.004703617918549738,2.760114597084911e-09
asymmetric_binary,instantaneous,HL,LL,0.005414548164181547,6.719859307306094e-08
asymmetric_binary,instantaneous,HL,LL,0.006232932251283096,3.8857053268517984e-07
asymmetric_binary,instantaneous,HL,LL,0.007175011334478982,8.411611980291572e-07
asymmetric_binary,instantaneous,HL,LL,0.008259481344323003,1.1578958260819287e-06
asymmetric_binary,instantaneous,HL,LL,0.009507864015405551,2.115584054684547e-06
asymmetric_binary,instantaneous,HL,LL,0.010944933993655438,4.4195224494185665e-05
asymmetric_binary,instantaneous,HL,LL,0.012599210498948734,0.00045958218541774316
asymmetric_binary,instantaneous,HL,LL,0.014503523300262798,0.001424651173361843
asymmetric_binary,instantaneous,HL,LL,0.016695664235375485,0.0021492975023988396
asymmetric_binary,instantaneous,HL,LL,0.019219137204774604,0.0026633571335388457
asymmetric_binary,instantaneous,HL,LL,0.022124021523702166,0.0034522656376845635
asymmetric_binary,instantaneous,HL,LL,0.025467965765894884,0.004397257603345192
asymmetric_binary,instantaneous,HL,LL,0.02931733182224172,0.005289719781675476
asymmetric_binary,instantaneous,HL,LL,0.033748511878652805,0.0060763173305627746
asymmetric_binary,instantaneous,HL,LL,0.038849444449084954,0.006724451832277429
asymmetric_binary,instantaneous,HL,LL,0.0447213595499958,0.007208617270399854
asymmetric_binary,instantaneous,HL,LL,0.051480787649901855,0.007537585713541831
asymmetric_binary,instantaneous,HL,LL,0.05926187226243524,0.007712182507524716
asymmetric_binary,instantaneous,HL,LL,0.06821903207721966,0.007817354191264132
asymmetric_binary,instantaneous,HL,LL,0.07853002545960214,0.008109079479173387
asymmetric_binary,instantaneous,HL,LL,0.09039947813544373,0.009056001865137539
asymmetric_binary,instantaneous,HL,LL,0.10406294406926557,0.011594342605198872
asymmetric_binary,instantaneous,HL,LL,0.11979158012547445,0.01699258213347491
asymmetric_binary,instantaneous,HL,LL,0.13789752728316457,0.025997075559836245
asymmetric_binary,instantaneous,HL,LL,0.15874010519681997,0.03744365840689666
asymmetric_binary,instantaneous,HL,LL,0.18273294303641843,0.04964598443489746
asymmetric_binary,instantaneous,HL,LL,0.21035218812126566,0.06284494441098022
asymmetric_binary,instantaneous,HL,LL,0.24214595525113236,0.0756157428941871
asymmetric_binary,instantaneous,HL,LL,0.27874520426039606,0.08315279295240513
asymmetric_binary,instantaneous,HL,LL,0.32087626166452965,0.08267508757076598
asymmetric_binary,instantaneous,HL,LL,0.36937523489595164,0.07620902829625802
asymmetric_binary,instantaneous,HL,LL,0.42520460518541836,0.06872232015390294
asymmetric_binary,instantaneous,HL,LL,0.48947232838123617,0.062294342720245116
asymmetric_binary,instantaneous,HL,LL,0.5634538227695682,0.056134965558463215
asymmetric_binary,instantaneous,HL,LL,0.6486172802527936,0.04942228875800215
asymmetric_binary,instantaneous,HL,LL,0.7466528031962326,0.04183178936335508
asymmetric_binary,instantaneous,HL,LL,0.8595059451754261,0.03408936614159631
asymmetric_binary,instantaneous,HL,LL,0.9894163212533295,0.027246863856715303
asymmetric_binary,instantaneous,HL,LL,1.138962054023569,0.021221984160161172
asymmetric_binary,instantaneous,HL,LL,1.3111109374690053,0.015643154133224015
asymmetric_binary,instantaneous,HL,LL,1.5092793340025346,0.01054456705472768
asymmetric_binary,instantaneous,HL,LL,1.7373999735251147,0.006203422273131387
asymmetric_binary,instantaneous,HL,LL,2.0,0.002969818843341236
asymmetric_binary,instantaneous,HL,LL,2.3022908144082455,0.0010646353990826918
asymmetric_binary,instantaneous,HL,LL,2.6502714970542867,0.00026486002064992216
asymmetric_binary,instantaneous,HL,LL,3.0508478616780366,4.314391182486829e-05
asymmetric_binary,instantaneous,HL,LL,3.5119695040491905,4.448022632642208e-06
asymmetric_binary,instantaneous,HL,LL,4.042787564827166,2.879853338415779e-07
asymmetric_binary,instantaneous,HL,LL,4.653836337552724,1.1849976609569991e-08
asymmetric_binary,instantaneous,HL,LL,5.3572423258534725,3.217928780987091e-10
asymmetric_binary,instantaneous,HL,ML,0.00032430864012639686,3.717137206866111e-22
asymmetric_binary,instantaneous,HL,ML,0.00037332640159811636,8.810331607961942e-22
asymmetric_binary,instantaneous,HL,ML,0.00042975297258771353,2.3498864044655427e-21
asymmetric_binary,instantaneous,HL,ML,0.0004947081606266652,9.708418541717443e-20
asymmetric_binary,instantaneous,HL,ML,0.0005694810270117846,1.2847081651114553e-18
asymmetric_binary,instantaneous,HL,ML,0.0006555554687345028,4.854668936236123e-18
asymmetric_binary,instantaneous,HL,ML,0.000754639667001268,8.547091855346344e-18
asymmetric_binary,instantaneous,HL,ML,0.0008686999867625583,1.2380450176069105e-17
asymmetric_binary,instantaneous,HL,ML,0.0010000000000000002,1.4062763183834386e-16
asymmetric_binary,instantaneous,HL,ML,0.001151145407204123,3.836815238248228e-15
asymmetric_binary,instantaneous,HL,ML,0.0013251357485271446,2.4426446177071454e-14
asymmetric_binary,instantaneous,HL,ML,0.0015254239308390184,5.726248337134417e-14
asymmetric_binary,instantaneous,HL,ML,0.0017559847520245955,8.305080254991632e-14
asymmetric_binary,instantaneous,HL,ML,0.0020213937824135834,1.8376843977547038e-13
asymmetric_binary,instantaneous,HL,ML,0.0023269181687763643,5.997455538126256e-12
asymmetric_binary,instantaneous,HL,ML,0.0026786211629267367,7.192826252781379e-11
asymmetric_binary,instantaneous,HL,ML,0.003083482449342879,2.5097760838160417e-10
asymmetric_binary,instantaneous,HL,ML,0.003549536659755571,4.193023865870697e-10
asymmetric_binary,instantaneous,HL,ML,0.0040860328235802846,5.856132988099104e-10
asymmetric_binary,instantaneous,HL,ML,0.004703617918549738,4.3887872687647325e-09
asymmetric_binary,instantaneous,HL,ML,0.005414548164181547,1.006422296499702e-07
asymmetric_binary,instantaneous,HL,ML,0.006232932251283096,5.798400738319535e-07
asymmetric_binary,instantaneous,HL,ML,0.007175011334478982,1.2543198157658184e-06
asymmetric_binary,instantaneous,HL,ML,0.008259481344323003,1.7239254275638613e-06
asymmetric_binary,instantaneous,HL,ML,0.009507864015405551,2.8797911078155237e-06
asymmetric_binary,instantaneous,HL,ML,0.010944933993655438,4.533889370973377e-05
asymmetric_binary,instantaneous,HL,ML,0.012599210498948734,0.0004613343278257965
asymmetric_binary,instantaneous,HL,ML,0.014503523300262798,0.0014266704872984708
asymmetric_binary,instantaneous,HL,ML,0.016695664235375485,0.0021514339655887395
asymmetric_binary,instantaneous,HL,ML,0.019219137204774604,0.0026660457819025797
asymmetric_binary,instantaneous,HL,ML,0.022124021523702166,0.0034555779444321562
asymmetric_binary,instantaneous,HL,ML,0.025467965765894884,0.004401142820937045
asymmetric_binary,instantaneous,HL,ML,0.02931733182224172,0.005294333432525593
asymmetric_binary,instantaneous,HL,ML,0.033748511878652805,0.006082136947200085
asymmetric_binary,instantaneous,HL,ML,0.038849444449084954,0.006732687893111773
asymmetric_binary,instantaneous,HL,ML,0.0447213595499958,0.007222741722241399
asymmetric_binary,instantaneous,HL,ML,0.051480787649901855,0.007567782573015553
asymmetric_binary,instantaneous,HL,ML,0.05926187226243524,0.007787614368462734
asymmetric_binary,instantaneous,HL,ML,0.06821903207721966,0.00801120285695137
asymmetric_binary,instantaneous,HL,ML,0.07853002545960214,0.008577999373866368
asymmetric_binary,instantaneous,HL,ML,0.09039947813544373,0.010141451588979078
asymmetric_binary,instantaneous,HL,ML,0.10406294406926557,0.014034617028882063
asymmetric_binary,instantaneous,HL,ML,0.11979158012547445,0.02198474376081468
asymmetric_binary,instantaneous,HL,ML,0.13789752728316457,0.034449074041440673
asymmetric_binary,instantaneous,HL,ML,0.15874010519681997,0.0487887950143027
asymmetric_binary,instantaneous,HL,ML,0.18273294303641843,0.06264664776963752
asymmetric_binary,instantaneous,HL,ML,0.21035218812126566,0.07688399989021673
asymmetric_binary,instantaneous,HL,ML,0.24214595525113236,0.08961858515677315
asymmetric_binary,instantaneous,HL,ML,0.27874520426039606,0.09363126570178752
asymmetric_binary,instantaneous,HL,ML,0.32087626166452965,0.08554415472311032
asymmetric_binary,instantaneous,HL,ML,0.36937523489595164,0.07222395846673803
asymmetric_binary,instantaneous,HL,ML,0.42520460518541836,0.06118023413727406
asymmetric_binary,instantaneous,HL,ML,0.48947232838123617,0.05319223464832145
asymmetric_binary,instantaneous,HL,ML,0.5634538227695682,0.04639119428541092
asymmetric_binary,instantaneous,HL,ML,0.6486172802527936,0.03954491805030976
asymmetric_binary,instantaneous,HL,ML,0.7466528031962326,0.032437782406628
asymmetric_binary,instantaneous,HL,ML,0.8595059451754261,0.025846821230667852
asymmetric_binary,instantaneous,HL,ML,0.9894163212533295,0.0202398814549721
asymmetric_binary,instantaneous,HL,ML,1.138962054023569,0.015336265622782435
asymmetric_binary,instantaneous,HL,ML,1.3111109374690053,0.010892949034618727
asymmetric_binary,instantaneous,HL,ML,1.5092793340025346,0.006974739047088095
asymmetric_binary,instantaneous,HL,ML,1.7373999735251147,0.00381147681683458
asymmetric_binary,instantaneous,HL,ML,2.0,0.0016528686123316852
asymmetric_binary,instantaneous,HL,ML,2.3022908144082455,0.0005268781241275653
asymmetric_binary,instantaneous,HL,ML,2.6502714970542867,0.00011560901307066527
asymmetric_binary,instantaneous,HL,ML,3.0508478616780366,1.6641990243198562e-05
asymmetric_binary,instantaneous,HL,ML,3.5119695040491905,1.5314959913831778e-06
asymmetric_binary,instantaneous,HL,ML,4.042787564827166,8.977557581413222e-08
asymmetric_binary,instantaneous,HL,ML,4.653836337552724,3.3946052868351566e-09
asymmetric_binary,instantaneous,HL,ML,5.3572423258534725,8.578130487645641e-11
asymmetric_binary,instantaneous,HL,HL,0.00032430864012639686,2.734251553312789e-21
asymmetric_binary,instantaneous,HL,HL,0.00037332640159811636,6.458704592118337e-21
asymmetric_binary,instantaneous,HL,HL,0.00042975297258771353,1.4797784505117228e-20
asymmetric_binary,instantaneous,HL,HL,0.0004947081606266652,4.8471233194497495e-19
asymmetric_binary,instantaneous,HL,HL,0.0005694810270117846,6.350734069808586e-18
asymmetric_binary,instantaneous,HL,HL,0.0006555554687345028,2.3969395798335796e-17
asymmetric_binary,instantaneous,HL,HL,0.000754639667001268,4.2169816213666976e-17
asymmetric_binary,instantaneous,HL,HL,0.0008686999867625583,6.002301049712037e-17
asymmetric_binary,instantaneous,HL,HL,0.0010000000000000002,4.946031166058165e-16
asymmetric_binary,instantaneous,HL,HL,0.001151145407204123,1.2762499423697895e-14
asymmetric_binary,instantaneous,HL,HL,0.0013251357485271446,8.096403260865108e-14
asymmetric_binary,instantaneous,HL,HL,0.0015254239308390184,1.8964748393423806e-13
asymmetric_binary,instantaneous,HL,HL,0.0017559847520245955,2.743808861048943e-13
asymmetric_binary,instantaneous,HL,HL,0.0020213937824135834,5.341288205661963e-13
asymmetric_binary,instantaneous,HL,HL,0.0023269181687763643,1.3537991897164086e-11
asymmetric_binary,instantaneous,HL,HL,0.0026786211629267367,1.6018688553301394e-10
asymmetric_binary,instantaneous,HL,HL,0.003083482449342879,5.579533047982731e-10
asymmetric_binary,instantaneous,HL,HL,0.003549536659755571,9.31582331036122e-10
asymmetric_binary,instantaneous,HL,HL,0.0040860328235802846,1.2866195908381435e-09
asymmetric_binary,instantaneous,HL,HL,0.004703617918549738,7.152613667445135e-09
asymmetric_binary,instantaneous,HL,HL,0.005414548164181547,1.510851182674822e-07
asymmetric_binary,instantaneous,HL,HL,0.006232932251283096,8.657820198070313e-07
asymmetric_binary,instantaneous,HL,HL,0.007175011334478982,1.870909126966768e-06
asymmetric_binary,instantaneous,HL,HL,0.008259481344323003,2.568470719956068e-06
asymmetric_binary,instantaneous,HL,HL,0.009507864015405551,4.0200822084269695e-06
asymmetric_binary,instantaneous,HL,HL,0.010944933993655438,4.704520866273074e-05
asymmetric_binary,instantaneous,HL,HL,0.012599210498948734,0.00046394766111144557
asymmetric_binary,instantaneous,HL,HL,0.014503523300262798,0.0014296821879925673
asymmetric_binary,instantaneous,HL,HL,0.016695664235375485,0.0021546219807481648
asymmetric_binary,instantaneous,HL,HL,0.019219137204774604,0.002670060079342874
asymmetric_binary,instantaneous,HL,HL,0.022124021523702166,0.003460531032284626
asymmetric_binary,instantaneous,HL,HL,0.025467965765894884,0.0044069815396677444
asymmetric_binary,instantaneous,HL,HL,0.02931733182224172,0.005301367435421039
asymmetric_binary,instantaneous,HL,HL,0.033748511878652805,0.006091313854764452
asymmetric_binary,instantaneous,HL,HL,0.038849444449084954,0.006746496696069615
asymmetric_binary,instantaneous,HL,HL,0.0447213595499958,0.0072485136023595674
asymmetric_binary,instantaneous,HL,HL,0.051480787649901855,0.007627557088674124
asymmetric_binary,instantaneous,HL,HL,0.05926187226243524,0.007943673529277991
asymmetric_binary,instantaneous,HL,HL,0.06821903207721966,0.008408257544014822
asymmetric_binary,instantaneous,HL,HL,0.07853002545960214,0.00950134262514727
asymmetric_binary,instantaneous,HL,HL,0.09039947813544373,0.012195609920626613
asymmetric_binary,instantaneous,HL,HL,0.10406294406926557,0.018508665643724644
asymmetric_binary,instantaneous,HL,HL,0.11979158012547445,0.03079127884675641
asymmetric_binary,instantaneous,HL,HL,0.13789752728316457,0.04823323646726715
asymmetric_binary,instantaneous,HL,HL,0.15874010519681997,0.06548681278600067
asymmetric_binary,instantaneous,HL,HL,0.18273294303641843,0.08033027857097393
asymmetric_binary,instantaneous,HL,HL,0.21035218812126566,0.09519605674460468
asymmetric_binary,instantaneous,HL,HL,0.24214595525113236,0.1068558824947831
asymmetric_binary,instantaneous,HL,HL,0.27874520426039606,0.10311580203870203
asymmetric_binary,instantaneous,HL,HL,0.32087626166452965,0.08255584721366996
asymmetric_binary,instantaneous,HL,HL,0.36937523489595164,0.061677952660003144
asymmetric_binary,instantaneous,HL,HL,0.42520460518541836,0.048392455974181896
asymmetric_binary,instantaneous,HL,HL,0.48947232838123617,0.040059788383967364
asymmetric_binary,instantaneous,HL,HL,0.5634538227695682,0.03347331961452717
asymmetric_binary,instantaneous,HL,HL,0.6486172802527936,0.027282766092409223
asymmetric_binary,instantaneous,HL,HL,0.7466528031962326,0.021543484131721555
asymmetric_binary,instantaneous,HL,HL,0.8595059451754261,0.016687211590575686
asymmetric_binary,instantaneous,HL,HL,0.9894163212533295,0.012658712867643475
asymmetric_binary,instantaneous,HL,HL,1.138962054023569,0.009171854448709153
asymmetric_binary,instantaneous,HL,HL,1.3111109374690053,0.006116363682722103
asymmetric_binary,instantaneous,HL,HL,1.5092793340025346,0.003579277036236421
asymmetric_binary,instantaneous,HL,HL,1.7373999735251147,0.0017276178015901097
asymmetric_binary,instantaneous,HL,HL,2.0,0.0006414874137957088
asymmetric_binary,instantaneous,HL,HL,2.3022908144082455,0.00017175840528491367
asymmetric_binary,instantaneous,HL,HL,2.6502714970542867,3.1476402537423934e-05
asymmetric_binary,instantaneous,HL,HL,3.0508478616780366,3.809151204365458e-06
asymmetric_binary,instantaneous,HL,HL,3.5119695040491905,2.993119642759487e-07
asymmetric_binary,instantaneous,HL,HL,4.042787564827166,1.5280408336902854e-08
asymmetric_binary,instantaneous,HL,HL,4.653836337552724,5.133667932963184e-10
asymmetric_binary,instantaneous,HL,HL,5.3572423258534725,1.172299211972586e-11
asymmetric_binary,finite_time,LL,LL,0.00032430864012639686,2.809773109447888e-21
asymmetric_binary,finite_time,LL,LL,0.00037332640159811636,6.27154558478982e-21
asymmetric_binary,finite_time,LL,LL,0.00042975297258771353,1.403849929355486e-20
asymmetric_binary,finite_time,LL,LL,0.0004947081606266652,4.592040884566553e-19
asymmetric_binary,finite_time,LL,LL,0.0005694810270117846,6.03357727404326e-18
asymmetric_binary,finite_time,LL,LL,0.0006555554687345028,2.2843155775973254e-17
asymmetric_binary,finite_time,LL,LL,0.000754639667001268,4.03022990751843e-17
asymmetric_binary,finite_time,LL,LL,0.0008686999867625583,5.750820870558354e-17
asymmetric_binary,finite_time,LL,LL,0.0010000000000000002,4.74903169089957e-16
asymmetric_binary,finite_time,LL,LL,0.001151145407204123,1.2283974403305281e-14
asymmetric_binary,finite_time,LL,LL,0.0013251357485271446,7.815760170057587e-14
asymmetric_binary,finite_time,LL,LL,0.0015254239308390184,1.836173561450192e-13
asymmetric_binary,finite_time,LL,LL,0.0017559847520245955,2.6631045365437364e-13
asymmetric_binary,finite_time,LL,LL,0.0020213937824135834,5.19696420460384e-13
asymmetric_binary,finite_time,LL,LL,0.0023269181687763643,1.3198114154230414e-11
asymmetric_binary,finite_time,LL,LL,0.0026786211629267367,1.565519551805772e-10
asymmetric_binary,finite_time,LL,LL,0.003083482449342879,5.467459210606025e-10
asymmetric_binary,finite_time,LL,LL,0.003549536659755571,9.150823038918443e-10
asymmetric_binary,finite_time,LL,LL,0.0040860328235802846,1.2663029787808854e-09
asymmetric_binary,finite_time,LL,LL,0.004703617918549738,7.059641042511957e-09
asymmetric_binary,finite_time,LL,LL,0.005414548164181547,1.4939711932294386e-07
asymmetric_binary,finite_time,LL,LL,0.006232932251283096,8.576451016483637e-07
asymmetric_binary,finite_time,LL,LL,0.007175011334478982,1.8566143978921984e-06
asymmetric_binary,finite_time,LL,LL,0.008259481344323003,2.5524411448375835e-06
asymmetric_binary,finite_time,LL,LL,0.009507864015405551,4.002340025768988e-06
asymmetric_binary,finite_time,LL,LL,0.010944933993655438,4.702363684932527e-05
asymmetric_binary,finite_time,LL,LL,0.012599210498948734,0.0004639234260066049
asymmetric_binary,finite_time,LL,LL,0.014503523300262798,0.0014296838195927185
asymmetric_binary,finite_time,LL,LL,0.016695664235375485,0.002154661427355348
asymmetric_binary,finite_time,LL,LL,0.019219137204774604,0.0026701411376374314
asymmetric_binary,finite_time,LL,LL,0.022124021523702166,0.0034606843343398435
asymmetric_binary,finite_time,LL,LL,0.025467965765894884,0.004407251715622861
asymmetric_binary,finite_time,LL,LL,0.02931733182224172,0.005301825905283649
asymmetric_binary,finite_time,LL,LL,0.033748511878652805,0.006092112030926465
asymmetric_binary,finite_time,LL,LL,0.038849444449084954,0.006748023318557878
asymmetric_binary,finite_time,LL,LL,0.0447213595499958,0.007252000945520342
asymmetric_binary,finite_time,LL,LL,0.051480787649901855,0.007636977509961209
asymmetric_binary,finite_time,LL,LL,0.05926187226243524,0.00796899316469031
asymmetric_binary,finite_time,LL,LL,0.06821903207721966,0.008467328994195115
asymmetric_binary,finite_time,LL,LL,0.07853002545960214,0.009626939108693526
asymmetric_binary,finite_time,LL,LL,0.09039947813544373,0.012475095660472552
asymmetric_binary,finite_time,LL,LL,0.10406294406926557,0.019151844831238395
asymmetric_binary,finite_time,LL,LL,0.11979158012547445,0.031980966963436545
asymmetric_binary,finite_time,LL,LL,0.13789752728316457,0.049554540863626054
asymmetric_binary,finite_time,LL,LL,0.15874010519681997,0.06623327379823138
asymmetric_binary,finite_time,LL,LL,0.18273294303641843,0.08044995679499711
asymmetric_binary,finite_time,LL,LL,0.21035218812126566,0.0950598110798595
asymmetric_binary,finite_time,LL,LL,0.24214595525113236,0.10632382042252382
asymmetric_binary,finite_time,LL,LL,0.27874520426039606,0.1011533472920883
asymmetric_binary,finite_time,LL,LL,0.32087626166452965,0.07989730797716994
asymmetric_binary,finite_time,LL,LL,0.36937523489595164,0.0600943591692642
asymmetric_binary,finite_time,LL,LL,0.42520460518541836,0.04800343140591262
asymmetric_binary,finite_time,LL,LL,0.48947232838123617,0.04028470798795653
asymmetric_binary,finite_time,LL,LL,0.5634538227695682,0.03390681584153271
asymmetric_binary,finite_time,LL,LL,0.6486172802527936,0.027740666109857103
asymmetric_binary,finite_time,LL,LL,0.7466528031962326,0.021949568480451584
asymmetric_binary,finite_time,LL,LL,0.8595059451754261,0.01702410331255991
asymmetric_binary,finite_time,LL,LL,0.9894163212533295,0.01293357305206524
asymmetric_binary,finite_time,LL,LL,1.138962054023569,0.009390939921362302
asymmetric_binary,finite_time,LL,LL,1.3111109374690053,0.006281601317772194
asymmetric_binary,finite_time,LL,LL,1.5092793340025346,0.003691985583198331
asymmetric_binary,finite_time,LL,LL,1.7373999735251147,0.0017924099269087145
asymmetric_binary,finite_time,LL,LL,2.0,0.0006702275277668039
asymmetric_binary,finite_time,LL,LL,2.3022908144082455,0.00018083569186916362
asymmetric_binary,finite_time,LL,LL,2.6502714970542867,3.339896714754789e-05
asymmetric_binary,finite_time,LL,LL,3.0508478616780366,4.071919502401658e-06
asymmetric_binary,finite_time,LL,LL,3.5119695040491905,3.221168015823114e-07
asymmetric_binary,finite_time,LL,LL,4.042787564827166,1.6541480051101263e-08
asymmetric_binary,finite_time,LL,LL,4.653836337552724,5.585343982081139e-10
asymmetric_binary,finite_time,LL,LL,5.3572423258534725,1.2807977422553476e-11
asymmetric_binary,finite_time,LL,ML,0.00032430864012639686,3.946535927132619e-22
asymmetric_binary,finite_time,LL,ML,0.00037332640159811636,9.352914691545628e-22
asymmetric_binary,finite_time,LL,ML,0.00042975297258771353,2.4819193460277427e-21
asymmetric_binary,finite_time,LL,ML,0.0004947081606266652,1.0187765123489036e-19
asymmetric_binary,finite_time,LL,ML,0.0005694810270117846,1.3478085342900548e-18
asymmetric_binary,finite_time,LL,ML,0.0006555554687345028,5.0929626294790795e-18
asymmetric_binary,finite_time,LL,ML,0.000754639667001268,8.96643813883233e-18
asymmetric_binary,finite_time,LL,ML,0.0008686999867625583,1.2979725483709273e-17
asymmetric_binary,finite_time,LL,ML,0.0010000000000000002,1.4599512347989087e-16
asymmetric_binary,finite_time,LL,ML,0.001151145407204123,3.977630128780741e-15
asymmetric_binary,finite_time,LL,ML,0.0013251357485271446,2.5320719122145297e-14
asymmetric_binary,finite_time,LL,ML,0.0015254239308390184,5.935770687828299e-14
asymmetric_binary,finite_time,LL,ML,0.0017559847520245955,8.608210769392128e-14
asymmetric_binary,finite_time,LL,ML,0.0020213937824135834,1.896490960437708e-13
asymmetric_binary,finite_time,LL,ML,0.0023269181687763643,6.145281354213725e-12
asymmetric_binary,finite_time,LL,ML,0.0026786211629267367,7.367651627258338e-11
asymmetric_binary,finite_time,LL,ML,0.003083482449342879,2.570666121035886e-10
asymmetric_binary,finite_time,LL,ML,0.003549536659755571,4.294675742402085e-10
asymmetric_binary,finite_time,LL,ML,0.0040860328235802846,5.995691268671202e-10
asymmetric_binary,finite_time,LL,ML,0.004703617918549738,4.451859607010186e-09
asymmetric_binary,finite_time,LL,ML,0.005414548164181547,1.0187287545295407e-07
asymmetric_binary,finite_time,LL,ML,0.006232932251283096,5.868522795381439e-07
asymmetric_binary,finite_time,LL,ML,0.007175011334478982,1.2694558422379093e-06
asymmetric_binary,finite_time,LL,ML,0.008259481344323003,1.744659968645007e-06
asymmetric_binary,finite_time,LL,ML,0.009507864015405551,2.9077857531652987e-06
asymmetric_binary,finite_time,LL,ML,0.010944933993655438,4.5380787060263354e-05
asymmetric_binary,finite_time,LL,ML,0.012599210498948734,0.00046139850168538894
asymmetric_binary,finite_time,LL,ML,0.014503523300262798,0.0014267444450804263
asymmetric_binary,finite_time,LL,ML,0.016695664235375485,0.0021515122293940827
asymmetric_binary,finite_time,LL,ML,0.019219137204774604,0.0026661442945077416
asymmetric_binary,finite_time,LL,ML,0.022124021523702166,0.0034556993758409287
asymmetric_binary,finite_time,LL,ML,0.025467965765894884,0.00440128551170431
asymmetric_binary,finite_time,LL,ML,0.02931733182224172,0.005294503771422302
asymmetric_binary,finite_time,LL,ML,0.033748511878652805,0.006082354583445691
asymmetric_binary,finite_time,LL,ML,0.038849444449084954,0.006733003580382549
asymmetric_binary,finite_time,LL,ML,0.0447213595499958,0.007223303049205962
asymmetric_binary,finite_time,LL,ML,0.051480787649901855,0.007569028059318255
asymmetric_binary,finite_time,LL,ML,0.05926187226243524,0.007790798419460118
asymmetric_binary,finite_time,LL,ML,0.06821903207721966,0.00801938987720787
asymmetric_binary,finite_time,LL,ML,0.07853002545960214,0.008597527284081797
asymmetric_binary,finite_time,LL,ML,0.09039947813544373,0.010185912679859618
asymmetric_binary,finite_time,LL,ML,0.10406294406926557,0.014133154742317118
asymmetric_binary,finite_time,LL,ML,0.11979158012547445,0.022183087432005283
asymmetric_binary,finite_time,LL,ML,0.13789752728316457,0.03477453435931182
asymmetric_binary,finite_time,LL,ML,0.15874010519681997,0.04920716947871536
asymmetric_binary,finite_time,LL,ML,0.18273294303641843,0.06310913601536737
asymmetric_binary,finite_time,LL,ML,0.21035218812126566,0.07737305008588763
asymmetric_binary,finite_time,LL,ML,0.24214595525113236,0.09009487352676884
asymmetric_binary,finite_time,LL,ML,0.27874520426039606,0.09395251634668333
asymmetric_binary,finite_time,LL,ML,0.32087626166452965,0.08556820139473029
asymmetric_binary,finite_time,LL,ML,0.36937523489595164,0.07201914290188954
asymmetric_binary,finite_time,LL,ML,0.42520460518541836,0.06087839629536258
asymmetric_binary,finite_time,LL,ML,0.48947232838123617,0.05285718524854906
asymmetric_binary,finite_time,LL,ML,0.5634538227695682,0.046047579979259345
asymmetric_binary,finite_time,LL,ML,0.6486172802527936,0.039206732863145154
asymmetric_binary,finite_time,LL,ML,0.7466528031962326,0.03212636955033256
asymmetric_binary,finite_time,LL,ML,0.8595059451754261,0.025579393822945436
asymmetric_binary,finite_time,LL,ML,0.9894163212533295,0.020015320690754578
asymmetric_binary,finite_time,LL,ML,1.138962054023569,0.015150377369578942
asymmetric_binary,finite_time,LL,ML,1.3111109374690053,0.01074560779691929
asymmetric_binary,finite_time,LL,ML,1.5092793340025346,0.006866561846701734
asymmetric_binary,finite_time,LL,ML,1.7373999735251147,0.0037416519317164925
asymmetric_binary,finite_time,LL,ML,2.0,0.0016165637025235431
asymmetric_binary,finite_time,LL,ML,2.3022908144082455,0.0005130911305732722
asymmetric_binary,finite_time,LL,ML,2.6502714970542867,0.00011207491968309712
asymmetric_binary,finite_time,LL,ML,3.0508478616780366,1.6062175839127902e-05
asymmetric_binary,finite_time,LL,ML,3.5119695040491905,1.4721801569830686e-06
asymmetric_binary,finite_time,LL,ML,4.042787564827166,8.599420074468905e-08
asymmetric_binary,finite_time,LL,ML,4.653836337552724,3.241845211209503e-09
asymmetric_binary,finite_time,LL,ML,5.3572423258534725,8.171071263441396e-11
asymmetric_binary,finite_time,LL,HL,0.00032430864012639686,6.214960364645453e-23
asymmetric_binary,finite_time,LL,HL,0.00037332640159811636,1.582410758875629e-22
asymmetric_binary,finite_time,LL,HL,0.00042975297258771353,5.143400013875194e-22
asymmetric_binary,finite_time,LL,HL,0.0004947081606266652,2.533865837067324e-20
asymmetric_binary,finite_time,LL,HL,0.0005694810270117846,3.3640201256980185e-19
asymmetric_binary,finite_time,LL,HL,0.0006555554687345028,1.2683063897644805e-18
asymmetric_binary,finite_time,LL,HL,0.000754639667001268,2.228238879656242e-18
asymmetric_binary,finite_time,LL,HL,0.0008686999867625583,3.289166744971248e-18
asymmetric_binary,finite_time,LL,HL,0.0010000000000000002,4.969820067727109e-17
asymmetric_binary,finite_time,LL,HL,0.001151145407204123,1.4011394656393876e-15
asymmetric_binary,finite_time,LL,HL,0.0013251357485271446,8.913108590006889e-15
asymmetric_binary,finite_time,LL,HL,0.0015254239308390184,2.0843975114645667e-14
asymmetric_binary,finite_time,LL,HL,0.0017559847520245955,3.0246594427607353e-14
asymmetric_binary,finite_time,LL,HL,0.0020213937824135834,7.68216264626609e-14
asymmetric_binary,finite_time,LL,HL,0.0023269181687763643,3.0395899205744245e-12
asymmetric_binary,finite_time,LL,HL,0.0026786211629267367,3.666249797715136e-11
asymmetric_binary,finite_time,LL,HL,0.003083482449342879,1.2771507527316645e-10
asymmetric_binary,finite_time,LL,HL,0.003549536659755571,2.1295260689479008e-10
asymmetric_binary,finite_time,LL,HL,0.0040860328235802846,3.0094512112237904e-10
asymmetric_binary,finite_time,LL,HL,0.004703617918549738,2.964222059826523e-09
asymmetric_binary,finite_time,LL,HL,0.005414548164181547,7.156870075752451e-08
asymmetric_binary,finite_time,LL,HL,0.006232932251283096,4.1291279574066317e-07
asymmetric_binary,finite_time,LL,HL,0.007175011334478982,8.921348707008755e-07
asymmetric_binary,finite_time,LL,HL,0.008259481344323003,1.2259466559849197e-06
asymmetric_binary,finite_time,LL,HL,0.009507864015405551,2.205489154122634e-06
asymmetric_binary,finite_time,LL,HL,0.010944933993655438,4.432726492147133e-05
asymmetric_binary,finite_time,LL,HL,0.012599210498948734,0.00045978007187984395
asymmetric_binary,finite_time,LL,HL,0.014503523300262798,0.0014248643731078418
asymmetric_binary,finite_time,LL,HL,0.016695664235375485,0.0021495041235274023
asymmetric_binary,finite_time,LL,HL,0.019219137204774604,0.002663601585135504
asymmetric_binary,finite_time,LL,HL,0.022124021523702166,0.0034525407959165246
asymmetric_binary,finite_time,LL,HL,0.025467965765894884,0.004397538187137791
asymmetric_binary,finite_time,LL,HL,0.02931733182224172,0.005289994437579634
asymmetric_binary,finite_time,LL,HL,0.033748511878652805,0.006076582924478859
asymmetric_binary,finite_time,LL,HL,0.038849444449084954,0.006724710742862944
asymmetric_binary,finite_time,LL,HL,0.0447213595499958,0.007208878121047398
asymmetric_binary,finite_time,LL,HL,0.051480787649901855,0.0075378055508997805
asymmetric_binary,finite_time,LL,HL,0.05926187226243524,0.00771226490122157
asymmetric_binary,finite_time,LL,HL,0.06821903207721966,0.007817572540303573
asymmetric_binary,finite_time,LL,HL,0.07853002545960214,0.008110480656306856
asymmetric_binary,finite_time,LL,HL,0.09039947813544373,0.009057721404704368
asymmetric_binary,finite_time,LL,HL,0.10406294406926557,0.011586287415972944
asymmetric_binary,finite_time,LL,HL,0.11979158012547445,0.016981621040768745
asymmetric_binary,finite_time,LL,HL,0.13789752728316457,0.026126000596653855
asymmetric_binary,finite_time,LL,HL,0.15874010519681997,0.037993543364208675
asymmetric_binary,finite_time,LL,HL,0.18273294303641843,0.05076743273925471
asymmetric_binary,finite_time,LL,HL,0.21035218812126566,0.0644318410665629
asymmetric_binary,finite_time,LL,HL,0.24214595525113236,0.07746946118715914
asymmetric_binary,finite_time,LL,HL,0.27874520426039606,0.08516089389062413
asymmetric_binary,finite_time,LL,HL,0.32087626166452965,0.0845289385628801
asymmetric_binary,finite_time,LL,HL,0.36937523489595164,0.07728019503332977
asymmetric_binary,finite_time,LL,HL,0.42520460518541836,0.06874159211245988
asymmetric_binary,finite_time,LL,HL,0.48947232838123617,0.061500187623387506
asymmetric_binary,finite_time,LL,HL,0.5634538227695682,0.0549029581614458
asymmetric_binary,finite_time,LL,HL,0.6486172802527936,0.048019690428066066
asymmetric_binary,finite_time,LL,HL,0.7466528031962326,0.040428421092412896
asymmetric_binary,finite_time,LL,HL,0.8595059451754261,0.03282820146151255
asymmetric_binary,finite_time,LL,HL,0.9894163212533295,0.026163014051821407
asymmetric_binary,finite_time,LL,HL,1.138962054023569,0.020301178738402786
asymmetric_binary,finite_time,LL,HL,1.3111109374690053,0.014889778949568899
asymmetric_binary,finite_time,LL,HL,1.5092793340025346,0.009968941452605809
asymmetric_binary,finite_time,LL,HL,1.7373999735251147,0.005807714250913194
asymmetric_binary,finite_time,LL,HL,2.0,0.00274324398454936
asymmetric_binary,finite_time,LL,HL,2.3022908144082455,0.0009674805646276679
asymmetric_binary,finite_time,LL,HL,2.6502714970542867,0.00023646259330849343
asymmetric_binary,finite_time,LL,HL,3.0508478616780366,3.784604286650848e-05
asymmetric_binary,finite_time,LL,HL,3.5119695040491905,3.838945005465143e-06
asymmetric_binary,finite_time,LL,HL,4.042787564827166,2.450411235396025e-07
asymmetric_binary,finite_time,LL,HL,4.653836337552724,9.96185461713752e-09
asymmetric_binary,finite_time,LL,HL,5.3572423258534725,2.6776904562661587e-10
asymmetric_binary,finite_time,ML,LL,0.00032430864012639686,5.0525347723858085e-23
asymmetric_binary,finite_time,ML,LL,0.00037332640159811636,1.2034931016097572e-22
asymmetric_binary,finite_time,ML,LL,0.00042975297258771353,3.8790735974777857e-22
asymmetric_binary,finite_time,ML,LL,0.0004947081606266652,1.951503786868275e-20
asymmetric_binary,finite_time,ML,LL,0.0005694810270117846,2.5998824464143203e-19
asymmetric_binary,finite_time,ML,LL,0.0006555554687345028,9.83242025542634e-19
asymmetric_binary,finite_time,ML,LL,0.000754639667001268,1.7323697876974385e-18
asymmetric_binary,finite_time,ML,LL,0.0008686999867625583,2.5741385852973308e-18
asymmetric_binary,finite_time,ML,LL,0.0010000000000000002,4.0693948063079164e-17
asymmetric_binary,finite_time,ML,LL,0.001151145407204123,1.15506185395801e-15
asymmetric_binary,finite_time,ML,LL,0.0013251357485271446,7.37102736123988e-15
asymmetric_binary,finite_time,ML,LL,0.0015254239308390184,1.7289505301314566e-14
asymmetric_binary,finite_time,ML,LL,0.0017559847520245955,2.5164840178304804e-14
asymmetric_binary,finite_time,ML,LL,0.0020213937824135834,6.560650516050287e-14
asymmetric_binary,finite_time,ML,LL,0.0023269181687763643,2.6703443677402685e-12
asymmetric_binary,finite_time,ML,LL,0.0026786211629267367,3.2321501539686176e-11
asymmetric_binary,finite_time,ML,LL,0.003083482449342879,1.1291240611861109e-10
asymmetric_binary,finite_time,ML,LL,0.003549536659755571,1.8875051807781014e-10
asymmetric_binary,finite_time,ML,LL,0.0040860328235802846,2.6798424049073323e-10
asymmetric_binary,finite_time,ML,LL,0.004703617918549738,2.759938899475581e-09
asymmetric_binary,finite_time,ML,LL,0.005414548164181547,6.719479116591798e-08
asymmetric_binary,finite_time,ML,LL,0.006232932251283096,3.885487105617021e-07
asymmetric_binary,finite_time,ML,LL,0.007175011334478982,8.411140274439638e-07
asymmetric_binary,finite_time,ML,LL,0.008259481344323003,1.1578311963964356e-06
asymmetric_binary,finite_time,ML,LL,0.009507864015405551,2.1154967986193013e-06
asymmetric_binary,finite_time,ML,LL,0.010944933993655438,4.41950939060586e-05
asymmetric_binary,finite_time,ML,LL,0.012599210498948734,0.000459581985327069
asymmetric_binary,finite_time,ML,LL,0.014503523300262798,0.0014246509427558638
asymmetric_binary,finite_time,ML,LL,0.016695664235375485,0.002149297258459145
asymmetric_binary,finite_time,ML,LL,0.019219137204774604,0.0026633568266087983
asymmetric_binary,finite_time,ML,LL,0.022124021523702166,0.0034522652597434333
asymmetric_binary,finite_time,ML,LL,0.025467965765894884,0.004397257160726361
asymmetric_binary,finite_time,ML,LL,0.02931733182224172,0.005289719258489555
asymmetric_binary,finite_time,ML,LL,0.033748511878652805,0.006076316678204286
asymmetric_binary,finite_time,ML,LL,0.038849444449084954,0.006724450930440528
asymmetric_binary,finite_time,ML,LL,0.0447213595499958,0.00720861578020586
asymmetric_binary,finite_time,ML,LL,0.051480787649901855,0.007537582658070513
asymmetric_binary,finite_time,ML,LL,0.05926187226243524,0.007712175097352221
asymmetric_binary,finite_time,ML,LL,0.06821903207721966,0.007817335248647793
asymmetric_binary,finite_time,ML,LL,0.07853002545960214,0.008109033067877738
asymmetric_binary,finite_time,ML,LL,0.09039947813544373,0.009055892526721303
asymmetric_binary,finite_time,ML,LL,0.10406294406926557,0.011594092794465584
asymmetric_binary,finite_time,ML,LL,0.11979158012547445,0.016992062013722126
asymmetric_binary,finite_time,ML,LL,0.13789752728316457,0.025996166659277564
asymmetric_binary,finite_time,ML,LL,0.15874010519681997,0.03744238416657802
asymmetric_binary,finite_time,ML,LL,0.18273294303641843,0.04964446963686449
asymmetric_binary,finite_time,ML,LL,0.21035218812126566,0.06284327191086499
asymmetric_binary,finite_time,ML,LL,0.24214595525113236,0.07561403690347442
asymmetric_binary,finite_time,ML,LL,0.27874520426039606,0.08315141073031226
asymmetric_binary,finite_time,ML,LL,0.32087626166452965,0.08267450460122312
asymmetric_binary,finite_time,ML,LL,0.36937523489595164,0.07620927936471968
asymmetric_binary,finite_time,ML,LL,0.42520460518541836,0.06872307863719931
asymmetric_binary,finite_time,ML,LL,0.48947232838123617,0.062295358942244076
asymmetric_binary,finite_time,ML,LL,0.5634538227695682,0.05613610800726663
asymmetric_binary,finite_time,ML,LL,0.6486172802527936,0.04942348139974405
asymmetric_binary,finite_time,ML,LL,0.7466528031962326,0.04183295979644611
asymmetric_binary,finite_time,ML,LL,0.8595059451754261,0.03409041583062452
asymmetric_binary,finite_time,ML,LL,0.9894163212533295,0.027247766503260776
asymmetric_binary,finite_time,ML,LL,1.138962054023569,0.02122275233504469
asymmetric_binary,finite_time,ML,LL,1.3111109374690053,0.01564378409830976
asymmetric_binary,finite_time,ML,LL,1.5092793340025346,0.010545049707853367
asymmetric_binary,finite_time,ML,LL,1.7373999735251147,0.0062037554539540775
asymmetric_binary,finite_time,ML,LL,2.0,0.002970010891260465
asymmetric_binary,finite_time,ML,LL,2.3022908144082455,0.0010647184711690652
asymmetric_binary,finite_time,ML,LL,2.6502714970542867,0.0002648845363661876
asymmetric_binary,finite_time,ML,LL,3.0508478616780366,4.3148529080598466e-05
asymmetric_binary,finite_time,ML,LL,3.5119695040491905,4.448558053367792e-06
asymmetric_binary,finite_time,ML,LL,4.042787564827166,2.880233649525757e-07
asymmetric_binary,finite_time,ML,LL,4.653836337552724,1.1851659064765762e-08
asymmetric_binary,finite_time,ML,LL,5.3572423258534725,3.218412761747978e-10
asymmetric_binary,finite_time,ML,ML,0.00032430864012639686,5.736503932804193e-23
asymmetric_binary,finite_time,ML,ML,0.00037332640159811636,1.3659000649291668e-22
asymmetric_binary,finite_time,ML,ML,0.00042975297258771353,4.34494535594152e-22
asymmetric_binary,finite_time,ML,ML,0.0004947081606266652,2.1610269924592387e-20
asymmetric_binary,finite_time,ML,ML,0.0005694810270117846,2.877996932573684e-19
asymmetric_binary,finite_time,ML,ML,0.0006555554687345028,1.0883750367029126e-18
asymmetric_binary,finite_time,ML,ML,0.000754639667001268,1.917507686708044e-18
asymmetric_binary,finite_time,ML,ML,0.0008686999867625583,2.843774809193485e-18
asymmetric_binary,finite_time,ML,ML,0.0010000000000000002,4.4015312888752433e-17
asymmetric_binary,finite_time,ML,ML,0.001151145407204123,1.2466916311201086e-15
asymmetric_binary,finite_time,ML,ML,0.0013251357485271446,7.954768582024334e-15
asymmetric_binary,finite_time,ML,ML,0.0015254239308390184,1.8658167800703757e-14
asymmetric_binary,finite_time,ML,ML,0.0017559847520245955,2.7149669872247917e-14
asymmetric_binary,finite_time,ML,ML,0.0020213937824135834,6.996800537015707e-14
asymmetric_binary,finite_time,ML,ML,0.0023269181687763643,2.811068313610026e-12
asymmetric_binary,finite_time,ML,ML,0.0026786211629267367,3.40083187587217e-11
asymmetric_binary,finite_time,ML,ML,0.003083482449342879,1.1879776367777417e-10
asymmetric_binary,finite_time,ML,ML,0.003549536659755571,1.9858125666126488e-10
asymmetric_binary,finite_time,ML,ML,0.0040860328235802846,2.81591647398304e-10
asymmetric_binary,finite_time,ML,ML,0.004703617918549738,2.840837531544898e-09
asymmetric_binary,finite_time,ML,ML,0.005414548164181547,6.894041669163719e-08
asymmetric_binary,finite_time,ML,ML,0.006232932251283096,3.9856633152163887e-07
asymmetric_binary,finite_time,ML,ML,0.007175011334478982,8.627672715874475e-07
asymmetric_binary,finite_time,ML,ML,0.008259481344323003,1.1874987500913347e-06
asymmetric_binary,finite_time,ML,ML,0.009507864015405551,2.1555507856779248e-06
asymmetric_binary,finite_time,ML,ML,0.010944933993655438,4.425503888893626e-05
asymmetric_binary,finite_time,ML,ML,0.012599210498948734,0.00045967383405564114
asymmetric_binary,finite_time,ML,ML,0.014503523300262798,0.0014247567989659432
asymmetric_binary,finite_time,ML,ML,0.016695664235375485,0.002149409236352318
asymmetric_binary,finite_time,ML,ML,0.019219137204774604,0.0026634977208238987
asymmetric_binary,finite_time,ML,ML,0.022124021523702166,0.0034524387551428453
asymmetric_binary,finite_time,ML,ML,0.025467965765894884,0.004397460361690952
asymmetric_binary,finite_time,ML,ML,0.02931733182224172,0.005289959499145372
asymmetric_binary,finite_time,ML,ML,0.033748511878652805,0.006076616399806336
asymmetric_binary,finite_time,ML,ML,0.038849444449084954,0.006724865756375733
asymmetric_binary,finite_time,ML,ML,0.0447213595499958,0.007209302562598888
asymmetric_binary,finite_time,ML,ML,0.051480787649901855,0.007538994050405509
asymmetric_binary,finite_time,ML,ML,0.05926187226243524,0.007715604037557288
asymmetric_binary,finite_time,ML,ML,0.06821903207721966,0.00782610522054588
asymmetric_binary,finite_time,ML,ML,0.07853002545960214,0.008130509346844417
asymmetric_binary,finite_time,ML,ML,0.09039947813544373,0.009106442719881432
asymmetric_binary,finite_time,ML,ML,0.10406294406926557,0.01170948547716001
asymmetric_binary,finite_time,ML,ML,0.11979158012547445,0.017232087436414877
asymmetric_binary,finite_time,ML,ML,0.13789752728316457,0.026414922045675155
asymmetric_binary,finite_time,ML,ML,0.15874010519681997,0.03802811282842425
asymmetric_binary,finite_time,ML,ML,0.18273294303641843,0.05033935978837452
asymmetric_binary,finite_time,ML,ML,0.21035218812126566,0.06360951301695959
asymmetric_binary,finite_time,ML,ML,0.24214595525113236,0.07639466857440577
asymmetric_binary,finite_time,ML,ML,0.27874520426039606,0.08378151665838639
asymmetric_binary,finite_time,ML,ML,0.32087626166452965,0.08293575721063125
asymmetric_binary,finite_time,ML,ML,0.36937523489595164,0.07608853451875906
asymmetric_binary,finite_time,ML,ML,0.42520460518541836,0.0683718337314044
asymmetric_binary,finite_time,ML,ML,0.48947232838123617,0.061827873249134295
asymmetric_binary,finite_time,ML,ML,0.5634538227695682,0.055612139708513066
asymmetric_binary,finite_time,ML,ML,0.6486172802527936,0.04887740543806969
asymmetric_binary,finite_time,ML,ML,0.7466528031962326,0.04129799516414519
asymmetric_binary,finite_time,ML,ML,0.8595059451754261,0.033611270127772375
asymmetric_binary,finite_time,ML,ML,0.9894163212533295,0.02683600996445094
asymmetric_binary,finite_time,ML,ML,1.138962054023569,0.020872588585652677
asymmetric_binary,finite_time,ML,ML,1.3111109374690053,0.015356877021795815
asymmetric_binary,finite_time,ML,ML,1.5092793340025346,0.010325459792075975
asymmetric_binary,finite_time,ML,ML,1.7373999735251147,0.006052406676984199
asymmetric_binary,finite_time,ML,ML,2.0,0.0028829906247406925
asymmetric_binary,finite_time,ML,ML,2.3022908144082455,0.0010272011197909956
asymmetric_binary,finite_time,ML,ML,2.6502714970542867,0.00025385297903539566
asymmetric_binary,finite_time,ML,ML,3.0508478616780366,4.107835344267526e-05
asymmetric_binary,finite_time,ML,ML,3.5119695040491905,4.209288207599559e-06
asymmetric_binary,finite_time,ML,ML,4.042787564827166,2.710761246936522e-07
asymmetric_binary,finite_time,ML,ML,4.653836337552724,1.1103710292361968e-08
asymmetric_binary,finite_time,ML,ML,5.3572423258534725,3.003683788616985e-10
asymmetric_binary,finite_time,ML,HL,0.00032430864012639686,6.51306553145835e-23
asymmetric_binary,finite_time,ML,HL,0.00037332640159811636,1.5502378704715415e-22
asymmetric_binary,finite_time,ML,HL,0.00042975297258771353,4.867550193733658e-22
asymmetric_binary,finite_time,ML,HL,0.0004947081606266652,2.3930711326310434e-20
asymmetric_binary,finite_time,ML,HL,0.0005694810270117846,3.185867246396261e-19
asymmetric_binary,finite_time,ML,HL,0.0006555554687345028,1.204750113521362e-18
asymmetric_binary,finite_time,ML,HL,0.000754639667001268,2.1224335979146433e-18
asymmetric_binary,finite_time,ML,HL,0.0008686999867625583,3.1417978537833666e-18
asymmetric_binary,finite_time,ML,HL,0.0010000000000000002,4.7610304891286603e-17
asymmetric_binary,finite_time,ML,HL,0.001151145407204123,1.3455960602841486e-15
asymmetric_binary,finite_time,ML,HL,0.0013251357485271446,8.584748014640831e-15
asymmetric_binary,finite_time,ML,HL,0.0015254239308390184,2.013518410114009e-14
asymmetric_binary,finite_time,ML,HL,0.0017559847520245955,2.9291248813107836e-14
asymmetric_binary,finite_time,ML,HL,0.0020213937824135834,7.463143749143244e-14
asymmetric_binary,finite_time,ML,HL,0.0023269181687763643,2.9592510919275906e-12
asymmetric_binary,finite_time,ML,HL,0.0026786211629267367,3.57832524515371e-11
asymmetric_binary,finite_time,ML,HL,0.003083482449342879,1.2498997891960812e-10
asymmetric_binary,finite_time,ML,HL,0.003549536659755571,2.0892421362426215e-10
asymmetric_binary,finite_time,ML,HL,0.0040860328235802846,2.9589904727847294e-10
asymmetric_binary,finite_time,ML,HL,0.004703617918549738,2.9243338745972432e-09
asymmetric_binary,finite_time,ML,HL,0.005414548164181547,7.073185281994668e-08
asymmetric_binary,finite_time,ML,HL,0.006232932251283096,4.088429080273923e-07
asymmetric_binary,finite_time,ML,HL,0.007175011334478982,8.849786037946823e-07
asymmetric_binary,finite_time,ML,HL,0.008259481344323003,1.217930665220428e-06
asymmetric_binary,finite_time,ML,HL,0.009507864015405551,2.1966368158726427e-06
asymmetric_binary,finite_time,ML,HL,0.010944933993655438,4.431652815052116e-05
asymmetric_binary,finite_time,ML,HL,0.012599210498948734,0.00045976804770214437
asymmetric_binary,finite_time,ML,HL,0.014503523300262798,0.0014248653804945705
asymmetric_binary,finite_time,ML,HL,0.016695664235375485,0.0021495240993455013
asymmetric_binary,finite_time,ML,HL,0.019219137204774604,0.0026636422478491773
asymmetric_binary,finite_time,ML,HL,0.022124021523702166,0.003452616732392367
asymmetric_binary,finite_time,ML,HL,0.025467965765894884,0.004397668843494933
asymmetric_binary,finite_time,ML,HL,0.02931733182224172,0.005290206093503535
asymmetric_binary,finite_time,ML,HL,0.033748511878652805,0.006076924398704857
asymmetric_binary,finite_time,ML,HL,0.038849444449084954,0.006725293053392561
asymmetric_binary,finite_time,ML,HL,0.0447213595499958,0.0072100127662478985
asymmetric_binary,finite_time,ML,HL,0.051480787649901855,0.007540460303277649
asymmetric_binary,finite_time,ML,HL,0.05926187226243524,0.007719178712597692
asymmetric_binary,finite_time,ML,HL,0.06821903207721966,0.007835256993824726
asymmetric_binary,finite_time,ML,HL,0.07853002545960214,0.00815289653153342
asymmetric_binary,finite_time,ML,HL,0.09039947813544373,0.009159042262174531
asymmetric_binary,finite_time,ML,HL,0.10406294406926557,0.011829343844230282
asymmetric_binary,finite_time,ML,HL,0.11979158012547445,0.017480925306893404
asymmetric_binary,finite_time,ML,HL,0.13789752728316457,0.02684761849989237
asymmetric_binary,finite_time,ML,HL,0.15874010519681997,0.03863053203772334
asymmetric_binary,finite_time,ML,HL,0.18273294303641843,0.051051124152367115
asymmetric_binary,finite_time,ML,HL,0.21035218812126566,0.06439232307755938
asymmetric_binary,finite_time,ML,HL,0.24214595525113236,0.07719021333359159
asymmetric_binary,finite_time,ML,HL,0.27874520426039606,0.0844186980834615
asymmetric_binary,finite_time,ML,HL,0.32087626166452965,0.08319055485156755
asymmetric_binary,finite_time,ML,HL,0.36937523489595164,0.0759533763487504
asymmetric_binary,finite_time,ML,HL,0.42520460518541836,0.06800529291753127
asymmetric_binary,finite_time,ML,HL,0.48947232838123617,0.06134637500779395
asymmetric_binary,finite_time,ML,HL,0.5634538227695682,0.05507569853018026
asymmetric_binary,finite_time,ML,HL,0.6486172802527936,0.048320205363851745
asymmetric_binary,finite_time,ML,HL,0.7466528031962326,0.040754073117786234
asymmetric_binary,finite_time,ML,HL,0.8595059451754261,0.033125387222047324
asymmetric_binary,finite_time,ML,HL,0.9894163212533295,0.02641901559465688
asymmetric_binary,finite_time,ML,HL,1.138962054023569,0.020518487672405605
asymmetric_binary,finite_time,ML,HL,1.3111109374690053,0.015067267640401949
asymmetric_binary,finite_time,ML,HL,1.5092793340025346,0.010104267515223671
asymmetric_binary,finite_time,ML,HL,1.7373999735251147,0.005900441134995532
asymmetric_binary,finite_time,ML,HL,2.0,0.002796062615412231
asymmetric_binary,finite_time,ML,HL,2.3022908144082455,0.0009899752930192223
asymmetric_binary,finite_time,ML,HL,2.6502714970542867,0.00024298833509132564
asymmetric_binary,finite_time,ML,HL,3.0508478616780366,3.905447784811766e-05
asymmetric_binary,finite_time,ML,HL,3.5119695040491905,3.976938014736417e-06
asymmetric_binary,finite_time,ML,HL,4.042787564827166,2.547142288137283e-07
asymmetric_binary,finite_time,ML,HL,4.653836337552724,1.0385097206725248e-08
asymmetric_binary,finite_time,ML,HL,5.3572423258534725,2.798217669761424e-10
asymmetric_binary,finite_time,HL,LL,0.00032430864012639686,4.570378209927118e-23
asymmetric_binary,finite_time,HL,LL,0.00037332640159811636,1.154926139369121e-22
asymmetric_binary,finite_time,HL,LL,0.00042975297258771353,3.8659377925932796e-22
asymmetric_binary,finite_time,HL,LL,0.0004947081606266652,1.9594658995384984e-20
asymmetric_binary,finite_time,HL,LL,0.0005694810270117846,2.603981997036022e-19
asymmetric_binary,finite_time,HL,LL,0.0006555554687345028,9.819557949615037e-19
asymmetric_binary,finite_time,HL,LL,0.000754639667001268,1.7255226417435491e-18
asymmetric_binary,finite_time,HL,LL,0.0008686999867625583,2.5594141503937895e-18
asymmetric_binary,finite_time,HL,LL,0.0010000000000000002,4.0780789791727575e-17
asymmetric_binary,finite_time,HL,LL,0.001151145407204123,1.1559953052892162e-15
asymmetric_binary,finite_time,HL,LL,0.0013251357485271446,7.35679114845053e-15
asymmetric_binary,finite_time,HL,LL,0.0015254239308390184,1.7207686906060888e-14
asymmetric_binary,finite_time,HL,LL,0.0017559847520245955,2.4988857810156155e-14
asymmetric_binary,finite_time,HL,LL,0.0020213937824135834,6.532671075115647e-14
asymmetric_binary,finite_time,HL,LL,0.0023269181687763643,2.6707784533703244e-12
asymmetric_binary,finite_time,HL,LL,0.0026786211629267367,3.225695044850282e-11
asymmetric_binary,finite_time,HL,LL,0.003083482449342879,1.1239975578077121e-10
asymmetric_binary,finite_time,HL,LL,0.003549536659755571,1.8745519721981343e-10
asymmetric_binary,finite_time,HL,LL,0.0040860328235802846,2.6575117607280693e-10
asymmetric_binary,finite_time,HL,LL,0.004703617918549738,2.7562540823867517e-09
asymmetric_binary,finite_time,HL,LL,0.005414548164181547,6.709830512434299e-08
asymmetric_binary,finite_time,HL,LL,0.006232932251283096,3.8734565448648347e-07
asymmetric_binary,finite_time,HL,LL,0.007175011334478982,8.370588367857257e-07
asymmetric_binary,finite_time,HL,LL,0.008259481344323003,1.1506892351140213e-06
asymmetric_binary,finite_time,HL,LL,0.009507864015405551,2.1041050825903243e-06
asymmetric_binary,finite_time,HL,LL,0.010944933993655438,4.417581599985014e-05
asymmetric_binary,finite_time,HL,LL,0.012599210498948734,0.0004595485230275675
asymmetric_binary,finite_time,HL,LL,0.014503523300262798,0.0014245992049432032
asymmetric_binary,finite_time,HL,LL,0.016695664235375485,0.002149225783224626
asymmetric_binary,finite_time,HL,LL,0.019219137204774604,0.002663253168620136
asymmetric_binary,finite_time,HL,LL,0.022124021523702166,0.003452114796991373
asymmetric_binary,finite_time,HL,LL,0.025467965765894884,0.004397044224079407
asymmetric_binary,finite_time,HL,LL,0.02931733182224172,0.005289417491132494
asymmetric_binary,finite_time,HL,LL,0.033748511878652805,0.00607587331933831
asymmetric_binary,finite_time,HL,LL,0.038849444449084954,0.006723744840546267
asymmetric_binary,finite_time,HL,LL,0.0447213595499958,0.0072073094335056796
asymmetric_binary,finite_time,HL,LL,0.051480787649901855,0.007534647900768656
asymmetric_binary,finite_time,HL,LL,0.05926187226243524,0.007704687749013754
asymmetric_binary,finite_time,HL,LL,0.06821903207721966,0.007798168527235686
asymmetric_binary,finite_time,HL,LL,0.07853002545960214,0.008062751419262817
asymmetric_binary,finite_time,HL,LL,0.09039947813544373,0.008945643262601064
asymmetric_binary,finite_time,HL,LL,0.10406294406926557,0.011332067044197954
asymmetric_binary,finite_time,HL,LL,0.11979158012547445,0.016448815225032998
asymmetric_binary,finite_time,HL,LL,0.13789752728316457,0.025164069303885105
asymmetric_binary,finite_time,HL,LL,0.15874010519681997,0.03658456368490955
asymmetric_binary,finite_time,HL,LL,0.18273294303641843,0.049037400311668033
asymmetric_binary,finite_time,HL,LL,0.21035218812126566,0.06249891613323875
asymmetric_binary,finite_time,HL,LL,0.24214595525113236,0.07548468553839047
asymmetric_binary,finite_time,HL,LL,0.27874520426039606,0.08348826313942138
asymmetric_binary,finite_time,HL,LL,0.32087626166452965,0.08371013689695272
asymmetric_binary,finite_time,HL,LL,0.36937523489595164,0.07745568738775295
asymmetric_binary,finite_time,HL,LL,0.42520460518541836,0.06958185765073827
asymmetric_binary,finite_time,HL,LL,0.48947232838123617,0.06268536656004337
asymmetric_binary,finite_time,HL,LL,0.5634538227695682,0.05624661305782331
asymmetric_binary,finite_time,HL,LL,0.6486172802527936,0.0494203433520847
asymmetric_binary,finite_time,HL,LL,0.7466528031962326,0.04179679861033218
asymmetric_binary,finite_time,HL,LL,0.8595059451754261,0.034050987738383734
asymmetric_binary,finite_time,HL,LL,0.9894163212533295,0.027212603749354188
asymmetric_binary,finite_time,HL,LL,1.138962054023569,0.021192642349787953
asymmetric_binary,finite_time,HL,LL,1.3111109374690053,0.015619071554496612
asymmetric_binary,finite_time,HL,LL,1.5092793340025346,0.010526115194268383
asymmetric_binary,finite_time,HL,LL,1.7373999735251147,0.006190685806430021
asymmetric_binary,finite_time,HL,LL,2.0,0.0029624782116610725
asymmetric_binary,finite_time,HL,LL,2.3022908144082455,0.0010614601575577986
asymmetric_binary,finite_time,HL,LL,2.6502714970542867,0.0002639227665287709
asymmetric_binary,finite_time,HL,LL,3.0508478616780366,4.2967301568047054e-05
asymmetric_binary,finite_time,HL,LL,3.5119695040491905,4.427525958308461e-06
asymmetric_binary,finite_time,HL,LL,4.042787564827166,2.8652786187992295e-07
asymmetric_binary,finite_time,HL,LL,4.653836337552724,1.1785418293785257e-08
asymmetric_binary,finite_time,HL,LL,5.3572423258534725,3.199440365258871e-10
asymmetric_binary,finite_time,HL,ML,0.00032430864012639686,3.1303153865653778e-22
asymmetric_binary,finite_time,HL,ML,0.00037332640159811636,7.42209420313175e-22
asymmetric_binary,finite_time,HL,ML,0.00042975297258771353,2.0091620072510276e-21
asymmetric_binary,finite_time,HL,ML,0.0004947081606266652,8.454791693704145e-20
asymmetric_binary,finite_time,HL,ML,0.0005694810270117846,1.119588111320772e-18
asymmetric_binary,finite_time,HL,ML,0.0006555554687345028,4.231062468291989e-18
asymmetric_binary,finite_time,HL,ML,0.000754639667001268,7.449632911156316e-18
asymmetric_binary,finite_time,HL,ML,0.0008686999867625583,1.08106583201571e-17
asymmetric_binary,finite_time,HL,ML,0.0010000000000000002,1.2630878357449425e-16
asymmetric_binary,finite_time,HL,ML,0.001151145407204123,3.4598801527746314e-15
asymmetric_binary,finite_time,HL,ML,0.0013251357485271446,2.2032122987085178e-14
asymmetric_binary,finite_time,HL,ML,0.0015254239308390184,5.165245746615121e-14
asymmetric_binary,finite_time,HL,ML,0.0017559847520245955,7.493343910900227e-14
asymmetric_binary,finite_time,HL,ML,0.0020213937824135834,1.679197454582411e-13
asymmetric_binary,finite_time,HL,ML,0.0023269181687763643,5.592898583357474e-12
asymmetric_binary,finite_time,HL,ML,0.0026786211629267367,6.713932425912083e-11
asymmetric_binary,finite_time,HL,ML,0.003083482449342879,2.342961396371577e-10
asymmetric_binary,finite_time,HL,ML,0.003549536659755571,3.9145277679292994e-10
asymmetric_binary,finite_time,HL,ML,0.0040860328235802846,5.473632421836861e-10
asymmetric_binary,finite_time,HL,ML,0.004703617918549738,4.213252361807548e-09
asymmetric_binary,finite_time,HL,ML,0.005414548164181547,9.719427647176831e-08
asymmetric_binary,finite_time,HL,ML,0.006232932251283096,5.601839081801497e-07
asymmetric_binary,finite_time,HL,ML,0.007175011334478982,1.2118873610300944e-06
asymmetric_binary,finite_time,HL,ML,0.008259481344323003,1.6657973388440049e-06
asymmetric_binary,finite_time,HL,ML,0.009507864015405551,2.801309946529139e-06
asymmetric_binary,finite_time,HL,ML,0.010944933993655438,4.522144773856067e-05
asymmetric_binary,finite_time,HL,ML,0.012599210498948734,0.0004611544164314625
asymmetric_binary,finite_time,HL,ML,0.014503523300262798,0.0014264631461738777
asymmetric_binary,finite_time,HL,ML,0.016695664235375485,0.0021512145584881947
asymmetric_binary,finite_time,HL,ML,0.019219137204774604,0.002665769617183186
asymmetric_binary,finite_time,HL,ML,0.022124021523702166,0.0034552375581931105
asymmetric_binary,finite_time,HL,ML,0.025467965765894884,0.004400742947348402
asymmetric_binary,finite_time,HL,ML,0.02931733182224172,0.005293856444942127
asymmetric_binary,finite_time,HL,ML,0.033748511878652805,0.006081528632697236
asymmetric_binary,finite_time,HL,ML,0.038849444449084954,0.0067318085252384445
asymmetric_binary,finite_time,HL,ML,0.0447213595499958,0.0072211856280160955
asymmetric_binary,finite_time,HL,ML,0.051480787649901855,0.0075643461848087235
asymmetric_binary,finite_time,HL,ML,0.05926187226243524,0.00777885297741524
asymmetric_binary,finite_time,HL,ML,0.06821903207721966,0.007988666604958035
asymmetric_binary,finite_time,HL,ML,0.07853002545960214,0.008524129509647815
asymmetric_binary,finite_time,HL,ML,0.09039947813544373,0.010018523043709688
asymmetric_binary,finite_time,HL,ML,0.10406294406926557,0.013761672544834689
asymmetric_binary,finite_time,HL,ML,0.11979158012547445,0.02143416026262115
asymmetric_binary,finite_time,HL,ML,0.13789752728316457,0.03354172006834038
asymmetric_binary,finite_time,HL,ML,0.15874010519681997,0.04761563609062821
asymmetric_binary,finite_time,HL,ML,0.18273294303641843,0.0613438397166605
asymmetric_binary,finite_time,HL,ML,0.21035218812126566,0.07550290335344655
asymmetric_binary,finite_time,HL,ML,0.24214595525113236,0.08826926705131481
asymmetric_binary,finite_time,HL,ML,0.27874520426039606,0.09270688831312704
asymmetric_binary,finite_time,HL,ML,0.32087626166452965,0.08544759963248609
asymmetric_binary,finite_time,HL,ML,0.36937523489595164,0.07277886641141683
asymmetric_binary,finite_time,HL,ML,0.42520460518541836,0.06201940587191059
asymmetric_binary,finite_time,HL,ML,0.48947232838123617,0.05413267795091957
asymmetric_binary,finite_time,HL,ML,0.5634538227695682,0.04736047009761017
asymmetric_binary,finite_time,HL,ML,0.6486172802527936,0.04050247098164489
asymmetric_binary,finite_time,HL,ML,0.7466528031962326,0.033323082101865874
asymmetric_binary,finite_time,HL,ML,0.8595059451754261,0.026608995698382445
asymmetric_binary,finite_time,HL,ML,0.9894163212533295,0.020880873347043374
asymmetric_binary,finite_time,HL,ML,1.138962054023569,0.015867864978937895
asymmetric_binary,finite_time,HL,ML,1.3111109374690053,0.011315289489214442
asymmetric_binary,finite_time,HL,ML,1.5092793340025346,0.007285788627073173
asymmetric_binary,finite_time,HL,ML,1.7373999735251147,0.004013259359082783
asymmetric_binary,finite_time,HL,ML,2.0,0.001758562104543016
asymmetric_binary,finite_time,HL,ML,2.3022908144082455,0.0005673788253283922
asymmetric_binary,finite_time,HL,ML,2.6502714970542867,0.00012609057891166636
asymmetric_binary,finite_time,HL,ML,3.0508478616780366,1.837767436394142e-05
asymmetric_binary,finite_time,HL,ML,3.5119695040491905,1.7105587041801905e-06
asymmetric_binary,finite_time,HL,ML,4.042787564827166,1.0127407231189719e-07
asymmetric_binary,finite_time,HL,ML,4.653836337552724,3.8619769308913745e-09
asymmetric_binary,finite_time,HL,ML,5.3572423258534725,9.830006833538024e-11
asymmetric_binary,finite_time,HL,HL,0.00032430864012639686,2.383687163114512e-21
asymmetric_binary,finite_time,HL,HL,0.00037332640159811636,5.359984344219137e-21
asymmetric_binary,finite_time,HL,HL,0.00042975297258771353,1.2153292294078854e-20
asymmetric_binary,finite_time,HL,HL,0.0004947081606266652,4.05423004611631e-19
asymmetric_binary,finite_time,HL,HL,0.0005694810270117846,5.331098068192048e-18
asymmetric_binary,finite_time,HL,HL,0.0006555554687345028,2.018238537270872e-17
asymmetric_binary,finite_time,HL,HL,0.000754639667001268,3.560449129231992e-17
asymmetric_binary,finite_time,HL,HL,0.0008686999867625583,5.085698310798712e-17
asymmetric_binary,finite_time,HL,HL,0.0010000000000000002,4.304989283389743e-16
asymmetric_binary,finite_time,HL,HL,0.001151145407204123,1.1190945490818269e-14
asymmetric_binary,finite_time,HL,HL,0.0013251357485271446,7.121435578253179e-14
asymmetric_binary,finite_time,HL,HL,0.0015254239308390184,1.6728793880763387e-13
asymmetric_binary,finite_time,HL,HL,0.0017559847520245955,2.4263078936125563e-13
asymmetric_binary,finite_time,HL,HL,0.0020213937824135834,4.776757055725679e-13
asymmetric_binary,finite_time,HL,HL,0.0023269181687763643,1.2387784277742293e-11
asymmetric_binary,finite_time,HL,HL,0.0026786211629267367,1.4710292421935144e-10
asymmetric_binary,finite_time,HL,HL,0.003083482449342879,5.137406296113918e-10
asymmetric_binary,finite_time,HL,HL,0.003549536659755571,8.597464361100032e-10
asymmetric_binary,finite_time,HL,HL,0.0040860328235802846,1.1904587500900753e-09
asymmetric_binary,finite_time,HL,HL,0.004703617918549738,6.789206563075889e-09
asymmetric_binary,finite_time,HL,HL,0.005414548164181547,1.447323220806713e-07
asymmetric_binary,finite_time,HL,HL,0.006232932251283096,8.311826066251407e-07
asymmetric_binary,finite_time,HL,HL,0.007175011334478982,1.7992734649723843e-06
asymmetric_binary,finite_time,HL,HL,0.008259481344323003,2.4735467215416146e-06
asymmetric_binary,finite_time,HL,HL,0.009507864015405551,3.895422481245309e-06
asymmetric_binary,finite_time,HL,HL,0.010944933993655438,4.686315145837751e-05
asymmetric_binary,finite_time,HL,HL,0.012599210498948734,0.0004636767699192595
asymmetric_binary,finite_time,HL,HL,0.014503523300262798,0.0014293965263341467
asymmetric_binary,finite_time,HL,HL,0.016695664235375485,0.002154353316946766
asymmetric_binary,finite_time,HL,HL,0.019219137204774604,0.0026697497043906616
asymmetric_binary,finite_time,HL,HL,0.022124021523702166,0.003460195102690635
asymmetric_binary,finite_time,HL,HL,0.025467965765894884,0.004406663133524431
asymmetric_binary,finite_time,HL,HL,0.02931733182224172,0.005301094677913537
asymmetric_binary,finite_time,HL,HL,0.033748511878652805,0.006091113933045446
asymmetric_binary,finite_time,HL,HL,0.038849444449084954,0.006746427488390867
asymmetric_binary,finite_time,HL,HL,0.0447213595499958,0.007248807110213107
asymmetric_binary,finite_time,HL,HL,0.051480787649901855,0.00762912839340443
asymmetric_binary,finite_time,HL,HL,0.05926187226243524,0.007948236552815721
asymmetric_binary,finite_time,HL,HL,0.06821903207721966,0.008416123715297026
asymmetric_binary,finite_time,HL,HL,0.07853002545960214,0.009511717139825567
asymmetric_binary,finite_time,HL,HL,0.09039947813544373,0.012221642236549321
asymmetric_binary,finite_time,HL,HL,0.10406294406926557,0.018600852130210406
asymmetric_binary,finite_time,HL,HL,0.11979158012547445,0.03093577550746929
asymmetric_binary,finite_time,HL,HL,0.13789752728316457,0.048078668431675894
asymmetric_binary,finite_time,HL,HL,0.15874010519681997,0.0646492457592642
asymmetric_binary,finite_time,HL,HL,0.18273294303641843,0.07888925565522381
asymmetric_binary,finite_time,HL,HL,0.21035218812126566,0.09346732634285541
asymmetric_binary,finite_time,HL,HL,0.24214595525113236,0.10492839957989963
asymmetric_binary,finite_time,HL,HL,0.27874520426039606,0.10082158972910053
asymmetric_binary,finite_time,HL,HL,0.32087626166452965,0.08077341801905899
asymmetric_binary,finite_time,HL,HL,0.36937523489595164,0.06134446135125544
asymmetric_binary,finite_time,HL,HL,0.42520460518541836,0.049219098600283714
asymmetric_binary,finite_time,HL,HL,0.48947232838123617,0.04143006528906598
asymmetric_binary,finite_time,HL,HL,0.5634538227695682,0.034990978824400276
asymmetric_binary,finite_time,HL,HL,0.6486172802527936,0.028737012888861612
asymmetric_binary,finite_time,HL,HL,0.7466528031962326,0.022808187457564535
asymmetric_binary,finite_time,HL,HL,0.8595059451754261,0.017733157593418068
asymmetric_binary,finite_time,HL,HL,0.9894163212533295,0.013512499098748609
asymmetric_binary,finite_time,HL,HL,1.138962054023569,0.009853530431736462
asymmetric_binary,finite_time,HL,HL,1.3111109374690053,0.006631785705889193
asymmetric_binary,finite_time,HL,HL,1.5092793340025346,0.003932239810758976
asymmetric_binary,finite_time,HL,HL,1.7373999735251147,0.0019317554741798526
asymmetric_binary,finite_time,HL,HL,2.0,0.0007327563985284473
asymmetric_binary,finite_time,HL,HL,2.3022908144082455,0.00020084327453521504
asymmetric_binary,finite_time,HL,HL,2.6502714970542867,3.7693250761404784e-05
asymmetric_binary,finite_time,HL,HL,3.0508478616780366,4.6663356839334494e-06
asymmetric_binary,finite_time,HL,HL,3.5119695040491905,3.743001666701258e-07
asymmetric_binary,finite_time,HL,HL,4.042787564827166,1.9456275567863882e-08
asymmetric_binary,finite_time,HL,HL,4.653836337552724,6.638380414324289e-10
asymmetric_binary,finite_time,HL,HL,5.3572423258534725,1.536013601209895e-11
broad_binary,size_only,LL,LL,0.00032430864012639686,1.401658445913918e-29
broad_binary,size_only,LL,LL,0.00037332640159811636,3.085609096931522e-28
broad_binary,size_only,LL,LL,0.00042975297258771353,3.0946034641176763e-27
broad_binary,size_only,LL,LL,0.0004947081606266652,2.3530228123826247e-26
broad_binary,size_only,LL,LL,0.0005694810270117846,2.500727857619257e-25
broad_binary,size_only,LL,LL,0.0006555554687345028,4.074668631140316e-24
broad_binary,size_only,LL,LL,0.000754639667001268,4.9693950861751435e-23
broad_binary,size_only,LL,LL,0.0008686999867625583,4.1170973477678433e-22
broad_binary,size_only,LL,LL,0.0010000000000000002,2.682673911128454e-21
broad_binary,size_only,LL,LL,0.001151145407204123,2.5844958560829277e-20
broad_binary,size_only,LL,LL,0.0013251357485271446,4.561164355083006e-19
broad_binary,size_only,LL,LL,0.0015254239308390184,5.443762383637758e-18
broad_binary,size_only,LL,LL,0.0017559847520245955,4.042759516734949e-17
broad_binary,size_only,LL,LL,0.0020213937824135834,2.2498524279649796e-16
broad_binary,size_only,LL,LL,0.0023269181687763643,1.8804278017795752e-15
broad_binary,size_only,LL,LL,0.0026786211629267367,3.74885027490867e-14
broad_binary,size_only,LL,LL,0.003083482449342879,4.337230315923478e-13
broad_binary,size_only,LL,LL,0.003549536659755571,2.7475171653534766e-12
broad_binary,size_only,LL,LL,0.0040860328235802846,1.2393676154062597e-11
broad_binary,size_only,LL,LL,0.004703617918549738,8.147459316170083e-11
broad_binary,size_only,LL,LL,0.005414548164181547,1.9418882976733015e-09
broad_binary,size_only,LL,LL,0.006232932251283096,2.1493998385375797e-08
broad_binary,size_only,LL,LL,0.007175011334478982,1.0583402089398292e-07
broad_binary,size_only,LL,LL,0.008259481344323003,3.436344616569802e-07
broad_binary,size_only,LL,LL,0.009507864015405551,1.4660468034201598e-06
broad_binary,size_only,LL,LL,0.010944933993655438,4.396995301122914e-05
broad_binary,size_only,LL,LL,0.012599210498948734,0.0004592712132812537
broad_binary,size_only,LL,LL,0.014503523300262798,0.00142361554760915
broad_binary,size_only,LL,LL,0.016695664235375485,0.002148290281663454
broad_binary,size_only,LL,LL,0.019219137204774604,0.0026626197217400945
broad_binary,size_only,LL,LL,0.022124021523702166,0.0034514566782872375
broad_binary,size_only,LL,LL,0.025467965765894884,0.004396185925158576
broad_binary,size_only,LL,LL,0.02931733182224172,0.005288256682697779
broad_binary,size_only,LL,LL,0.033748511878652805,0.006073991221490167
broad_binary,size_only,LL,LL,0.038849444449084954,0.006720027794094735
broad_binary,size_only,LL,LL,0.0447213595499958,0.007198531864768768
broad_binary,size_only,LL,LL,0.051480787649901855,0.0075115584249432895
broad_binary,size_only,LL,LL,0.05926187226243524,0.007641742375736949
broad_binary,size_only,LL,LL,0.06821903207721966,0.0076290202118999935
broad_binary,size_only,LL,LL,0.07853002545960214,0.007634709140817233
broad_binary,size_only,LL,LL,0.09039947813544373,0.00791370071991859
broad_binary,size_only,LL,LL,0.10406294406926557,0.008961348477981327
broad_binary,size_only,LL,LL,0.11979158012547445,0.011620045350536843
broad_binary,size_only,LL,LL,0.13789752728316457,0.017183146974932884
broad_binary,size_only,LL,LL,0.15874010519681997,0.027409221675816012
broad_binary,size_only,LL,LL,0.18273294303641843,0.044510390107189345
broad_binary,size_only,LL,LL,0.21035218812126566,0.06863297679452926
broad_binary,size_only,LL,LL,0.24214595525113236,0.09133033727755352
broad_binary,size_only,LL,LL,0.27874520426039606,0.09957934235533948
broad_binary,size_only,LL,LL,0.32087626166452965,0.09311849432137975
broad_binary,size_only,LL,LL,0.36937523489595164,0.08162729511976621
broad_binary,size_only,LL,LL,0.42520460518541836,0.07124565370685264
broad_binary,size_only,LL,LL,0.48947232838123617,0.0627592737282207
broad_binary,size_only,LL,LL,0.5634538227695682,0.055055604923414526
broad_binary,size_only,LL,LL,0.6486172802527936,0.047313771154880384
broad_binary,size_only,LL,LL,0.7466528031962326,0.03942603043492892
broad_binary,size_only,LL,LL,0.8595059451754261,0.0316590273106658
broad_binary,size_only,LL,LL,0.9894163212533295,0.024461920844035614
broad_binary,size_only,LL,LL,1.138962054023569,0.018046537524812147
broad_binary,size_only,LL,LL,1.3111109374690053,0.01246332197408431
broad_binary,size_only,LL,LL,1.5092793340025346,0.007864789048615742
broad_binary,size_only,LL,LL,1.7373999735251147,0.0044005186199895475
broad_binary,size_only,LL,LL,2.0,0.0020859862362567114
broad_binary,size_only,LL,LL,2.3022908144082455,0.0007841052088937619
broad_binary,size_only,LL,LL,2.6502714970542867,0.0002161429032602194
broad_binary,size_only,LL,LL,3.0508478616780366,4.0551553412332574e-05
broad_binary,size_only,LL,LL,3.5119695040491905,4.892196744857939e-06
broad_binary,size_only,LL,LL,4.042787564827166,3.6935525499954897e-07
broad_binary,size_only,LL,LL,4.653836337552724,1.747793405931011e-08
broad_binary,size_only,LL,LL,5.3572423258534725,5.373377832710828e-10
broad_binary,size_only,LL,ML,0.00032430864012639686,1.401658445913918e-29
broad_binary,size_only,LL,ML,0.00037332640159811636,3.085609096931522e-28
broad_binary,size_only,LL,ML,0.00042975297258771353,3.0946034641176763e-27
broad_binary,size_only,LL,ML,0.0004947081606266652,2.3530228123826247e-26
broad_binary,size_only,LL,ML,0.0005694810270117846,2.500727857619257e-25
broad_binary,size_only,LL,ML,0.0006555554687345028,4.074668631140316e-24
broad_binary,size_only,LL,ML,0.000754639667001268,4.9693950861751435e-23
broad_binary,size_only,LL,ML,0.0008686999867625583,4.1170973477678433e-22
broad_binary,size_only,LL,ML,0.0010000000000000002,2.682673911128454e-21
broad_binary,size_only,LL,ML,0.001151145407204123,2.5844958560829277e-20
broad_binary,size_only,LL,ML,0.0013251357485271446,4.561164355083006e-19
broad_binary,size_only,LL,ML,0.0015254239308390184,5.443762383637758e-18
broad_binary,size_only,LL,ML,0.0017559847520245955,4.042759516734949e-17
broad_binary,size_only,LL,ML,0.0020213937824135834,2.2498524279649796e-16
broad_binary,size_only,LL,ML,0.0023269181687763643,1.8804278017795752e-15
broad_binary,size_only,LL,ML,0.0026786211629267367,3.74885027490867e-14
broad_binary,size_only,LL,ML,0.003083482449342879,4.337230315923478e-13
broad_binary,size_only,LL,ML,0.003549536659755571,2.7475171653534766e-12
broad_binary,size_only,LL,ML,0.0040860328235802846,1.2393676154062597e-11
broad_binary,size_only,LL,ML,0.004703617918549738,8.147459316170083e-11
broad_binary,size_only,LL,ML,0.005414548164181547,1.9418882976733015e-09
broad_binary,size_only,LL,ML,0.006232932251283096,2.1493998385375797e-08
broad_binary,size_only,LL,ML,0.007175011334478982,1.0583402089398292e-07
broad_binary,size_only,LL,ML,0.008259481344323003,3.436344616569802e-07
broad_binary,size_only,LL,ML,0.009507864015405551,1.4660468034201598e-06
broad_binary,size_only,LL,ML,0.010944933993655438,4.396995301122914e-05
broad_binary,size_only,LL,ML,0.012599210498948734,0.0004592712132812537
broad_binary,size_only,LL,ML,0.014503523300262798,0.00142361554760915
broad_binary,size_only,LL,ML,0.016695664235375485,0.002148290281663454
broad_binary,size_only,LL,ML,0.019219137204774604,0.0026626197217400945
broad_binary,size_only,LL,ML,0.022124021523702166,0.0034514566782872375
broad_binary,size_only,LL,ML,0.025467965765894884,0.004396185925158576
broad_binary,size_only,LL,ML,0.02931733182224172,0.005288256682697779
broad_binary,size_only,LL,ML,0.033748511878652805,0.006073991221490167
broad_binary,size_only,LL,ML,0.038849444449084954,0.006720027794094735
broad_binary,size_only,LL,ML,0.0447213595499958,0.007198531864768768
broad_binary,size_only,LL,ML,0.051480787649901855,0.0075115584249432895
broad_binary,size_only,LL,ML,0.05926187226243524,0.007641742375736949
broad_binary,size_only,LL,ML,0.06821903207721966,0.0076290202118999935
broad_binary,size_only,LL,ML,0.07853002545960214,0.007634709140817233
broad_binary,size_only,LL,ML,0.09039947813544373,0.00791370071991859
broad_binary,size_only,LL,ML,0.10406294406926557,0.008961348477981327
broad_binary,size_only,LL,ML,0.11979158012547445,0.011620045350536843
broad_binary,size_only,LL,ML,0.13789752728316457,0.017183146974932884
broad_binary,size_only,LL,ML,0.15874010519681997,0.027409221675816012
broad_binary,size_only,LL,ML,0.18273294303641843,0.044510390107189345
broad_binary,size_only,LL,ML,0.21035218812126566,0.06863297679452926
broad_binary,size_only,LL,ML,0.24214595525113236,0.09133033727755352
broad_binary,size_only,LL,ML,0.27874520426039606,0.09957934235533948
broad_binary,size_only,LL,ML,0.32087626166452965,0.09311849432137975
broad_binary,size_only,LL,ML,0.36937523489595164,0.08162729511976621
broad_binary,size_only,LL,ML,0.42520460518541836,0.07124565370685264
broad_binary,size_only,LL,ML,0.48947232838123617,0.0627592737282207
broad_binary,size_only,LL,ML,0.5634538227695682,0.055055604923414526
broad_binary,size_only,LL,ML,0.6486172802527936,0.047313771154880384
broad_binary,size_only,LL,ML,0.7466528031962326,0.03942603043492892
broad_binary,size_only,LL,ML,0.8595059451754261,0.0316590273106658
broad_binary,size_only,LL,ML,0.9894163212533295,0.024461920844035614
broad_binary,size_only,LL,ML,1.138962054023569,0.018046537524812147
broad_binary,size_only,LL,ML,1.3111109374690053,0.01246332197408431
broad_binary,size_only,LL,ML,1.5092793340025346,0.007864789048615742
broad_binary,size_only,LL,ML,1.7373999735251147,0.0044005186199895475
broad_binary,size_only,LL,ML,2.0,0.0020859862362567114
broad_binary,size_only,LL,ML,2.3022908144082455,0.0007841052088937619
broad_binary,size_only,LL,ML,2.6502714970542867,0.0002161429032602194
broad_binary,size_only,LL,ML,3.0508478616780366,4.0551553412332574e-05
broad_binary,size_only,LL,ML,3.5119695040491905,4.892196744857939e-06
broad_binary,size_only,LL,ML,4.042787564827166,3.6935525499954897e-07
broad_binary,size_only,LL,ML,4.653836337552724,1.747793405931011e-08
broad_binary,size_only,LL,ML,5.3572423258534725,5.373377832710828e-10
broad_binary,size_only,LL,HL,0.00032430864012639686,1.401658445913918e-29
broad_binary,size_only,LL,HL,0.00037332640159811636,3.085609096931522e-28
broad_binary,size_only,LL,HL,0.00042975297258771353,3.0946034641176763e-27
broad_binary,size_only,LL,HL,0.0004947081606266652,2.3530228123826247e-26
broad_binary,size_only,LL,HL,0.0005694810270117846,2.500727857619257e-25
broad_binary,size_only,LL,HL,0.0006555554687345028,4.074668631140316e-24
broad_binary,size_only,LL,HL,0.000754639667001268,4.9693950861751435e-23
broad_binary,size_only,LL,HL,0.0008686999867625583,4.1170973477678433e-22
broad_binary,size_only,LL,HL,0.0010000000000000002,2.682673911128454e-21
broad_binary,size_only,LL,HL,0.001151145407204123,2.5844958560829277e-20
broad_binary,size_only,LL,HL,0.0013251357485271446,4.561164355083006e-19
broad_binary,size_only,LL,HL,0.0015254239308390184,5.443762383637758e-18
broad_binary,size_only,LL,HL,0.0017559847520245955,4.042759516734949e-17
broad_binary,size_only,LL,HL,0.0020213937824135834,2.2498524279649796e-16
broad_binary,size_only,LL,HL,0.0023269181687763643,1.8804278017795752e-15
broad_binary,size_only,LL,HL,0.0026786211629267367,3.74885027490867e-14
broad_binary,size_only,LL,HL,0.003083482449342879,4.337230315923478e-13
broad_binary,size_only,LL,HL,0.003549536659755571,2.7475171653534766e-12
broad_binary,size_only,LL,HL,0.0040860328235802846,1.2393676154062597e-11
broad_binary,size_only,LL,HL,0.004703617918549738,8.147459316170083e-11
broad_binary,size_only,LL,HL,0.005414548164181547,1.9418882976733015e-09
broad_binary,size_only,LL,HL,0.006232932251283096,2.1493998385375797e-08
broad_binary,size_only,LL,HL,0.007175011334478982,1.0583402089398292e-07
broad_binary,size_only,LL,HL,0.008259481344323003,3.436344616569802e-07
broad_binary,size_only,LL,HL,0.009507864015405551,1.4660468034201598e-06
broad_binary,size_only,LL,HL,0.010944933993655438,4.396995301122914e-05
broad_binary,size_only,LL,HL,0.012599210498948734,0.0004592712132812537
broad_binary,size_only,LL,HL,0.014503523300262798,0.00142361554760915
broad_binary,size_only,LL,HL,0.016695664235375485,0.002148290281663454
broad_binary,size_only,LL,HL,0.019219137204774604,0.0026626197217400945
broad_binary,size_only,LL,HL,0.022124021523702166,0.0034514566782872375
broad_binary,size_only,LL,HL,0.025467965765894884,0.004396185925158576
broad_binary,size_only,LL,HL,0.02931733182224172,0.005288256682697779
broad_binary,size_only,LL,HL,0.033748511878652805,0.006073991221490167
broad_binary,size_only,LL,HL,0.038849444449084954,0.006720027794094735
broad_binary,size_only,LL,HL,0.0447213595499958,0.007198531864768768
broad_binary,size_only,LL,HL,0.051480787649901855,0.0075115584249432895
broad_binary,size_only,LL,HL,0.05926187226243524,0.007641742375736949
broad_binary,size_only,LL,HL,0.06821903207721966,0.0076290202118999935
broad_binary,size_only,LL,HL,0.07853002545960214,0.007634709140817233
broad_binary,size_only,LL,HL,0.09039947813544373,0.00791370071991859
broad_binary,size_only,LL,HL,0.10406294406926557,0.008961348477981327
broad_binary,size_only,LL,HL,0.11979158012547445,0.011620045350536843
broad_binary,size_only,LL,HL,0.13789752728316457,0.017183146974932884
broad_binary,size_only,LL,HL,0.15874010519681997,0.027409221675816012
broad_binary,size_only,LL,HL,0.18273294303641843,0.044510390107189345
broad_binary,size_only,LL,HL,0.21035218812126566,0.06863297679452926
broad_binary,size_only,LL,HL,0.24214595525113236,0.09133033727755352
broad_binary,size_only,LL,HL,0.27874520426039606,0.09957934235533948
broad_binary,size_only,LL,HL,0.32087626166452965,0.09311849432137975
broad_binary,size_only,LL,HL,0.36937523489595164,0.08162729511976621
broad_binary,size_only,LL,HL,0.42520460518541836,0.07124565370685264
broad_binary,size_only,LL,HL,0.48947232838123617,0.0627592737282207
broad_binary,size_only,LL,HL,0.5634538227695682,0.055055604923414526
broad_binary,size_only,LL,HL,0.6486172802527936,0.047313771154880384
broad_binary,size_only,LL,HL,0.7466528031962326,0.03942603043492892
broad_binary,size_only,LL,HL,0.8595059451754261,0.0316590273106658
broad_binary,size_only,LL,HL,0.9894163212533295,0.024461920844035614
broad_binary,size_only,LL,HL,1.138962054023569,0.018046537524812147
broad_binary,size_only,LL,HL,1.3111109374690053,0.01246332197408431
broad_binary,size_only,LL,HL,1.5092793340025346,0.007864789048615742
broad_binary,size_only,LL,HL,1.7373999735251147,0.0044005186199895475
broad_binary,size_only,LL,HL,2.0,0.0020859862362567114
broad_binary,size_only,LL,HL,2.3022908144082455,0.0007841052088937619
broad_binary,size_only,LL,HL,2.6502714970542867,0.0002161429032602194
broad_binary,size_only,LL,HL,3.0508478616780366,4.0551553412332574e-05
broad_binary,size_only,LL,HL,3.5119695040491905,4.892196744857939e-06
broad_binary,size_only,LL,HL,4.042787564827166,3.6935525499954897e-07
broad_binary,size_only,LL,HL,4.653836337552724,1.747793405931011e-08
broad_binary,size_only,LL,HL,5.3572423258534725,5.373377832710828e-10
broad_binary,size_only,ML,LL,0.00032430864012639686,8.890505587448608e-30
broad_binary,size_only,ML,LL,0.00037332640159811636,1.9636306375046056e-28
broad_binary,size_only,ML,LL,0.00042975297258771353,1.9733910781491072e-27
broad_binary,size_only,ML,LL,0.0004947081606266652,1.5113356612523697e-26
broad_binary,size_only,ML,LL,0.0005694810270117846,1.6712940429773074e-25
broad_binary,size_only,ML,LL,0.0006555554687345028,2.8098508626969984e-24
broad_binary,size_only,ML,LL,0.000754639667001268,3.4564752113666984e-23
broad_binary,size_only,ML,LL,0.0008686999867625583,2.871517340807701e-22
broad_binary,size_only,ML,LL,0.0010000000000000002,1.880975390246804e-21
broad_binary,size_only,ML,LL,0.001151145407204123,1.8892247990691318e-20
broad_binary,size_only,ML,LL,0.0013251357485271446,3.4484217678463447e-19
broad_binary,size_only,ML,LL,0.0015254239308390184,4.1463319564993846e-18
broad_binary,size_only,ML,LL,0.0017559847520245955,3.0855542444974196e-17
broad_binary,size_only,ML,LL,0.0020213937824135834,1.723042397962595e-16
broad_binary,size_only,ML,LL,0.0023269181687763643,1.5023931400127637e-15
broad_binary,size_only,ML,LL,0.0026786211629267367,3.10748331698344e-14
broad_binary,size_only,ML,LL,0.003083482449342879,3.617163846983382e-13
broad_binary,size_only,ML,LL,0.003549536659755571,2.2945868929202145e-12
broad_binary,size_only,ML,LL,0.0040860328235802846,1.0374127760306344e-11
broad_binary,size_only,ML,LL,0.004703617918549738,7.102058975602351e-11
broad_binary,size_only,ML,LL,0.005414548164181547,1.7646527375564232e-09
broad_binary,size_only,ML,LL,0.006232932251283096,1.96246814887087e-08
broad_binary,size_only,ML,LL,0.007175011334478982,9.671074828310485e-08
broad_binary,size_only,ML,LL,0.008259481344323003,3.1453478705472537e-07
broad_binary,size_only,ML,LL,0.009507864015405551,1.3882083269660506e-06
broad_binary,size_only,ML,LL,0.010944933993655438,4.378952215598365e-05
broad_binary,size_only,ML,LL,0.012599210498948734,0.00045899187124438497
broad_binary,size_only,ML,LL,0.014503523300262798,0.0014233515568966837
broad_binary,size_only,ML,LL,0.016695664235375485,0.0021480034843832925
broad_binary,size_only,ML,LL,0.019219137204774604,0.0026622136451352417
broad_binary,size_only,ML,LL,0.022124021523702166,0.0034509486159256518
broad_binary,size_only,ML,LL,0.025467965765894884,0.004395603058946638
broad_binary,size_only,ML,LL,0.02931733182224172,0.005287589680766609
broad_binary,size_only,ML,LL,0.033748511878652805,0.006073219041425452
broad_binary,size_only,ML,LL,0.038849444449084954,0.006719113174895651
broad_binary,size_only,ML,LL,0.0447213595499958,0.007197398336088736
broad_binary,size_only,ML,LL,0.051480787649901855,0.007510044582720605
broad_binary,size_only,ML,LL,0.05926187226243524,0.007639406375008062
broad_binary,size_only,ML,LL,0.06821903207721966,0.0076246182298730595
broad_binary,size_only,ML,LL,0.07853002545960214,0.0076246782321830655
broad_binary,size_only,ML,LL,0.09039947813544373,0.00788732979755663
broad_binary,size_only,ML,LL,0.10406294406926557,0.00888685890241913
broad_binary,size_only,ML,LL,0.11979158012547445,0.011412177191042296
broad_binary,size_only,ML,LL,0.13789752728316457,0.016649320802900474
broad_binary,size_only,ML,LL,0.15874010519681997,0.026188230618658603
broad_binary,size_only,ML,LL,0.18273294303641843,0.042085917844222276
broad_binary,size_only,ML,LL,0.21035218812126566,0.06472637757522624
broad_binary,size_only,ML,LL,0.24214595525113236,0.08676839941478498
broad_binary,size_only,ML,LL,0.27874520426039606,0.09618092440456791
broad_binary,size_only,ML,LL,0.32087626166452965,0.0918692336870256
broad_binary,size_only,ML,LL,0.36937523489595164,0.08206819759679157
broad_binary,size_only,ML,LL,0.42520460518541836,0.07260383743342055
broad_binary,size_only,ML,LL,0.48947232838123617,0.06457387157176309
broad_binary,size_only,ML,LL,0.5634538227695682,0.057094682578819216
broad_binary,size_only,ML,LL,0.6486172802527936,0.049419629164883704
broad_binary,size_only,ML,LL,0.7466528031962326,0.04146975054814595
broad_binary,size_only,ML,LL,0.8595059451754261,0.033530939577310584
broad_binary,size_only,ML,LL,0.9894163212533295,0.026110568438194134
broad_binary,size_only,ML,LL,1.138962054023569,0.019449071715209546
broad_binary,size_only,ML,LL,1.3111109374690053,0.013583807402757367
broad_binary,size_only,ML,LL,1.5092793340025346,0.008679709239972208
broad_binary,size_only,ML,LL,1.7373999735251147,0.004923494765008591
broad_binary,size_only,ML,LL,2.0,0.0023679972263552776
broad_binary,size_only,ML,LL,2.3022908144082455,0.0009028223858284295
broad_binary,size_only,ML,LL,2.6502714970542867,0.00025201897912167535
broad_binary,size_only,ML,LL,3.0508478616780366,4.777003057212079e-05
broad_binary,size_only,ML,LL,3.5119695040491905,5.808176330697101e-06
broad_binary,size_only,ML,LL,4.042787564827166,4.4099815679713617e-07
broad_binary,size_only,ML,LL,4.653836337552724,2.0952013165594328e-08
broad_binary,size_only,ML,LL,5.3572423258534725,6.460116355563944e-10
broad_binary,size_only,ML,ML,0.00032430864012639686,8.890505587448608e-30
broad_binary,size_only,ML,ML,0.00037332640159811636,1.9636306375046056e-28
broad_binary,size_only,ML,ML,0.00042975297258771353,1.9733910781491072e-27
broad_binary,size_only,ML,ML,0.0004947081606266652,1.5113356612523697e-26
broad_binary,size_only,ML,ML,0.0005694810270117846,1.6712940429773074e-25
broad_binary,size_only,ML,ML,0.0006555554687345028,2.8098508626969984e-24
broad_binary,size_only,ML,ML,0.000754639667001268,3.4564752113666984e-23
broad_binary,size_only,ML,ML,0.0008686999867625583,2.871517340807701e-22
broad_binary,size_only,ML,ML,0.0010000000000000002,1.880975390246804e-21
broad_binary,size_only,ML,ML,0.001151145407204123,1.8892247990691318e-20
broad_binary,size_only,ML,ML,0.0013251357485271446,3.4484217678463447e-19
broad_binary,size_only,ML,ML,0.0015254239308390184,4.1463319564993846e-18
broad_binary,size_only,ML,ML,0.0017559847520245955,3.0855542444974196e-17
broad_binary,size_only,ML,ML,0.0020213937824135834,1.723042397962595e-16
broad_binary,size_only,ML,ML,0.0023269181687763643,1.5023931400127637e-15
broad_binary,size_only,ML,ML,0.0026786211629267367,3.10748331698344e-14
broad_binary,size_only,ML,ML,0.003083482449342879,3.617163846983382e-13
broad_binary,size_only,ML,ML,0.003549536659755571,2.2945868929202145e-12
broad_binary,size_only,ML,ML,0.0040860328235802846,1.0374127760306344e-11
broad_binary,size_only,ML,ML,0.004703617918549738,7.102058975602351e-11
broad_binary,size_only,ML,ML,0.005414548164181547,1.7646527375564232e-09
broad_binary,size_only,ML,ML,0.006232932251283096,1.96246814887087e-08
broad_binary,size_only,ML,ML,0.007175011334478982,9.671074828310485e-08
broad_binary,size_only,ML,ML,0.008259481344323003,3.1453478705472537e-07
broad_binary,size_only,ML,ML,0.009507864015405551,1.3882083269660506e-06
broad_binary,size_only,ML,ML,0.010944933993655438,4.378952215598365e-05
broad_binary,size_only,ML,ML,0.012599210498948734,0.00045899187124438497
broad_binary,size_only,ML,ML,0.014503523300262798,0.0014233515568966837
broad_binary,size_only,ML,ML,0.016695664235375485,0.0021480034843832925
broad_binary,size_only,ML,ML,0.019219137204774604,0.0026622136451352417
broad_binary,size_only,ML,ML,0.022124021523702166,0.0034509486159256518
broad_binary,size_only,ML,ML,0.025467965765894884,0.004395603058946638
broad_binary,size_only,ML,ML,0.02931733182224172,0.005287589680766609
broad_binary,size_only,ML,ML,0.033748511878652805,0.006073219041425452
broad_binary,size_only,ML,ML,0.038849444449084954,0.006719113174895651
broad_binary,size_only,ML,ML,0.0447213595499958,0.007197398336088736
broad_binary,size_only,ML,ML,0.051480787649901855,0.007510044582720605
broad_binary,size_only,ML,ML,0.05926187226243524,0.007639406375008062
broad_binary,size_only,ML,ML,0.06821903207721966,0.0076246182298730595
broad_binary,size_only,ML,ML,0.07853002545960214,0.0076246782321830655
broad_binary,size_only,ML,ML,0.09039947813544373,0.00788732979755663
broad_binary,size_only,ML,ML,0.10406294406926557,0.00888685890241913
broad_binary,size_only,ML,ML,0.11979158012547445,0.011412177191042296
broad_binary,size_only,ML,ML,0.13789752728316457,0.016649320802900474
broad_binary,size_only,ML,ML,0.15874010519681997,0.026188230618658603
broad_binary,size_only,ML,ML,0.18273294303641843,0.042085917844222276
broad_binary,size_only,ML,ML,0.21035218812126566,0.06472637757522624
broad_binary,size_only,ML,ML,0.24214595525113236,0.08676839941478498
broad_binary,size_only,ML,ML,0.27874520426039606,0.09618092440456791
broad_binary,size_only,ML,ML,0.32087626166452965,0.0918692336870256
broad_binary,size_only,ML,ML,0.36937523489595164,0.08206819759679157
broad_binary,size_only,ML,ML,0.42520460518541836,0.07260383743342055
broad_binary,size_only,ML,ML,0.48947232838123617,0.06457387157176309
broad_binary,size_only,ML,ML,0.5634538227695682,0.057094682578819216
broad_binary,size_only,ML,ML,0.6486172802527936,0.049419629164883704
broad_binary,size_only,ML,ML,0.7466528031962326,0.04146975054814595
broad_binary,size_only,ML,ML,0.8595059451754261,0.033530939577310584
broad_binary,size_only,ML,ML,0.9894163212533295,0.026110568438194134
broad_binary,size_only,ML,ML,1.138962054023569,0.019449071715209546
broad_binary,size_only,ML,ML,1.3111109374690053,0.013583807402757367
broad_binary,size_only,ML,ML,1.5092793340025346,0.008679709239972208
broad_binary,size_only,ML,ML,1.7373999735251147,0.004923494765008591
broad_binary,size_only,ML,ML,2.0,0.0023679972263552776
broad_binary,size_only,ML,ML,2.3022908144082455,0.0009028223858284295
broad_binary,size_only,ML,ML,2.6502714970542867,0.00025201897912167535
broad_binary,size_only,ML,ML,3.0508478616780366,4.777003057212079e-05
broad_binary,size_only,ML,ML,3.5119695040491905,5.808176330697101e-06
broad_binary,size_only,ML,ML,4.042787564827166,4.4099815679713617e-07
broad_binary,size_only,ML,ML,4.653836337552724,2.0952013165594328e-08
broad_binary,size_only,ML,ML,5.3572423258534725,6.460116355563944e-10
broad_binary,size_only,ML,HL,0.00032430864012639686,8.890505587448608e-30
broad_binary,size_only,ML,HL,0.00037332640159811636,1.9636306375046056e-28
broad_binary,size_only,ML,HL,0.00042975297258771353,1.9733910781491072e-27
broad_binary,size_only,ML,HL,0.0004947081606266652,1.5113356612523697e-26
broad_binary,size_only,ML,HL,0.0005694810270117846,1.6712940429773074e-25
broad_binary,size_only,ML,HL,0.0006555554687345028,2.8098508626969984e-24
broad_binary,size_only,ML,HL,0.000754639667001268,3.4564752113666984e-23
broad_binary,size_only,ML,HL,0.0008686999867625583,2.871517340807701e-22
broad_binary,size_only,ML,HL,0.0010000000000000002,1.880975390246804e-21
broad_binary,size_only,ML,HL,0.001151145407204123,1.8892247990691318e-20
broad_binary,size_only,ML,HL,0.0013251357485271446,3.4484217678463447e-19
broad_binary,size_only,ML,HL,0.0015254239308390184,4.1463319564993846e-18
broad_binary,size_only,ML,HL,0.0017559847520245955,3.0855542444974196e-17
broad_binary,size_only,ML,HL,0.0020213937824135834,1.723042397962595e-16
broad_binary,size_only,ML,HL,0.0023269181687763643,1.5023931400127637e-15
broad_binary,size_only,ML,HL,0.0026786211629267367,3.10748331698344e-14
broad_binary,size_only,ML,HL,0.003083482449342879,3.617163846983382e-13
broad_binary,size_only,ML,HL,0.003549536659755571,2.2945868929202145e-12
broad_binary,size_only,ML,HL,0.0040860328235802846,1.0374127760306344e-11
broad_binary,size_only,ML,HL,0.004703617918549738,7.102058975602351e-11
broad_binary,size_only,ML,HL,0.005414548164181547,1.7646527375564232e-09
broad_binary,size_only,ML,HL,0.006232932251283096,1.96246814887087e-08
broad_binary,size_only,ML,HL,0.007175011334478982,9.671074828310485e-08
broad_binary,size_only,ML,HL,0.008259481344323003,3.1453478705472537e-07
broad_binary,size_only,ML,HL,0.009507864015405551,1.3882083269660506e-06
broad_binary,size_only,ML,HL,0.010944933993655438,4.378952215598365e-05
broad_binary,size_only,ML,HL,0.012599210498948734,0.00045899187124438497
broad_binary,size_only,ML,HL,0.014503523300262798,0.0014233515568966837
broad_binary,size_only,ML,HL,0.016695664235375485,0.0021480034843832925
broad_binary,size_only,ML,HL,0.019219137204774604,0.0026622136451352417
broad_binary,size_only,ML,HL,0.022124021523702166,0.0034509486159256518
broad_binary,size_only,ML,HL,0.025467965765894884,0.004395603058946638
broad_binary,size_only,ML,HL,0.02931733182224172,0.005287589680766609
broad_binary,size_only,ML,HL,0.033748511878652805,0.006073219041425452
broad_binary,size_only,ML,HL,0.038849444449084954,0.006719113174895651
broad_binary,size_only,ML,HL,0.0447213595499958,0.007197398336088736
broad_binary,size_only,ML,HL,0.051480787649901855,0.007510044582720605
broad_binary,size_only,ML,HL,0.05926187226243524,0.007639406375008062
broad_binary,size_only,ML,HL,0.06821903207721966,0.0076246182298730595
broad_binary,size_only,ML,HL,0.07853002545960214,0.0076246782321830655
broad_binary,size_only,ML,HL,0.09039947813544373,0.00788732979755663
broad_binary,size_only,ML,HL,0.10406294406926557,0.00888685890241913
broad_binary,size_only,ML,HL,0.11979158012547445,0.011412177191042296
broad_binary,size_only,ML,HL,0.13789752728316457,0.016649320802900474
broad_binary,size_only,ML,HL,0.15874010519681997,0.026188230618658603
broad_binary,size_only,ML,HL,0.18273294303641843,0.042085917844222276
broad_binary,size_only,ML,HL,0.21035218812126566,0.06472637757522624
broad_binary,size_only,ML,HL,0.24214595525113236,0.08676839941478498
broad_binary,size_only,ML,HL,0.27874520426039606,0.09618092440456791
broad_binary,size_only,ML,HL,0.32087626166452965,0.0918692336870256
broad_binary,size_only,ML,HL,0.36937523489595164,0.08206819759679157
broad_binary,size_only,ML,HL,0.42520460518541836,0.07260383743342055
broad_binary,size_only,ML,HL,0.48947232838123617,0.06457387157176309
broad_binary,size_only,ML,HL,0.5634538227695682,0.057094682578819216
broad_binary,size_only,ML,HL,0.6486172802527936,0.049419629164883704
broad_binary,size_only,ML,HL,0.7466528031962326,0.04146975054814595
broad_binary,size_only,ML,HL,0.8595059451754261,0.033530939577310584
broad_binary,size_only,ML,HL,0.9894163212533295,0.026110568438194134
broad_binary,size_only,ML,HL,1.138962054023569,0.019449071715209546
broad_binary,size_only,ML,HL,1.3111109374690053,0.013583807402757367
broad_binary,size_only,ML,HL,1.5092793340025346,0.008679709239972208
broad_binary,size_only,ML,HL,1.7373999735251147,0.004923494765008591
broad_binary,size_only,ML,HL,2.0,0.0023679972263552776
broad_binary,size_only,ML,HL,2.3022908144082455,0.0009028223858284295
broad_binary,size_only,ML,HL,2.6502714970542867,0.00025201897912167535
broad_binary,size_only,ML,HL,3.0508478616780366,4.777003057212079e-05
broad_binary,size_only,ML,HL,3.5119695040491905,5.808176330697101e-06
broad_binary,size_only,ML,HL,4.042787564827166,4.4099815679713617e-07
broad_binary,size_only,ML,HL,4.653836337552724,2.0952013165594328e-08
broad_binary,size_only,ML,HL,5.3572423258534725,6.460116355563944e-10
broad_binary,size_only,HL,LL,0.00032430864012639686,1.670613350642641e-29
broad_binary,size_only,HL,LL,0.00037332640159811636,3.6727506224417817e-28
broad_binary,size_only,HL,LL,0.00042975297258771353,3.680439406455341e-27
broad_binary,size_only,HL,LL,0.0004947081606266652,2.791043252209607e-26
broad_binary,size_only,HL,LL,0.0005694810270117846,2.922307000615491e-25
broad_binary,size_only,HL,LL,0.0006555554687345028,4.703164506999555e-24
broad_binary,size_only,HL,LL,0.000754639667001268,5.715933339379227e-23
broad_binary,size_only,HL,LL,0.0008686999867625583,4.73035426419112e-22
broad_binary,size_only,HL,LL,0.0010000000000000002,3.0762234076859906e-21
broad_binary,size_only,HL,LL,0.001151145407204123,2.9176963843876973e-20
broad_binary,size_only,HL,LL,0.0013251357485271446,5.081171267415636e-19
broad_binary,size_only,HL,LL,0.0015254239308390184,6.046166269510912e-18
broad_binary,size_only,HL,LL,0.0017559847520245955,4.486401987419833e-17
broad_binary,size_only,HL,LL,0.0020213937824135834,2.49356665301342e-16
broad_binary,size_only,HL,LL,0.0023269181687763643,2.0513613951034694e-15
broad_binary,size_only,HL,LL,0.0026786211629267367,4.0306053132862615e-14
broad_binary,size_only,HL,LL,0.003083482449342879,4.651666393985383e-13
broad_binary,size_only,HL,LL,0.003549536659755571,2.945027323380198e-12
broad_binary,size_only,HL,LL,0.0040860328235802846,1.3273386740808586e-11
broad_binary,size_only,HL,LL,0.004703617918549738,8.594688133266073e-11
broad_binary,size_only,HL,LL,0.005414548164181547,2.015098132421327e-09
broad_binary,size_only,HL,LL,0.006232932251283096,2.2261437606351732e-08
broad_binary,size_only,HL,LL,0.007175011334478982,1.095753405534333e-07
broad_binary,size_only,HL,LL,0.008259481344323003,3.5556348616936914e-07
broad_binary,size_only,HL,LL,0.009507864015405551,1.4979490867457e-06
broad_binary,size_only,HL,LL,0.010944933993655438,4.404389215156218e-05
broad_binary,size_only,HL,LL,0.012599210498948734,0.00045938567840102354
broad_binary,size_only,HL,LL,0.014503523300262798,0.0014237237266619123
broad_binary,size_only,HL,LL,0.016695664235375485,0.0021484078118858387
broad_binary,size_only,HL,LL,0.019219137204774604,0.002662786128042309
broad_binary,size_only,HL,LL,0.022124021523702166,0.0034516648754410045
broad_binary,size_only,HL,LL,0.025467965765894884,0.00439642477955255
broad_binary,size_only,HL,LL,0.02931733182224172,0.00528853002399857
broad_binary,size_only,HL,LL,0.033748511878652805,0.006074307687312712
broad_binary,size_only,HL,LL,0.038849444449084954,0.006720402701283363
broad_binary,size_only,HL,LL,0.0447213595499958,0.007198996724714402
broad_binary,size_only,HL,LL,0.051480787649901855,0.00751218008638199
broad_binary,size_only,HL,LL,0.05926187226243524,0.00764270486720699
broad_binary,size_only,HL,LL,0.06821903207721966,0.007630845612666937
broad_binary,size_only,HL,LL,0.07853002545960214,0.007638907123096411
broad_binary,size_only,HL,LL,0.09039947813544373,0.007924845058888434
broad_binary,size_only,HL,LL,0.10406294406926557,0.008993057662193096
broad_binary,size_only,HL,LL,0.11979158012547445,0.011708783280463627
broad_binary,size_only,HL,LL,0.13789752728316457,0.017410743875206407
broad_binary,size_only,HL,LL,0.15874010519681997,0.0279277095626291
broad_binary,size_only,HL,LL,0.18273294303641843,0.045533123881479357
broad_binary,size_only,HL,LL,0.21035218812126566,0.07026235554110122
broad_binary,size_only,HL,LL,0.24214595525113236,0.09319472271790893
broad_binary,size_only,HL,LL,0.27874520426039606,0.10091497827970844
broad_binary,size_only,HL,LL,0.32087626166452965,0.09355349568170171
broad_binary,size_only,HL,LL,0.36937523489595164,0.08138672864595783
broad_binary,size_only,HL,LL,0.42520460518541836,0.07065425196503296
broad_binary,size_only,HL,LL,0.48947232838123617,0.06200048495143073
broad_binary,size_only,HL,LL,0.5634538227695682,0.054218865729904725
broad_binary,size_only,HL,LL,0.6486172802527936,0.04645960715102233
broad_binary,size_only,HL,LL,0.7466528031962326,0.03860414437782274
broad_binary,size_only,HL,LL,0.8595059451754261,0.030910891786980244
broad_binary,size_only,HL,LL,0.9894163212533295,0.023807107337484576
broad_binary,size_only,HL,LL,1.138962054023569,0.017494266855375053
broad_binary,size_only,HL,LL,1.3111109374690053,0.012026664923137155
broad_binary,size_only,HL,LL,1.5092793340025346,0.007550761809218057
broad_binary,size_only,HL,LL,1.7373999735251147,0.004201400304465954
broad_binary,size_only,HL,LL,2.0,0.0019799413588599195
broad_binary,size_only,HL,LL,2.3022908144082455,0.0007399868727366919
broad_binary,size_only,HL,LL,2.6502714970542867,0.0002029441887787499
broad_binary,size_only,HL,LL,3.0508478616780366,3.7916965191920583e-05
broad_binary,size_only,HL,LL,3.5119695040491905,4.559854226203957e-06
broad_binary,size_only,HL,LL,4.042787564827166,3.434704647974918e-07
broad_binary,size_only,HL,LL,4.653836337552724,1.6226437303079658e-08
broad_binary,size_only,HL,LL,5.3572423258534725,4.982717701313313e-10
broad_binary,size_only,HL,ML,0.00032430864012639686,1.670613350642641e-29
broad_binary,size_only,HL,ML,0.00037332640159811636,3.6727506224417817e-28
broad_binary,size_only,HL,ML,0.00042975297258771353,3.680439406455341e-27
broad_binary,size_only,HL,ML,0.0004947081606266652,2.791043252209607e-26
broad_binary,size_only,HL,ML,0.0005694810270117846,2.922307000615491e-25
broad_binary,size_only,HL,ML,0.0006555554687345028,4.703164506999555e-24
broad_binary,size_only,HL,ML,0.000754639667001268,5.715933339379227e-23
broad_binary,size_only,HL,ML,0.0008686999867625583,4.73035426419112e-22
broad_binary,size_only,HL,ML,0.0010000000000000002,3.0762234076859906e-21
broad_binary,size_only,HL,ML,0.001151145407204123,2.9176963843876973e-20
broad_binary,size_only,HL,ML,0.0013251357485271446,5.081171267415636e-19
broad_binary,size_only,HL,ML,0.0015254239308390184,6.046166269510912e-18
broad_binary,size_only,HL,ML,0.0017559847520245955,4.486401987419833e-17
broad_binary,size_only,HL,ML,0.0020213937824135834,2.49356665301342e-16
broad_binary,size_only,HL,ML,0.0023269181687763643,2.0513613951034694e-15
broad_binary,size_only,HL,ML,0.0026786211629267367,4.0306053132862615e-14
broad_binary,size_only,HL,ML,0.003083482449342879,4.651666393985383e-13
broad_binary,size_only,HL,ML,0.003549536659755571,2.945027323380198e-12
broad_binary,size_only,HL,ML,0.0040860328235802846,1.3273386740808586e-11
broad_binary,size_only,HL,ML,0.004703617918549738,8.594688133266073e-11
broad_binary,size_only,HL,ML,0.005414548164181547,2.015098132421327e-09
broad_binary,size_only,HL,ML,0.006232932251283096,2.2261437606351732e-08
broad_binary,size_only,HL,ML,0.007175011334478982,1.095753405534333e-07
broad_binary,size_only,HL,ML,0.008259481344323003,3.5556348616936914e-07
broad_binary,size_only,HL,ML,0.009507864015405551,1.4979490867457e-06
broad_binary,size_only,HL,ML,0.010944933993655438,4.404389215156218e-05
broad_binary,size_only,HL,ML,0.012599210498948734,0.00045938567840102354
broad_binary,size_only,HL,ML,0.014503523300262798,0.0014237237266619123
broad_binary,size_only,HL,ML,0.016695664235375485,0.0021484078118858387
broad_binary,size_only,HL,ML,0.019219137204774604,0.002662786128042309
broad_binary,size_only,HL,ML,0.022124021523702166,0.0034516648754410045
broad_binary,size_only,HL,ML,0.025467965765894884,0.00439642477955255
broad_binary,size_only,HL,ML,0.02931733182224172,0.00528853002399857
broad_binary,size_only,HL,ML,0.033748511878652805,0.006074307687312712
broad_binary,size_only,HL,ML,0.038849444449084954,0.006720402701283363
broad_binary,size_only,HL,ML,0.0447213595499958,0.007198996724714402
broad_binary,size_only,HL,ML,0.051480787649901855,0.00751218008638199
broad_binary,size_only,HL,ML,0.05926187226243524,0.00764270486720699
broad_binary,size_only,HL,ML,0.06821903207721966,0.007630845612666937
broad_binary,size_only,HL,ML,0.07853002545960214,0.007638907123096411
broad_binary,size_only,HL,ML,0.09039947813544373,0.007924845058888434
broad_binary,size_only,HL,ML,0.10406294406926557,0.008993057662193096
broad_binary,size_only,HL,ML,0.11979158012547445,0.011708783280463627
broad_binary,size_only,HL,ML,0.13789752728316457,0.017410743875206407
broad_binary,size_only,HL,ML,0.15874010519681997,0.0279277095626291
broad_binary,size_only,HL,ML,0.18273294303641843,0.045533123881479357
broad_binary,size_only,HL,ML,0.21035218812126566,0.07026235554110122
broad_binary,size_only,HL,ML,0.24214595525113236,0.09319472271790893
broad_binary,size_only,HL,ML,0.27874520426039606,0.10091497827970844
broad_binary,size_only,HL,ML,0.32087626166452965,0.09355349568170171
broad_binary,size_only,HL,ML,0.36937523489595164,0.08138672864595783
broad_binary,size_only,HL,ML,0.42520460518541836,0.07065425196503296
broad_binary,size_only,HL,ML,0.48947232838123617,0.06200048495143073
broad_binary,size_only,HL,ML,0.5634538227695682,0.054218865729904725
broad_binary,size_only,HL,ML,0.6486172802527936,0.04645960715102233
broad_binary,size_only,HL,ML,0.7466528031962326,0.03860414437782274
broad_binary,size_only,HL,ML,0.8595059451754261,0.030910891786980244
broad_binary,size_only,HL,ML,0.9894163212533295,0.023807107337484576
broad_binary,size_only,HL,ML,1.138962054023569,0.017494266855375053
broad_binary,size_only,HL,ML,1.3111109374690053,0.012026664923137155
broad_binary,size_only,HL,ML,1.5092793340025346,0.007550761809218057
broad_binary,size_only,HL,ML,1.7373999735251147,0.004201400304465954
broad_binary,size_only,HL,ML,2.0,0.0019799413588599195
broad_binary,size_only,HL,ML,2.3022908144082455,0.0007399868727366919
broad_binary,size_only,HL,ML,2.6502714970542867,0.0002029441887787499
broad_binary,size_only,HL,ML,3.0508478616780366,3.7916965191920583e-05
broad_binary,size_only,HL,ML,3.5119695040491905,4.559854226203957e-06
broad_binary,size_only,HL,ML,4.042787564827166,3.434704647974918e-07
broad_binary,size_only,HL,ML,4.653836337552724,1.6226437303079658e-08
broad_binary,size_only,HL,ML,5.3572423258534725,4.982717701313313e-10
broad_binary,size_only,HL,HL,0.00032430864012639686,1.670613350642641e-29
broad_binary,size_only,HL,HL,0.00037332640159811636,3.6727506224417817e-28
broad_binary,size_only,HL,HL,0.00042975297258771353,3.680439406455341e-27
broad_binary,size_only,HL,HL,0.0004947081606266652,2.791043252209607e-26
broad_binary,size_only,HL,HL,0.0005694810270117846,2.922307000615491e-25
broad_binary,size_only,HL,HL,0.0006555554687345028,4.703164506999555e-24
broad_binary,size_only,HL,HL,0.000754639667001268,5.715933339379227e-23
broad_binary,size_only,HL,HL,0.0008686999867625583,4.73035426419112e-22
broad_binary,size_only,HL,HL,0.0010000000000000002,3.0762234076859906e-21
broad_binary,size_only,HL,HL,0.001151145407204123,2.9176963843876973e-20
broad_binary,size_only,HL,HL,0.0013251357485271446,5.081171267415636e-19
broad_binary,size_only,HL,HL,0.0015254239308390184,6.046166269510912e-18
broad_binary,size_only,HL,HL,0.0017559847520245955,4.486401987419833e-17
broad_binary,size_only,HL,HL,0.0020213937824135834,2.49356665301342e-16
broad_binary,size_only,HL,HL,0.0023269181687763643,2.0513613951034694e-15
broad_binary,size_only,HL,HL,0.0026786211629267367,4.0306053132862615e-14
broad_binary,size_only,HL,HL,0.003083482449342879,4.651666393985383e-13
broad_binary,size_only,HL,HL,0.003549536659755571,2.945027323380198e-12
broad_binary,size_only,HL,HL,0.0040860328235802846,1.3273386740808586e-11
broad_binary,size_only,HL,HL,0.004703617918549738,8.594688133266073e-11
broad_binary,size_only,HL,HL,0.005414548164181547,2.015098132421327e-09
broad_binary,size_only,HL,HL,0.006232932251283096,2.2261437606351732e-08
broad_binary,size_only,HL,HL,0.007175011334478982,1.095753405534333e-07
broad_binary,size_only,HL,HL,0.008259481344323003,3.5556348616936914e-07
broad_binary,size_only,HL,HL,0.009507864015405551,1.4979490867457e-06
broad_binary,size_only,HL,HL,0.010944933993655438,4.404389215156218e-05
broad_binary,size_only,HL,HL,0.012599210498948734,0.00045938567840102354
broad_binary,size_only,HL,HL,0.014503523300262798,0.0014237237266619123
broad_binary,size_only,HL,HL,0.016695664235375485,0.0021484078118858387
broad_binary,size_only,HL,HL,0.019219137204774604,0.002662786128042309
broad_binary,size_only,HL,HL,0.022124021523702166,0.0034516648754410045
broad_binary,size_only,HL,HL,0.025467965765894884,0.00439642477955255
broad_binary,size_only,HL,HL,0.02931733182224172,0.00528853002399857
broad_binary,size_only,HL,HL,0.033748511878652805,0.006074307687312712
broad_binary,size_only,HL,HL,0.038849444449084954,0.006720402701283363
broad_binary,size_only,HL,HL,0.0447213595499958,0.007198996724714402
broad_binary,size_only,HL,HL,0.051480787649901855,0.00751218008638199
broad_binary,size_only,HL,HL,0.05926187226243524,0.00764270486720699
broad_binary,size_only,HL,HL,0.06821903207721966,0.007630845612666937
broad_binary,size_only,HL,HL,0.07853002545960214,0.007638907123096411
broad_binary,size_only,HL,HL,0.09039947813544373,0.007924845058888434
broad_binary,size_only,HL,HL,0.10406294406926557,0.008993057662193096
broad_binary,size_only,HL,HL,0.11979158012547445,0.011708783280463627
broad_binary,size_only,HL,HL,0.13789752728316457,0.017410743875206407
broad_binary,size_only,HL,HL,0.15874010519681997,0.0279277095626291
broad_binary,size_only,HL,HL,0.18273294303641843,0.045533123881479357
broad_binary,size_only,HL,HL,0.21035218812126566,0.07026235554110122
broad_binary,size_only,HL,HL,0.24214595525113236,0.09319472271790893
broad_binary,size_only,HL,HL,0.27874520426039606,0.10091497827970844
broad_binary,size_only,HL,HL,0.32087626166452965,0.09355349568170171
broad_binary,size_only,HL,HL,0.36937523489595164,0.08138672864595783
broad_binary,size_only,HL,HL,0.42520460518541836,0.07065425196503296
broad_binary,size_only,HL,HL,0.48947232838123617,0.06200048495143073
broad_binary,size_only,HL,HL,0.5634538227695682,0.054218865729904725
broad_binary,size_only,HL,HL,0.6486172802527936,0.04645960715102233
broad_binary,size_only,HL,HL,0.7466528031962326,0.03860414437782274
broad_binary,size_only,HL,HL,0.8595059451754261,0.030910891786980244
broad_binary,size_only,HL,HL,0.9894163212533295,0.023807107337484576
broad_binary,size_only,HL,HL,1.138962054023569,0.017494266855375053
broad_binary,size_only,HL,HL,1.3111109374690053,0.012026664923137155
broad_binary,size_only,HL,HL,1.5092793340025346,0.007550761809218057
broad_binary,size_only,HL,HL,1.7373999735251147,0.004201400304465954
broad_binary,size_only,HL,HL,2.0,0.0019799413588599195
broad_binary,size_only,HL,HL,2.3022908144082455,0.0007399868727366919
broad_binary,size_only,HL,HL,2.6502714970542867,0.0002029441887787499
broad_binary,size_only,HL,HL,3.0508478616780366,3.7916965191920583e-05
broad_binary,size_only,HL,HL,3.5119695040491905,4.559854226203957e-06
broad_binary,size_only,HL,HL,4.042787564827166,3.434704647974918e-07
broad_binary,size_only,HL,HL,4.653836337552724,1.6226437303079658e-08
broad_binary,size_only,HL,HL,5.3572423258534725,4.982717701313313e-10
broad_binary,instantaneous,LL,LL,0.00032430864012639686,7.340212574658214e-29
broad_binary,instantaneous,LL,LL,0.00037332640159811636,1.5928391960088753e-27
broad_binary,instantaneous,LL,LL,0.00042975297258771353,1.5839322910693487e-26
broad_binary,instantaneous,LL,LL,0.0004947081606266652,1.1771472570001882e-25
broad_binary,instantaneous,LL,LL,0.0005694810270117846,1.0965452968317504e-24
broad_binary,instantaneous,LL,LL,0.0006555554687345028,1.5820155752911616e-23
broad_binary,instantaneous,LL,LL,0.000754639667001268,1.8595595887446398e-22
broad_binary,instantaneous,LL,LL,0.0008686999867625583,1.5226445977472396e-21
broad_binary,instantaneous,LL,LL,0.0010000000000000002,9.752368340694485e-21
broad_binary,instantaneous,LL,LL,0.001151145407204123,8.188136253785702e-20
broad_binary,instantaneous,LL,LL,0.0013251357485271446,1.2669307690850369e-18
broad_binary,instantaneous,LL,LL,0.0015254239308390184,1.4644236158344767e-17
broad_binary,instantaneous,LL,LL,0.0017559847520245955,1.077959804737592e-16
broad_binary,instantaneous,LL,LL,0.0020213937824135834,5.932049444634106e-16
broad_binary,instantaneous,LL,LL,0.0023269181687763643,4.315181966192864e-15
broad_binary,instantaneous,LL,LL,0.0026786211629267367,7.447930414457901e-14
broad_binary,instantaneous,LL,LL,0.003083482449342879,8.391264241589323e-13
broad_binary,instantaneous,LL,LL,0.003549536659755571,5.283287179774222e-12
broad_binary,instantaneous,LL,LL,0.0040860328235802846,2.365542169515831e-11
broad_binary,instantaneous,LL,LL,0.004703617918549738,1.3629714370911055e-10
broad_binary,instantaneous,LL,LL,0.005414548164181547,2.7602805832396405e-09
broad_binary,instantaneous,LL,LL,0.006232932251283096,2.9925528691913614e-08
broad_binary,instantaneous,LL,LL,0.007175011334478982,1.468061857424673e-07
broad_binary,instantaneous,LL,LL,0.008259481344323003,4.741360729059293e-07
broad_binary,instantaneous,LL,LL,0.009507864015405551,1.8148457564379371e-06
broad_binary,instantaneous,LL,LL,0.010944933993655438,4.4778013191613834e-05
broad_binary,instantaneous,LL,LL,0.012599210498948734,0.0004605219486672883
broad_binary,instantaneous,LL,LL,0.014503523300262798,0.0014247977351471521
broad_binary,instantaneous,LL,LL,0.016695664235375485,0.0021495748299652584
broad_binary,instantaneous,LL,LL,0.019219137204774604,0.002664438308211555
broad_binary,instantaneous,LL,LL,0.022124021523702166,0.003453731919158074
broad_binary,instantaneous,LL,LL,0.025467965765894884,0.004398796312636929
broad_binary,instantaneous,LL,LL,0.02931733182224172,0.00529124424799143
broad_binary,instantaneous,LL,LL,0.033748511878652805,0.006077450839187896
broad_binary,instantaneous,LL,LL,0.038849444449084954,0.0067241284429684295
broad_binary,instantaneous,LL,LL,0.0447213595499958,0.007203623869415002
broad_binary,instantaneous,LL,LL,0.051480787649901855,0.007518396867004607
broad_binary,instantaneous,LL,LL,0.05926187226243524,0.007652442151186308
broad_binary,instantaneous,LL,LL,0.06821903207721966,0.00764971895858798
broad_binary,instantaneous,LL,LL,0.07853002545960214,0.0076836209783623976
broad_binary,instantaneous,LL,LL,0.09039947813544373,0.008047083255399108
broad_binary,instantaneous,LL,LL,0.10406294406926557,0.009347764655189708
broad_binary,instantaneous,LL,LL,0.11979158012547445,0.01270657007980752
broad_binary,instantaneous,LL,LL,0.13789752728316457,0.019952309315581417
broad_binary,instantaneous,LL,LL,0.15874010519681997,0.033634757614517626
broad_binary,instantaneous,LL,LL,0.18273294303641843,0.056540998867622566
broad_binary,instantaneous,LL,LL,0.21035218812126566,0.08714999708326902
broad_binary,instantaneous,LL,LL,0.24214595525113236,0.11125161607835132
broad_binary,instantaneous,LL,LL,0.27874520426039606,0.11220809850309572
broad_binary,instantaneous,LL,LL,0.32087626166452965,0.09555947678387325
broad_binary,instantaneous,LL,LL,0.36937523489595164,0.07736866953683581
broad_binary,instantaneous,LL,LL,0.42520460518541836,0.06393033262190154
broad_binary,instantaneous,LL,LL,0.48947232838123617,0.054171626858617414
broad_binary,instantaneous,LL,LL,0.5634538227695682,0.04599845285581417
broad_binary,instantaneous,LL,LL,0.6486172802527936,0.038331691697681004
broad_binary,instantaneous,LL,LL,0.7466528031962326,0.030972531279711717
broad_binary,instantaneous,LL,LL,0.8595059451754261,0.02409634751621543
broad_binary,instantaneous,LL,LL,0.9894163212533295,0.017961562581637905
broad_binary,instantaneous,LL,LL,1.138962054023569,0.012692136106147826
broad_binary,instantaneous,LL,LL,1.3111109374690053,0.008343839267237248
broad_binary,instantaneous,LL,LL,1.5092793340025346,0.004986981234214442
broad_binary,instantaneous,LL,LL,1.7373999735251147,0.0026305132065631578
broad_binary,instantaneous,LL,LL,2.0,0.0011720348391261425
broad_binary,instantaneous,LL,LL,2.3022908144082455,0.0004146927903577617
broad_binary,instantaneous,LL,LL,2.6502714970542867,0.00010830332192501626
broad_binary,instantaneous,LL,LL,3.0508478616780366,1.943672091733362e-05
broad_binary,instantaneous,LL,LL,3.5119695040491905,2.266368030046047e-06
broad_binary,instantaneous,LL,LL,4.042787564827166,1.669042611696255e-07
broad_binary,instantaneous,LL,LL,4.653836337552724,7.758946216955232e-09
broad_binary,instantaneous,LL,LL,5.3572423258534725,2.354905650813104e-10
broad_binary,instantaneous,LL,ML,0.00032430864012639686,2.517512442729069e-29
broad_binary,instantaneous,LL,ML,0.00037332640159811636,5.516404933023886e-28
broad_binary,instantaneous,LL,ML,0.00042975297258771353,5.5169898730289874e-27
broad_binary,instantaneous,LL,ML,0.0004947081606266652,4.1588682902103625e-26
broad_binary,instantaneous,LL,ML,0.0005694810270117846,4.2089175402847205e-25
broad_binary,instantaneous,LL,ML,0.0006555554687345028,6.577653538501843e-24
broad_binary,instantaneous,LL,ML,0.000754639667001268,7.926235236907159e-23
broad_binary,instantaneous,LL,ML,0.0008686999867625583,6.541813794877664e-22
broad_binary,instantaneous,LL,ML,0.0010000000000000002,4.235394710937882e-21
broad_binary,instantaneous,LL,ML,0.001151145407204123,3.8768615786326253e-20
broad_binary,instantaneous,LL,ML,0.0013251357485271446,6.540862517688702e-19
broad_binary,instantaneous,LL,ML,0.0015254239308390184,7.725899579949875e-18
broad_binary,instantaneous,LL,ML,0.0017559847520245955,5.72116279582691e-17
broad_binary,instantaneous,LL,ML,0.0020213937824135834,3.170683222989095e-16
broad_binary,instantaneous,LL,ML,0.0023269181687763643,2.516222995605385e-15
broad_binary,instantaneous,LL,ML,0.0026786211629267367,4.775446102509761e-14
broad_binary,instantaneous,LL,ML,0.003083482449342879,5.47785057415237e-13
broad_binary,instantaneous,LL,ML,0.003549536659755571,3.4632538021349075e-12
broad_binary,instantaneous,LL,ML,0.0040860328235802846,1.5579174737204404e-11
broad_binary,instantaneous,LL,ML,0.004703617918549738,9.747731992438982e-11
broad_binary,instantaneous,LL,ML,0.005414548164181547,2.197596005777588e-09
broad_binary,instantaneous,LL,ML,0.006232932251283096,2.4162845201875066e-08
broad_binary,instantaneous,LL,ML,0.007175011334478982,1.1883437643691616e-07
broad_binary,instantaneous,LL,ML,0.008259481344323003,3.850747085870011e-07
broad_binary,instantaneous,LL,ML,0.009507864015405551,1.5768557881371836e-06
broad_binary,instantaneous,LL,ML,0.010944933993655438,4.4226745150558864e-05
broad_binary,instantaneous,LL,ML,0.012599210498948734,0.00045966873539888604
broad_binary,instantaneous,LL,ML,0.014503523300262798,0.0014239912500300077
broad_binary,instantaneous,LL,ML,0.016695664235375485,0.0021486984739094686
broad_binary,instantaneous,LL,ML,0.019219137204774604,0.0026631976525094653
broad_binary,instantaneous,LL,ML,0.022124021523702166,0.0034521797442863865
broad_binary,instantaneous,LL,ML,0.025467965765894884,0.004397015472427568
broad_binary,instantaneous,LL,ML,0.02931733182224172,0.0052892060256832674
broad_binary,instantaneous,LL,ML,0.033748511878652805,0.006075090395792203
broad_binary,instantaneous,LL,ML,0.038849444449084954,0.006721330117057031
broad_binary,instantaneous,LL,ML,0.0447213595499958,0.007200147226588059
broad_binary,instantaneous,LL,ML,0.051480787649901855,0.007513720832469734
broad_binary,instantaneous,LL,ML,0.05926187226243524,0.007645098715001204
broad_binary,instantaneous,LL,ML,0.06821903207721966,0.007635416014905509
broad_binary,instantaneous,LL,ML,0.07853002545960214,0.007649516700537807
broad_binary,instantaneous,LL,ML,0.09039947813544373,0.007953281758799367
broad_binary,instantaneous,LL,ML,0.10406294406926557,0.00907452333720993
broad_binary,instantaneous,LL,ML,0.11979158012547445,0.011937286510808536
broad_binary,instantaneous,LL,ML,0.13789752728316457,0.017995813263823476
broad_binary,instantaneous,LL,ML,0.15874010519681997,0.029254858402349388
broad_binary,instantaneous,LL,ML,0.18273294303641843,0.0481330501109243
broad_binary,instantaneous,LL,ML,0.21035218812126566,0.07435643424333255
broad_binary,instantaneous,LL,ML,0.24214595525113236,0.09778207690370055
broad_binary,instantaneous,LL,ML,0.27874520426039606,0.10406887681496188
broad_binary,instantaneous,LL,ML,0.32087626166452965,0.09444052587375669
broad_binary,instantaneous,LL,ML,0.36937523489595164,0.08065138224099536
broad_binary,instantaneous,LL,ML,0.42520460518541836,0.06911374156859511
broad_binary,instantaneous,LL,ML,0.48947232838123617,0.06009291472732294
broad_binary,instantaneous,LL,ML,0.5634538227695682,0.05215138151740564
broad_binary,instantaneous,LL,ML,0.6486172802527936,0.04437208728687065
broad_binary,instantaneous,LL,ML,0.7466528031962326,0.036612006523710425
broad_binary,instantaneous,LL,ML,0.8595059451754261,0.029108756839087483
broad_binary,instantaneous,LL,ML,0.9894163212533295,0.02223983416649681
broad_binary,instantaneous,LL,ML,1.138962054023569,0.016183787050196286
broad_binary,instantaneous,LL,ML,1.3111109374690053,0.011001042808485474
broad_binary,instantaneous,LL,ML,1.5092793340025346,0.006821241314089878
broad_binary,instantaneous,LL,ML,1.7373999735251147,0.003744209228007769
broad_binary,instantaneous,LL,ML,2.0,0.001739371283736979
broad_binary,instantaneous,LL,ML,2.3022908144082455,0.0006410344152740281
broad_binary,instantaneous,LL,ML,2.6502714970542867,0.00017362796581114453
broad_binary,instantaneous,LL,ML,3.0508478616780366,3.211008731278027e-05
broad_binary,instantaneous,LL,ML,3.5119695040491905,3.831521807033253e-06
broad_binary,instantaneous,LL,ML,4.042787564827166,2.869747703958957e-07
broad_binary,instantaneous,LL,ML,4.653836337552724,1.3502752594718194e-08
broad_binary,instantaneous,LL,ML,5.3572423258534725,4.134247428794352e-10
broad_binary,instantaneous,LL,HL,0.00032430864012639686,8.667225895616877e-30
broad_binary,instantaneous,LL,HL,0.00037332640159811636,1.9146543972749551e-28
broad_binary,instantaneous,LL,HL,0.00042975297258771353,1.924385540006333e-27
broad_binary,instantaneous,LL,HL,0.0004947081606266652,1.4744175502254945e-26
broad_binary,instantaneous,LL,HL,0.0005694810270117846,1.6341611265098259e-25
broad_binary,instantaneous,LL,HL,0.0006555554687345028,2.7521503942900547e-24
broad_binary,instantaneous,LL,HL,0.000754639667001268,3.387064061649067e-23
broad_binary,instantaneous,LL,HL,0.0008686999867625583,2.8142688153004e-22
broad_binary,instantaneous,LL,HL,0.0010000000000000002,1.8440354265998794e-21
broad_binary,instantaneous,LL,HL,0.001151145407204123,1.8565277621857008e-20
broad_binary,instantaneous,LL,HL,0.0013251357485271446,3.395009079473882e-19
broad_binary,instantaneous,LL,HL,0.0015254239308390184,4.08373458011541e-18
broad_binary,instantaneous,LL,HL,0.0017559847520245955,3.0393067702215916e-17
broad_binary,instantaneous,LL,HL,0.0020213937824135834,1.6975505895834578e-16
broad_binary,instantaneous,LL,HL,0.0023269181687763643,1.4837485931493928e-15
broad_binary,instantaneous,LL,HL,0.0026786211629267367,3.075116587504159e-14
broad_binary,instantaneous,LL,HL,0.003083482449342879,3.580656946579543e-13
broad_binary,instantaneous,LL,HL,0.003549536659755571,2.2715991794403702e-12
broad_binary,instantaneous,LL,HL,0.0040860328235802846,1.0271539366644482e-11
broad_binary,instantaneous,LL,HL,0.004703617918549738,7.048164597301576e-11
broad_binary,instantaneous,LL,HL,0.005414548164181547,1.7552617450891157e-09
broad_binary,instantaneous,LL,HL,0.006232932251283096,1.952517625079509e-08
broad_binary,instantaneous,LL,HL,0.007175011334478982,9.622470130496974e-08
broad_binary,instantaneous,LL,HL,0.008259481344323003,3.1298406695626676e-07
broad_binary,instantaneous,LL,HL,0.009507864015405551,1.3840596806836457e-06
broad_binary,instantaneous,LL,HL,0.010944933993655438,4.377990446963389e-05
broad_binary,instantaneous,LL,HL,0.012599210498948734,0.0004589769805118238
broad_binary,instantaneous,LL,HL,0.014503523300262798,0.001423337484916178
broad_binary,instantaneous,LL,HL,0.016695664235375485,0.002147988197228737
broad_binary,instantaneous,LL,HL,0.019219137204774604,0.0026621919995610767
broad_binary,instantaneous,LL,HL,0.022124021523702166,0.0034509215338977056
broad_binary,instantaneous,LL,HL,0.025467965765894884,0.00439557198988578
broad_binary,instantaneous,LL,HL,0.02931733182224172,0.005287554127782956
broad_binary,instantaneous,LL,HL,0.033748511878652805,0.0060731778842807674
broad_binary,instantaneous,LL,HL,0.038849444449084954,0.0067190644319889406
broad_binary,instantaneous,LL,HL,0.0447213595499958,0.007197337947856596
broad_binary,instantaneous,LL,HL,0.051480787649901855,0.007509964012617948
broad_binary,instantaneous,LL,HL,0.05926187226243524,0.00763928235085454
broad_binary,instantaneous,LL,HL,0.06821903207721966,0.007624385619147737
broad_binary,instantaneous,LL,HL,0.07853002545960214,0.00762415181065012
broad_binary,instantaneous,LL,HL,0.09039947813544373,0.007885956153630894
broad_binary,instantaneous,LL,HL,0.10406294406926557,0.008883001131838876
broad_binary,instantaneous,LL,HL,0.11979158012547445,0.011401438045058202
broad_binary,instantaneous,LL,HL,0.13789752728316457,0.01662172036041284
broad_binary,instantaneous,LL,HL,0.15874010519681997,0.026124915922738655
broad_binary,instantaneous,LL,HL,0.18273294303641843,0.04195957115016363
broad_binary,instantaneous,LL,HL,0.21035218812126566,0.06452105963856107
broad_binary,instantaneous,LL,HL,0.24214595525113236,0.08652499507431843
broad_binary,instantaneous,LL,HL,0.27874520426039606,0.0959944126428534
broad_binary,instantaneous,LL,HL,0.32087626166452965,0.09179510186257708
broad_binary,instantaneous,LL,HL,0.36937523489595164,0.08208566670866065
broad_binary,instantaneous,LL,HL,0.42520460518541836,0.07267263125887798
broad_binary,instantaneous,LL,HL,0.48947232838123617,0.06466895308671194
broad_binary,instantaneous,LL,HL,0.5634538227695682,0.05720314712085135
broad_binary,instantaneous,LL,HL,0.6486172802527936,0.049532662558886345
broad_binary,instantaneous,LL,HL,0.7466528031962326,0.041580170091678026
broad_binary,instantaneous,LL,HL,0.8595059451754261,0.03363254370759976
broad_binary,instantaneous,LL,HL,0.9894163212533295,0.026200459978813033
broad_binary,instantaneous,LL,HL,1.138962054023569,0.019526032534846402
broad_binary,instantaneous,LL,HL,1.3111109374690053,0.013645765740021125
broad_binary,instantaneous,LL,HL,1.5092793340025346,0.008725147046332682
broad_binary,instantaneous,LL,HL,1.7373999735251147,0.004952914130949141
broad_binary,instantaneous,LL,HL,2.0,0.0023840070993427706
broad_binary,instantaneous,LL,HL,2.3022908144082455,0.000909620300708551
broad_binary,instantaneous,LL,HL,2.6502714970542867,0.0002540883965847872
broad_binary,instantaneous,LL,HL,3.0508478616780366,4.818881274007632e-05
broad_binary,instantaneous,LL,HL,3.5119695040491905,5.861543574298326e-06
broad_binary,instantaneous,LL,HL,4.042787564827166,4.451848679243449e-07
broad_binary,instantaneous,LL,HL,4.653836337552724,2.1155462330499178e-08
broad_binary,instantaneous,LL,HL,5.3572423258534725,6.523853874057104e-10
broad_binary,instantaneous,ML,LL,0.00032430864012639686,8.890771564839138e-30
broad_binary,instantaneous,ML,LL,0.00037332640159811636,1.9636889734168616e-28
broad_binary,instantaneous,ML,LL,0.00042975297258771353,1.9734494453496446e-27
broad_binary,instantaneous,ML,LL,0.0004947081606266652,1.511379624133801e-26
broad_binary,instantaneous,ML,LL,0.0005694810270117846,1.6713382162570814e-25
broad_binary,instantaneous,ML,LL,0.0006555554687345028,2.8099194394573255e-24
broad_binary,instantaneous,ML,LL,0.000754639667001268,3.4565576834312345e-23
broad_binary,instantaneous,ML,LL,0.0008686999867625583,2.871585355689228e-22
broad_binary,instantaneous,ML,LL,0.0010000000000000002,1.881019271666642e-21
broad_binary,instantaneous,ML,LL,0.001151145407204123,1.8892635998809286e-20
broad_binary,instantaneous,ML,LL,0.0013251357485271446,3.448485086555534e-19
broad_binary,instantaneous,ML,LL,0.0015254239308390184,4.146406144546824e-18
broad_binary,instantaneous,ML,LL,0.0017559847520245955,3.0856090514506655e-17
broad_binary,instantaneous,ML,LL,0.0020213937824135834,1.7230726054264483e-16
broad_binary,instantaneous,ML,LL,0.0023269181687763643,1.5024152117930644e-15
broad_binary,instantaneous,ML,LL,0.0026786211629267367,3.107521588723126e-14
broad_binary,instantaneous,ML,LL,0.003083482449342879,3.617207004220113e-13
broad_binary,instantaneous,ML,LL,0.003549536659755571,2.2946140667796378e-12
broad_binary,instantaneous,ML,LL,0.0040860328235802846,1.0374249024937016e-11
broad_binary,instantaneous,ML,LL,0.004703617918549738,7.102122631957275e-11
broad_binary,instantaneous,ML,LL,0.005414548164181547,1.7646638138799235e-09
broad_binary,instantaneous,ML,LL,0.006232932251283096,1.9624798823898943e-08
broad_binary,instantaneous,ML,LL,0.007175011334478982,9.671132139853079e-08
broad_binary,instantaneous,ML,LL,0.008259481344323003,3.1453661553930097e-07
broad_binary,instantaneous,ML,LL,0.009507864015405551,1.3882132186783681e-06
broad_binary,instantaneous,ML,LL,0.010944933993655438,4.378953349623529e-05
broad_binary,instantaneous,ML,LL,0.012599210498948734,0.0004589918888020652
broad_binary,instantaneous,ML,LL,0.014503523300262798,0.001423351573488997
broad_binary,instantaneous,ML,LL,0.016695664235375485,0.0021480035024084524
broad_binary,instantaneous,ML,LL,0.019219137204774604,0.002662213670657619
broad_binary,instantaneous,ML,LL,0.022124021523702166,0.003450948647858162
broad_binary,instantaneous,ML,LL,0.025467965765894884,0.0043956030955802925
broad_binary,instantaneous,ML,LL,0.02931733182224172,0.005287589722687324
broad_binary,instantaneous,ML,LL,0.033748511878652805,0.006073219089954192
broad_binary,instantaneous,ML,LL,0.038849444449084954,0.0067191132323691964
broad_binary,instantaneous,ML,LL,0.0447213595499958,0.007197398407294713
broad_binary,instantaneous,ML,LL,0.051480787649901855,0.007510044677728422
broad_binary,instantaneous,ML,LL,0.05926187226243524,0.007639406521274425
broad_binary,instantaneous,ML,LL,0.06821903207721966,0.007624618504264384
broad_binary,instantaneous,ML,LL,0.07853002545960214,0.007624678853373311
broad_binary,instantaneous,ML,LL,0.09039947813544373,0.00788733141910667
broad_binary,instantaneous,ML,LL,0.10406294406926557,0.008886863457778685
broad_binary,instantaneous,ML,LL,0.11979158012547445,0.01141218987379791
broad_binary,instantaneous,ML,LL,0.13789752728316457,0.01664935339754641
broad_binary,instantaneous,ML,LL,0.15874010519681997,0.0261883053791685
broad_binary,instantaneous,ML,LL,0.18273294303641843,0.04208606699453047
broad_binary,instantaneous,ML,LL,0.21035218812126566,0.0647266198469286
broad_binary,instantaneous,ML,LL,0.24214595525113236,0.08676868641039492
broad_binary,instantaneous,ML,LL,0.27874520426039606,0.09618114400862794
broad_binary,instantaneous,ML,LL,0.32087626166452965,0.09186932064335666
broad_binary,instantaneous,ML,LL,0.36937523489595164,0.08206817662985637
broad_binary,instantaneous,ML,LL,0.42520460518541836,0.07260375609406472
broad_binary,instantaneous,ML,LL,0.48947232838123617,0.06457375935550744
broad_binary,instantaneous,ML,LL,0.5634538227695682,0.057094554669450494
broad_binary,instantaneous,ML,LL,0.6486172802527936,0.049419495930450426
broad_binary,instantaneous,ML,LL,0.7466528031962326,0.04146962043895602
broad_binary,instantaneous,ML,LL,0.8595059451754261,0.0335308198836023
broad_binary,instantaneous,ML,LL,0.9894163212533295,0.02611046256649311
broad_binary,instantaneous,ML,LL,1.138962054023569,0.019448981102399742
broad_binary,instantaneous,ML,LL,1.3111109374690053,0.013583734482553811
broad_binary,instantaneous,ML,LL,1.5092793340025346,0.008679655786118678
broad_binary,instantaneous,ML,LL,1.7373999735251147,0.004923460171439579
broad_binary,instantaneous,ML,LL,2.0,0.002367978409662257
broad_binary,instantaneous,ML,LL,2.3022908144082455,0.0009028143997056334
broad_binary,instantaneous,ML,LL,2.6502714970542867,0.00025201654892067544
broad_binary,instantaneous,ML,LL,3.0508478616780366,4.7769538927135736e-05
broad_binary,instantaneous,ML,LL,3.5119695040491905,5.8081136921528535e-06
broad_binary,instantaneous,ML,LL,4.042787564827166,4.409932435192982e-07
broad_binary,instantaneous,ML,LL,4.653836337552724,2.095177443597356e-08
broad_binary,instantaneous,ML,LL,5.3572423258534725,6.460041571106681e-10
broad_binary,instantaneous,ML,ML,0.00032430864012639686,8.766630452840064e-30
broad_binary,instantaneous,ML,ML,0.00037332640159811636,1.9364599709176357e-28
broad_binary,instantaneous,ML,ML,0.00042975297258771353,1.9462049083744292e-27
broad_binary,instantaneous,ML,ML,0.0004947081606266652,1.490856701149522e-26
broad_binary,instantaneous,ML,ML,0.0005694810270117846,1.6507053833659698e-25
broad_binary,instantaneous,ML,ML,0.0006555554687345028,2.7778716099689902e-24
broad_binary,instantaneous,ML,ML,0.000754639667001268,3.418010310844329e-23
broad_binary,instantaneous,ML,ML,0.0008686999867625583,2.8397937226737405e-22
broad_binary,instantaneous,ML,ML,0.0010000000000000002,1.860506698653929e-21
broad_binary,instantaneous,ML,ML,0.001151145407204123,1.8711155704101622e-20
broad_binary,instantaneous,ML,ML,0.0013251357485271446,3.418852731871371e-19
broad_binary,instantaneous,ML,ML,0.0015254239308390184,4.11168223144112e-18
broad_binary,instantaneous,ML,ML,0.0017559847520245955,3.0599555274372584e-17
broad_binary,instantaneous,ML,ML,0.0020213937824135834,1.70893276857892e-16
broad_binary,instantaneous,ML,ML,0.0023269181687763643,1.4920779974347288e-15
broad_binary,instantaneous,ML,ML,0.0026786211629267367,3.089585673095236e-14
broad_binary,instantaneous,ML,ML,0.003083482449342879,3.5969789294146586e-13
broad_binary,instantaneous,ML,ML,0.003549536659755571,2.2818771297178803e-12
broad_binary,instantaneous,ML,ML,0.0040860328235802846,1.0317408425464579e-11
broad_binary,instantaneous,ML,ML,0.004703617918549738,7.072272082365695e-11
broad_binary,instantaneous,ML,ML,0.005414548164181547,1.7594657115474283e-09
broad_binary,instantaneous,ML,ML,0.006232932251283096,1.9569726471821073e-08
broad_binary,instantaneous,ML,ML,0.007175011334478982,9.64423180786932e-08
broad_binary,instantaneous,ML,ML,0.008259481344323003,3.1367837280917503e-07
broad_binary,instantaneous,ML,ML,0.009507864015405551,1.3859171672692123e-06
broad_binary,instantaneous,ML,ML,0.010944933993655438,4.37842106401376e-05
broad_binary,instantaneous,ML,ML,0.012599210498948734,0.0004589836476158861
broad_binary,instantaneous,ML,ML,0.014503523300262798,0.0014233437854308333
broad_binary,instantaneous,ML,ML,0.016695664235375485,0.002147995041812454
broad_binary,instantaneous,ML,ML,0.019219137204774604,0.0026622016910333958
broad_binary,instantaneous,ML,ML,0.022124021523702166,0.0034509336594607974
broad_binary,instantaneous,ML,ML,0.025467965765894884,0.004395585900577381
broad_binary,instantaneous,ML,ML,0.02931733182224172,0.005287570046071149
broad_binary,instantaneous,ML,ML,0.033748511878652805,0.006073196311717422
broad_binary,instantaneous,ML,ML,0.038849444449084954,0.006719086255748794
broad_binary,instantaneous,ML,ML,0.0447213595499958,0.007197364985341538
broad_binary,instantaneous,ML,ML,0.051480787649901855,0.007510000085111634
broad_binary,instantaneous,ML,ML,0.05926187226243524,0.007639337874684268
broad_binary,instantaneous,ML,ML,0.06821903207721966,0.007624489742073523
broad_binary,instantaneous,ML,ML,0.07853002545960214,0.0076243874063226386
broad_binary,instantaneous,ML,ML,0.09039947813544373,0.00788657078766212
broad_binary,instantaneous,ML,ML,0.10406294406926557,0.008884726997284091
broad_binary,instantaneous,ML,ML,0.11979158012547445,0.011406242104683663
broad_binary,instantaneous,ML,ML,0.13789752728316457,0.01663406738112926
broad_binary,instantaneous,ML,ML,0.15874010519681997,0.026153241915859018
broad_binary,instantaneous,ML,ML,0.18273294303641843,0.04201610438357988
broad_binary,instantaneous,ML,ML,0.21035218812126566,0.06461294972395994
broad_binary,instantaneous,ML,ML,0.24214595525113236,0.08663397625420825
broad_binary,instantaneous,ML,ML,0.27874520426039606,0.09607798585028116
broad_binary,instantaneous,ML,ML,0.32087626166452965,0.0918283880972284
broad_binary,instantaneous,ML,ML,0.36937523489595164,0.08207792253589861
broad_binary,instantaneous,ML,ML,0.42520460518541836,0.07264187692226588
broad_binary,instantaneous,ML,ML,0.48947232838123617,0.0646264039014144
broad_binary,instantaneous,ML,ML,0.5634538227695682,0.05715458768298801
broad_binary,instantaneous,ML,ML,0.6486172802527936,0.049482044472060394
broad_binary,instantaneous,ML,ML,0.7466528031962326,0.04153071324884833
broad_binary,instantaneous,ML,ML,0.8595059451754261,0.0335870293861648
broad_binary,instantaneous,ML,ML,0.9894163212533295,0.026160187346598057
broad_binary,instantaneous,ML,ML,1.138962054023569,0.0194915468658973
broad_binary,instantaneous,ML,ML,1.3111109374690053,0.013617996539455402
broad_binary,instantaneous,ML,ML,1.5092793340025346,0.008704777391137074
broad_binary,instantaneous,ML,ML,1.7373999735251147,0.004939722164695902
broad_binary,instantaneous,ML,ML,2.0,0.002376826216325075
broad_binary,instantaneous,ML,ML,2.3022908144082455,0.0009065704887730886
broad_binary,instantaneous,ML,ML,2.6502714970542867,0.0002531597791315901
broad_binary,instantaneous,ML,ML,3.0508478616780366,4.800085996282135e-05
broad_binary,instantaneous,ML,ML,3.5119695040491905,5.8375890026654294e-06
broad_binary,instantaneous,ML,ML,4.042787564827166,4.4330544590739226e-07
broad_binary,instantaneous,ML,ML,4.653836337552724,2.106412810244131e-08
broad_binary,instantaneous,ML,ML,5.3572423258534725,6.495239016146288e-10
broad_binary,instantaneous,ML,HL,0.00032430864012639686,8.644227491042934e-30
broad_binary,instantaneous,ML,HL,0.00037332640159811636,1.9096091340391197e-28
broad_binary,instantaneous,ML,HL,0.00042975297258771353,1.9193369120151596e-27
broad_binary,instantaneous,ML,HL,0.0004947081606266652,1.4706134370973825e-26
broad_binary,instantaneous,ML,HL,0.0005694810270117846,1.6303305049603246e-25
broad_binary,instantaneous,ML,HL,0.0006555554687345028,2.7461918952325868e-24
broad_binary,instantaneous,ML,HL,0.000754639667001268,3.379894050617324e-23
broad_binary,instantaneous,ML,HL,0.0008686999867625583,2.8083546017183825e-22
broad_binary,instantaneous,ML,HL,0.0010000000000000002,1.8402187025903138e-21
broad_binary,instantaneous,ML,HL,0.001151145407204123,1.8531455213889276e-20
broad_binary,instantaneous,ML,HL,0.0013251357485271446,3.3894776984113798e-19
broad_binary,instantaneous,ML,HL,0.0015254239308390184,4.077250224589709e-18
broad_binary,instantaneous,ML,HL,0.0017559847520245955,3.034515704858432e-17
broad_binary,instantaneous,ML,HL,0.0020213937824135834,1.6949095041077708e-16
broad_binary,instantaneous,ML,HL,0.0023269181687763643,1.4818148069070517e-15
broad_binary,instantaneous,ML,HL,0.0026786211629267367,3.071755223034295e-14
broad_binary,instantaneous,ML,HL,0.003083482449342879,3.5768646434050174e-13
broad_binary,instantaneous,ML,HL,0.003549536659755571,2.2692110964891345e-12
broad_binary,instantaneous,ML,HL,0.0040860328235802846,1.0260881418716154e-11
broad_binary,instantaneous,ML,HL,0.004703617918549738,7.042560665810144e-11
broad_binary,instantaneous,ML,HL,0.005414548164181547,1.75428374336408e-09
broad_binary,instantaneous,ML,HL,0.006232932251283096,1.9514810843128134e-08
broad_binary,instantaneous,ML,HL,0.007175011334478982,9.617406767247182e-08
broad_binary,instantaneous,ML,HL,0.008259481344323003,3.128225192363893e-07
broad_binary,instantaneous,ML,HL,0.009507864015405551,1.383627487852782e-06
broad_binary,instantaneous,ML,HL,0.010944933993655438,4.3778902523376184e-05
broad_binary,instantaneous,ML,HL,0.012599210498948734,0.0004589754292289517
broad_binary,instantaneous,ML,HL,0.014503523300262798,0.0014233360189315326
broad_binary,instantaneous,ML,HL,0.016695664235375485,0.0021479866046532825
broad_binary,instantaneous,ML,HL,0.019219137204774604,0.0026621897445794737
broad_binary,instantaneous,ML,HL,0.022124021523702166,0.003450918712558894
broad_binary,instantaneous,ML,HL,0.025467965765894884,0.00439556875318977
broad_binary,instantaneous,ML,HL,0.02931733182224172,0.005287550423968119
broad_binary,instantaneous,ML,HL,0.033748511878652805,0.006073173596651652
broad_binary,instantaneous,ML,HL,0.038849444449084954,0.006719059354133643
broad_binary,instantaneous,ML,HL,0.0447213595499958,0.00719733165695535
broad_binary,instantaneous,ML,HL,0.051480787649901855,0.0075099556197375265
broad_binary,instantaneous,ML,HL,0.05926187226243524,0.007639269433153639
broad_binary,instantaneous,ML,HL,0.06821903207721966,0.007624361397942794
broad_binary,instantaneous,ML,HL,0.07853002545960214,0.007624097016547908
broad_binary,instantaneous,ML,HL,0.09039947813544373,0.007885813233991058
broad_binary,instantaneous,ML,HL,0.10406294406926557,0.008882599886225443
broad_binary,instantaneous,ML,HL,0.11979158012547445,0.011400321233885048
broad_binary,instantaneous,ML,HL,0.13789752728316457,0.016618849970381735
broad_binary,instantaneous,ML,HL,0.15874010519681997,0.02611833027836346
broad_binary,instantaneous,ML,HL,0.18273294303641843,0.04194642567820432
broad_binary,instantaneous,ML,HL,0.21035218812126566,0.06449968775986126
broad_binary,instantaneous,ML,HL,0.24214595525113236,0.08649963755540453
broad_binary,instantaneous,ML,HL,0.27874520426039606,0.09597495189548207
broad_binary,instantaneous,ML,HL,0.32087626166452965,0.09178733486357926
broad_binary,instantaneous,ML,HL,0.36937523489595164,0.08208745058731051
broad_binary,instantaneous,ML,HL,0.42520460518541836,0.07267977611804126
broad_binary,instantaneous,ML,HL,0.48947232838123617,0.06467884813956688
broad_binary,instantaneous,ML,HL,0.5634538227695682,0.05721444486087428
broad_binary,instantaneous,ML,HL,0.6486172802527936,0.049544442330735905
broad_binary,instantaneous,ML,HL,0.7466528031962326,0.04159168178176175
broad_binary,instantaneous,ML,HL,0.8595059451754261,0.03364313909954556
broad_binary,instantaneous,ML,HL,0.9894163212533295,0.02620983631981048
broad_binary,instantaneous,ML,HL,1.138962054023569,0.019534062983185482
broad_binary,instantaneous,ML,HL,1.3111109374690053,0.013652233578924674
broad_binary,instantaneous,ML,HL,1.5092793340025346,0.008729892549250443
broad_binary,instantaneous,ML,HL,1.7373999735251147,0.004955988231579976
broad_binary,instantaneous,ML,HL,2.0,0.002385680886568337
broad_binary,instantaneous,ML,HL,2.3022908144082455,0.0009103313553004117
broad_binary,instantaneous,ML,HL,2.6502714970542867,0.00025430494660458146
broad_binary,instantaneous,ML,HL,3.0508478616780366,4.823264986396988e-05
broad_binary,instantaneous,ML,HL,3.5119695040491905,5.867131297038888e-06
broad_binary,instantaneous,ML,HL,4.042787564827166,4.4562330621120165e-07
broad_binary,instantaneous,ML,HL,4.653836337552724,2.117677039947251e-08
broad_binary,instantaneous,ML,HL,5.3572423258534725,6.530529944948272e-10
broad_binary,instantaneous,HL,LL,0.00032430864012639686,8.889847636470098e-30
broad_binary,instantaneous,HL,LL,0.00037332640159811636,1.9634863313033255e-28
broad_binary,instantaneous,HL,LL,0.00042975297258771353,1.973246694513029e-27
broad_binary,instantaneous,HL,LL,0.0004947081606266652,1.5112269096723133e-26
broad_binary,instantaneous,HL,LL,0.0005694810270117846,1.671184770472472e-25
broad_binary,instantaneous,HL,LL,0.0006555554687345028,2.8096812220702387e-24
broad_binary,instantaneous,HL,LL,0.000754639667001268,3.4562711972298215e-23
broad_binary,instantaneous,HL,LL,0.0008686999867625583,2.8713490898683723e-22
broad_binary,instantaneous,HL,LL,0.0010000000000000002,1.880866839091578e-21
broad_binary,instantaneous,HL,LL,0.001151145407204123,1.889128815600897e-20
broad_binary,instantaneous,HL,LL,0.0013251357485271446,3.44826513259782e-19
broad_binary,instantaneous,HL,LL,0.0015254239308390184,4.1461484329336944e-18
broad_binary,instantaneous,HL,LL,0.0017559847520245955,3.085418665105672e-17
broad_binary,instantaneous,HL,LL,0.0020213937824135834,1.7229676718440133e-16
broad_binary,instantaneous,HL,LL,0.0023269181687763643,1.502338539430464e-15
broad_binary,instantaneous,HL,LL,0.0026786211629267367,3.107388640921648e-14
broad_binary,instantaneous,HL,LL,0.003083482449342879,3.617057085150136e-13
broad_binary,instantaneous,HL,LL,0.003549536659755571,2.29451967055149e-12
broad_binary,instantaneous,HL,LL,0.0040860328235802846,1.0373827777256635e-11
broad_binary,instantaneous,HL,LL,0.004703617918549738,7.101901502743295e-11
broad_binary,instantaneous,HL,LL,0.005414548164181547,1.7646253368293088e-09
broad_binary,instantaneous,HL,LL,0.006232932251283096,1.9624391223386315e-08
broad_binary,instantaneous,HL,LL,0.007175011334478982,9.670933050245007e-08
broad_binary,instantaneous,HL,LL,0.008259481344323003,3.145302637247166e-07
broad_binary,instantaneous,HL,LL,0.009507864015405551,1.3881962257812088e-06
broad_binary,instantaneous,HL,LL,0.010944933993655438,4.378949410231343e-05
broad_binary,instantaneous,HL,LL,0.012599210498948734,0.0004589918278099542
broad_binary,instantaneous,HL,LL,0.014503523300262798,0.0014233515158503876
broad_binary,instantaneous,HL,LL,0.016695664235375485,0.0021480034397924003
broad_binary,instantaneous,HL,LL,0.019219137204774604,0.0026622135819976338
broad_binary,instantaneous,HL,LL,0.022124021523702166,0.003450948536930574
broad_binary,instantaneous,HL,LL,0.025467965765894884,0.004395602968321806
broad_binary,instantaneous,HL,LL,0.02931733182224172,0.005287589577062569
broad_binary,instantaneous,HL,LL,0.033748511878652805,0.006073218921374404
broad_binary,instantaneous,HL,LL,0.038849444449084954,0.006719113032716821
broad_binary,instantaneous,HL,LL,0.0447213595499958,0.007197398159938439
broad_binary,instantaneous,HL,LL,0.051480787649901855,0.007510044347689059
broad_binary,instantaneous,HL,LL,0.05926187226243524,0.007639406013172639
broad_binary,instantaneous,HL,LL,0.06821903207721966,0.007624617551081249
broad_binary,instantaneous,HL,LL,0.07853002545960214,0.00762467669547903
broad_binary,instantaneous,HL,LL,0.09039947813544373,0.007887325786162927
broad_binary,instantaneous,HL,LL,0.10406294406926557,0.008886847633375432
broad_binary,instantaneous,HL,LL,0.11979158012547445,0.011412145816471694
broad_binary,instantaneous,HL,LL,0.13789752728316457,0.01664924017033251
broad_binary,instantaneous,HL,LL,0.15874010519681997,0.026188045676154195
broad_binary,instantaneous,HL,LL,0.18273294303641843,0.042085548875905716
broad_binary,instantaneous,HL,LL,0.21035218812126566,0.06472577824198526
broad_binary,instantaneous,HL,LL,0.24214595525113236,0.08676768944106321
broad_binary,instantaneous,HL,LL,0.27874520426039606,0.0961803811418594
broad_binary,instantaneous,HL,LL,0.32087626166452965,0.09186901856867823
broad_binary,instantaneous,HL,LL,0.36937523489595164,0.08206824946135353
broad_binary,instantaneous,HL,LL,0.42520460518541836,0.07260403864957105
broad_binary,instantaneous,HL,LL,0.48947232838123617,0.06457414917281593
broad_binary,instantaneous,HL,LL,0.5634538227695682,0.05709499900258872
broad_binary,instantaneous,HL,LL,0.6486172802527936,0.04941995876249847
broad_binary,instantaneous,HL,LL,0.7466528031962326,0.041470072414927665
broad_binary,instantaneous,HL,LL,0.8595059451754261,0.03353123567834478
broad_binary,instantaneous,HL,LL,0.9894163212533295,0.026110830346274615
broad_binary,instantaneous,HL,LL,1.138962054023569,0.01944929587575854
broad_binary,instantaneous,HL,LL,1.3111109374690053,0.013583987795124963
broad_binary,instantaneous,HL,LL,1.5092793340025346,0.00867984147608299
broad_binary,instantaneous,HL,LL,1.7373999735251147,0.004923580344013901
broad_binary,instantaneous,HL,LL,2.0,0.002368043775961122
broad_binary,instantaneous,HL,LL,2.3022908144082455,0.0009028421423047837
broad_binary,instantaneous,HL,LL,2.6502714970542867,0.0002520249910857846
broad_binary,instantaneous,HL,LL,3.0508478616780366,4.7771246831860934e-05
broad_binary,instantaneous,HL,LL,3.5119695040491905,5.80833128968387e-06
broad_binary,instantaneous,HL,LL,4.042787564827166,4.4101031156630396e-07
broad_binary,instantaneous,HL,LL,4.653836337552724,2.0952603749892196e-08
broad_binary,instantaneous,HL,LL,5.3572423258534725,6.460301362100845e-10
broad_binary,instantaneous,HL,ML,0.00032430864012639686,2.5158184868653396e-29
broad_binary,instantaneous,HL,ML,0.00037332640159811636,5.5127239546306035e-28
broad_binary,instantaneous,HL,ML,0.00042975297258771353,5.513326940189661e-27
broad_binary,instantaneous,HL,ML,0.0004947081606266652,4.1561467344965144e-26
broad_binary,instantaneous,HL,ML,0.0005694810270117846,4.206393718832796e-25
broad_binary,instantaneous,HL,ML,0.0006555554687345028,6.5740304532837884e-24
broad_binary,instantaneous,HL,ML,0.000754639667001268,7.921983630098386e-23
broad_binary,instantaneous,HL,ML,0.0008686999867625583,6.538334750671058e-22
broad_binary,instantaneous,HL,ML,0.0010000000000000002,4.233172447208632e-21
broad_binary,instantaneous,HL,ML,0.001151145407204123,3.875049204929061e-20
broad_binary,instantaneous,HL,ML,0.0013251357485271446,6.538149606775401e-19
broad_binary,instantaneous,HL,ML,0.0015254239308390184,7.722791722759893e-18
broad_binary,instantaneous,HL,ML,0.0017559847520245955,5.718881088006452e-17
broad_binary,instantaneous,HL,ML,0.0020213937824135834,3.169433418453338e-16
broad_binary,instantaneous,HL,ML,0.0023269181687763643,2.5153766973129667e-15
broad_binary,instantaneous,HL,ML,0.0026786211629267367,4.7741155970889184e-14
broad_binary,instantaneous,HL,ML,0.003083482449342879,5.476380955974621e-13
broad_binary,instantaneous,HL,ML,0.003549536659755571,3.4623328830758446e-12
broad_binary,instantaneous,HL,ML,0.0040860328235802846,1.5575080058009594e-11
broad_binary,instantaneous,HL,ML,0.004703617918549738,9.745706377010805e-11
broad_binary,instantaneous,HL,ML,0.005414548164181547,2.1972826813617196e-09
broad_binary,instantaneous,HL,ML,0.006232932251283096,2.4159594790218724e-08
broad_binary,instantaneous,HL,ML,0.007175011334478982,1.1881856100147905e-07
broad_binary,instantaneous,HL,ML,0.008259481344323003,3.8502431330332527e-07
broad_binary,instantaneous,HL,ML,0.009507864015405551,1.5767210617895966e-06
broad_binary,instantaneous,HL,ML,0.010944933993655438,4.422643297783819e-05
broad_binary,instantaneous,HL,ML,0.012599210498948734,0.0004596682521758875
broad_binary,instantaneous,HL,ML,0.014503523300262798,0.001423990793312049
broad_binary,instantaneous,HL,ML,0.016695664235375485,0.002148697977672627
broad_binary,instantaneous,HL,ML,0.019219137204774604,0.0026631969499432747
broad_binary,instantaneous,HL,ML,0.022124021523702166,0.003452178865293597
broad_binary,instantaneous,HL,ML,0.025467965765894884,0.004397014463975686
broad_binary,instantaneous,HL,ML,0.02931733182224172,0.005289204871562565
broad_binary,instantaneous,HL,ML,0.033748511878652805,0.006075089059426045
broad_binary,instantaneous,HL,ML,0.038849444449084954,0.006721328533419998
broad_binary,instantaneous,HL,ML,0.0447213595499958,0.007200145261311565
broad_binary,instantaneous,HL,ML,0.051480787649901855,0.007513718197887962
broad_binary,instantaneous,HL,ML,0.05926187226243524,0.007645094611247772
broad_binary,instantaneous,HL,ML,0.06821903207721966,0.007635408142248164
broad_binary,instantaneous,HL,ML,0.07853002545960214,0.0076494983040523955
broad_binary,instantaneous,HL,ML,0.09039947813544373,0.007953232123530758
broad_binary,instantaneous,HL,ML,0.10406294406926557,0.009074380493265258
broad_binary,instantaneous,HL,ML,0.11979158012547445,0.01193688529948392
broad_binary,instantaneous,HL,ML,0.13789752728316457,0.017994787369417287
broad_binary,instantaneous,HL,ML,0.15874010519681997,0.029252538447486806
broad_binary,instantaneous,HL,ML,0.18273294303641843,0.048128527319774544
broad_binary,instantaneous,HL,ML,0.21035218812126566,0.07434937100663189
broad_binary,instantaneous,HL,ML,0.24214595525113236,0.09777428091336157
broad_binary,instantaneous,HL,ML,0.27874520426039606,0.1040636777437712
broad_binary,instantaneous,HL,ML,0.32087626166452965,0.09443923778638254
broad_binary,instantaneous,HL,ML,0.36937523489595164,0.08065280157316886
broad_binary,instantaneous,HL,ML,0.42520460518541836,0.06911645999379018
broad_binary,instantaneous,HL,ML,0.48947232838123617,0.0600962044686624
broad_binary,instantaneous,HL,ML,0.5634538227695682,0.052154905909865136
broad_binary,instantaneous,HL,ML,0.6486172802527936,0.04437561911193542
broad_binary,instantaneous,HL,ML,0.7466528031962326,0.036615357611281006
broad_binary,instantaneous,HL,ML,0.8595059451754261,0.029111774820507825
broad_binary,instantaneous,HL,ML,0.9894163212533295,0.022242446619705217
broad_binary,instantaneous,HL,ML,1.138962054023569,0.01618595791484055
broad_binary,instantaneous,HL,ML,1.3111109374690053,0.011002729389482794
broad_binary,instantaneous,HL,ML,1.5092793340025346,0.006822431508245295
broad_binary,instantaneous,HL,ML,1.7373999735251147,0.0037449488435291377
broad_binary,instantaneous,HL,ML,2.0,0.0017397570777877474
broad_binary,instantaneous,HL,ML,2.3022908144082455,0.000641191791320973
broad_binary,instantaneous,HL,ML,2.6502714970542867,0.00017367425929795403
broad_binary,instantaneous,HL,ML,3.0508478616780366,3.211920509904793e-05
broad_binary,instantaneous,HL,ML,3.5119695040491905,3.832660579202473e-06
broad_binary,instantaneous,HL,ML,4.042787564827166,2.8706283600383933e-07
broad_binary,instantaneous,HL,ML,4.653836337552724,1.350698924283444e-08
broad_binary,instantaneous,HL,ML,5.3572423258534725,4.1355651970859034e-10
broad_binary,instantaneous,HL,HL,0.00032430864012639686,7.145456529183909e-29
broad_binary,instantaneous,HL,HL,0.00037332640159811636,1.5509883653104594e-27
broad_binary,instantaneous,HL,HL,0.00042975297258771353,1.542553110571058e-26
broad_binary,instantaneous,HL,HL,0.0004947081606266652,1.146780827826169e-25
broad_binary,instantaneous,HL,HL,0.0005694810270117846,1.0703745301375035e-24
broad_binary,instantaneous,HL,HL,0.0006555554687345028,1.547442637269043e-23
broad_binary,instantaneous,HL,HL,0.000754639667001268,1.8201462836828788e-22
broad_binary,instantaneous,HL,HL,0.0008686999867625583,1.4906940154721441e-21
broad_binary,instantaneous,HL,HL,0.0010000000000000002,9.550203591399717e-21
broad_binary,instantaneous,HL,HL,0.001151145407204123,8.034913871042602e-20
broad_binary,instantaneous,HL,HL,0.0013251357485271446,1.2460063100805527e-18
broad_binary,instantaneous,HL,HL,0.0015254239308390184,1.441085680662587e-17
broad_binary,instantaneous,HL,HL,0.0017559847520245955,1.0609543206640413e-16
broad_binary,instantaneous,HL,HL,0.0020213937824135834,5.839463925257886e-16
broad_binary,instantaneous,HL,HL,0.0023269181687763643,4.25662140016559e-15
broad_binary,instantaneous,HL,HL,0.0026786211629267367,7.364935729938563e-14
broad_binary,instantaneous,HL,HL,0.003083482449342879,8.301833492719506e-13
broad_binary,instantaneous,HL,HL,0.003549536659755571,5.227573587752058e-12
broad_binary,instantaneous,HL,HL,0.0040860328235802846,2.340861762524111e-11
broad_binary,instantaneous,HL,HL,0.004703617918549738,1.3513826661477304e-10
broad_binary,instantaneous,HL,HL,0.005414548164181547,2.7444218872489076e-09
broad_binary,instantaneous,HL,HL,0.006232932251283096,2.9765090118767907e-08
broad_binary,instantaneous,HL,HL,0.007175011334478982,1.460292364503681e-07
broad_binary,instantaneous,HL,HL,0.008259481344323003,4.7166416720918877e-07
broad_binary,instantaneous,HL,HL,0.009507864015405551,1.8082431778431628e-06
broad_binary,instantaneous,HL,HL,0.010944933993655438,4.476272403605889e-05
broad_binary,instantaneous,HL,HL,0.012599210498948734,0.00046049828826728536
broad_binary,instantaneous,HL,HL,0.014503523300262798,0.0014247753686478636
broad_binary,instantaneous,HL,HL,0.016695664235375485,0.002149550523359102
broad_binary,instantaneous,HL,HL,0.019219137204774604,0.0026644038995129746
broad_binary,instantaneous,HL,HL,0.022124021523702166,0.0034536888715333137
broad_binary,instantaneous,HL,HL,0.025467965765894884,0.004398746921663968
broad_binary,instantaneous,HL,HL,0.02931733182224172,0.005291187714722417
broad_binary,instantaneous,HL,HL,0.033748511878652805,0.006077385358526952
broad_binary,instantaneous,HL,HL,0.038849444449084954,0.006724050783965918
broad_binary,instantaneous,HL,HL,0.0447213595499958,0.0072035272751792365
broad_binary,instantaneous,HL,HL,0.051480787649901855,0.007518266515388701
broad_binary,instantaneous,HL,HL,0.05926187226243524,0.0076522357517723695
broad_binary,instantaneous,HL,HL,0.06821903207721966,0.00764931093086692
broad_binary,instantaneous,HL,HL,0.07853002545960214,0.0076826294515264714
broad_binary,instantaneous,HL,HL,0.09039947813544373,0.008044309277700825
broad_binary,instantaneous,HL,HL,0.10406294406926557,0.009339603845918885
broad_binary,instantaneous,HL,HL,0.11979158012547445,0.012683570449711946
broad_binary,instantaneous,HL,HL,0.13789752728316457,0.0198941436524989
broad_binary,instantaneous,HL,HL,0.15874010519681997,0.03350579880651038
broad_binary,instantaneous,HL,HL,0.18273294303641843,0.05629703827762377
broad_binary,instantaneous,HL,HL,0.21035218812126566,0.08678797305087907
broad_binary,instantaneous,HL,HL,0.24214595525113236,0.11088805300505077
broad_binary,instantaneous,HL,HL,0.27874520426039606,0.11201124422583433
broad_binary,instantaneous,HL,HL,0.32087626166452965,0.09555842680176493
broad_binary,instantaneous,HL,HL,0.36937523489595164,0.07747872396060593
broad_binary,instantaneous,HL,HL,0.42520460518541836,0.06408276506586265
broad_binary,instantaneous,HL,HL,0.48947232838123617,0.05433769934234249
broad_binary,instantaneous,HL,HL,0.5634538227695682,0.04616643582067872
broad_binary,instantaneous,HL,HL,0.6486172802527936,0.038493485166578925
broad_binary,instantaneous,HL,HL,0.7466528031962326,0.031121253372614906
broad_binary,instantaneous,HL,HL,0.8595059451754261,0.024226781581242196
broad_binary,instantaneous,HL,HL,0.9894163212533295,0.018071280956383627
broad_binary,instantaneous,HL,HL,1.138962054023569,0.012780041932638176
broad_binary,instantaneous,HL,HL,1.3111109374690053,0.008409329280426325
broad_binary,instantaneous,HL,HL,1.5092793340025346,0.005031162732091355
broad_binary,instantaneous,HL,HL,1.7373999735251147,0.002656689088997405
broad_binary,instantaneous,HL,HL,2.0,0.001185035504297592
broad_binary,instantaneous,HL,HL,2.3022908144082455,0.00041975522452283095
broad_binary,instantaneous,HL,HL,2.6502714970542867,0.0001097338390320198
broad_binary,instantaneous,HL,HL,3.0508478616780366,1.9709563805857928e-05
broad_binary,instantaneous,HL,HL,3.5119695040491905,2.299633679731338e-06
broad_binary,instantaneous,HL,HL,4.042787564827166,1.6943265865196087e-07
broad_binary,instantaneous,HL,HL,4.653836337552724,7.87910519153703e-09
broad_binary,instantaneous,HL,HL,5.3572423258534725,2.391953364455565e-10
broad_binary,finite_time,LL,LL,0.00032430864012639686,8.991027562869801e-29
broad_binary,finite_time,LL,LL,0.00037332640159811636,1.9228327397714515e-27
broad_binary,finite_time,LL,LL,0.00042975297258771353,1.9010506444627202e-26
broad_binary,finite_time,LL,LL,0.0004947081606266652,1.4077868672851162e-25
broad_binary,finite_time,LL,LL,0.0005694810270117846,1.2930108566929481e-24
broad_binary,finite_time,LL,LL,0.0006555554687345028,1.8388546601533575e-23
broad_binary,finite_time,LL,LL,0.000754639667001268,2.1520877610460017e-22
broad_binary,finite_time,LL,LL,0.0008686999867625583,1.7602435437266354e-21
broad_binary,finite_time,LL,LL,0.0010000000000000002,1.1258184864498944e-20
broad_binary,finite_time,LL,LL,0.001151145407204123,9.319394853708242e-20
broad_binary,finite_time,LL,LL,0.0013251357485271446,1.419727790801415e-18
broad_binary,finite_time,LL,LL,0.0015254239308390184,1.6349760014533955e-17
broad_binary,finite_time,LL,LL,0.0017559847520245955,1.2026610563912206e-16
broad_binary,finite_time,LL,LL,0.0020213937824135834,6.613047728349022e-16
broad_binary,finite_time,LL,LL,0.0023269181687763643,4.7420842264841084e-15
broad_binary,finite_time,LL,LL,0.0026786211629267367,8.044524539669395e-14
broad_binary,finite_time,LL,LL,0.003083482449342879,9.036201000672362e-13
broad_binary,finite_time,LL,LL,0.003549536659755571,5.687390358441459e-12
broad_binary,finite_time,LL,LL,0.0040860328235802846,2.5454022254934443e-11
broad_binary,finite_time,LL,LL,0.004703617918549738,1.4468379988684964e-10
broad_binary,finite_time,LL,LL,0.005414548164181547,2.8727393775145066e-09
broad_binary,finite_time,LL,LL,0.006232932251283096,3.107126662624966e-08
broad_binary,finite_time,LL,LL,0.007175011334478982,1.5241009227059795e-07
broad_binary,finite_time,LL,LL,0.008259481344323003,4.920879854889813e-07
broad_binary,finite_time,LL,LL,0.009507864015405551,1.8630020874805267e-06
broad_binary,finite_time,LL,LL,0.010944933993655438,4.489022723534585e-05
broad_binary,finite_time,LL,LL,0.012599210498948734,0.00046069872201756574
broad_binary,finite_time,LL,LL,0.014503523300262798,0.0014249704019307855
broad_binary,finite_time,LL,LL,0.016695664235375485,0.002149766986543503
broad_binary,finite_time,LL,LL,0.019219137204774604,0.002664714761437188
broad_binary,finite_time,LL,LL,0.022124021523702166,0.0034540876562860904
broad_binary,finite_time,LL,LL,0.025467965765894884,0.004399219350453829
broad_binary,finite_time,LL,LL,0.02931733182224172,0.005291747763782862
broad_binary,finite_time,LL,LL,0.033748511878652805,0.006078059167156658
broad_binary,finite_time,LL,LL,0.038849444449084954,0.006724882157746859
broad_binary,finite_time,LL,LL,0.0447213595499958,0.007204602863965253
broad_binary,finite_time,LL,LL,0.051480787649901855,0.007519773781923763
broad_binary,finite_time,LL,LL,0.05926187226243524,0.007654698950845089
broad_binary,finite_time,LL,LL,0.06821903207721966,0.007654309677089348
broad_binary,finite_time,LL,LL,0.07853002545960214,0.0076950613873933565
broad_binary,finite_time,LL,LL,0.09039947813544373,0.00807965035768364
broad_binary,finite_time,LL,LL,0.10406294406926557,0.009443967749399903
broad_binary,finite_time,LL,LL,0.11979158012547445,0.012974611392379605
broad_binary,finite_time,LL,LL,0.13789752728316457,0.020613298656814414
broad_binary,finite_time,LL,LL,0.15874010519681997,0.03504736884153151
broad_binary,finite_time,LL,LL,0.18273294303641843,0.05907532883471106
broad_binary,finite_time,LL,LL,0.21035218812126566,0.09058706542067363
broad_binary,finite_time,LL,LL,0.24214595525113236,0.11408812628275107
broad_binary,finite_time,LL,LL,0.27874520426039606,0.1128860073750303
broad_binary,finite_time,LL,LL,0.32087626166452965,0.09446484784382876
broad_binary,finite_time,LL,LL,0.36937523489595164,0.07577482129127362
broad_binary,finite_time,LL,LL,0.42520460518541836,0.06245628493031056
broad_binary,finite_time,LL,LL,0.48947232838123617,0.052872004382726476
broad_binary,finite_time,LL,LL,0.5634538227695682,0.04480742885154512
broad_binary,finite_time,LL,LL,0.6486172802527936,0.03722654591902382
broad_binary,finite_time,LL,LL,0.7466528031962326,0.029969705890318485
broad_binary,finite_time,LL,LL,0.8595059451754261,0.023221438307524586
broad_binary,finite_time,LL,LL,0.9894163212533295,0.017228318077430624
broad_binary,finite_time,LL,LL,1.138962054023569,0.012107026874392388
broad_binary,finite_time,LL,LL,1.3111109374690053,0.007909874231969562
broad_binary,finite_time,LL,LL,1.5092793340025346,0.0046956044704598915
broad_binary,finite_time,LL,LL,1.7373999735251147,0.002458747319157477
broad_binary,finite_time,LL,LL,2.0,0.0010871610654238067
broad_binary,finite_time,LL,LL,2.3022908144082455,0.0003818035045321769
broad_binary,finite_time,LL,LL,2.6502714970542867,9.904877288776485e-05
broad_binary,finite_time,LL,LL,3.0508478616780366,1.7677570603062762e-05
broad_binary,finite_time,LL,LL,3.5119695040491905,2.052434646094824e-06
broad_binary,finite_time,LL,LL,4.042787564827166,1.5067380993867557e-07
broad_binary,finite_time,LL,LL,4.653836337552724,6.988612126463527e-09
broad_binary,finite_time,LL,LL,5.3572423258534725,2.1175455722562973e-10
broad_binary,finite_time,LL,ML,0.00032430864012639686,2.699520255889717e-29
broad_binary,finite_time,LL,ML,0.00037332640159811636,5.911772038735871e-28
broad_binary,finite_time,LL,ML,0.00042975297258771353,5.910339640272433e-27
broad_binary,finite_time,LL,ML,0.0004947081606266652,4.450998573493033e-26
broad_binary,finite_time,LL,ML,0.0005694810270117846,4.479119259923979e-25
broad_binary,finite_time,LL,ML,0.0006555554687345028,6.964478923693767e-24
broad_binary,finite_time,LL,ML,0.000754639667001268,8.379754439313545e-23
broad_binary,finite_time,LL,ML,0.0008686999867625583,6.912815881147042e-22
broad_binary,finite_time,LL,ML,0.0010000000000000002,4.472297300907463e-21
broad_binary,finite_time,LL,ML,0.001151145407204123,4.069565362063988e-20
broad_binary,finite_time,LL,ML,0.0013251357485271446,6.8284463505764655e-19
broad_binary,finite_time,LL,ML,0.0015254239308390184,8.055075586552087e-18
broad_binary,finite_time,LL,ML,0.0017559847520245955,5.962779162058778e-17
broad_binary,finite_time,LL,ML,0.0020213937824135834,3.3030012435151624e-16
broad_binary,finite_time,LL,ML,0.0023269181687763643,2.6056037770008495e-15
broad_binary,finite_time,LL,ML,0.0026786211629267367,4.9154865503135585e-14
broad_binary,finite_time,LL,ML,0.003083482449342879,5.63241460351045e-13
broad_binary,finite_time,LL,ML,0.003549536659755571,3.5600921941750835e-12
broad_binary,finite_time,LL,ML,0.0040860328235802846,1.600969389692759e-11
broad_binary,finite_time,LL,ML,0.004703617918549738,9.960309031116403e-11
broad_binary,finite_time,LL,ML,0.005414548164181547,2.2303444566293333e-09
broad_binary,finite_time,LL,ML,0.006232932251283096,2.450231295955024e-08
broad_binary,finite_time,LL,ML,0.007175011334478982,1.2048587687905676e-07
broad_binary,finite_time,LL,ML,0.008259481344323003,3.903369059117761e-07
broad_binary,finite_time,LL,ML,0.009507864015405551,1.5909233304127175e-06
broad_binary,finite_time,LL,ML,0.010944933993655438,4.425934025597363e-05
broad_binary,finite_time,LL,ML,0.012599210498948734,0.0004597191900936434
broad_binary,finite_time,LL,ML,0.014503523300262798,0.0014240389375085795
broad_binary,finite_time,LL,ML,0.016695664235375485,0.0021487502879977663
broad_binary,finite_time,LL,ML,0.019219137204774604,0.0026632710099984266
broad_binary,finite_time,LL,ML,0.022124021523702166,0.003452271523007676
broad_binary,finite_time,LL,ML,0.025467965765894884,0.00439712076863539
broad_binary,finite_time,LL,ML,0.02931733182224172,0.00528932653221552
broad_binary,finite_time,LL,ML,0.033748511878652805,0.006075229932609113
broad_binary,finite_time,LL,ML,0.038849444449084954,0.006721495476553846
broad_binary,finite_time,LL,ML,0.0447213595499958,0.00720035244935911
broad_binary,finite_time,LL,ML,0.051480787649901855,0.00751399599871473
broad_binary,finite_time,LL,ML,0.05926187226243524,0.007645527527614776
broad_binary,finite_time,LL,ML,0.06821903207721966,0.0076362393723158565
broad_binary,finite_time,LL,ML,0.07853002545960214,0.007651442990263431
broad_binary,finite_time,LL,ML,0.09039947813544373,0.007958485192169967
broad_binary,finite_time,LL,ML,0.10406294406926557,0.009089510018214291
broad_binary,finite_time,LL,ML,0.11979158012547445,0.011979389214334765
broad_binary,finite_time,LL,ML,0.13789752728316457,0.018103440768747387
broad_binary,finite_time,LL,ML,0.15874010519681997,0.02949810825718903
broad_binary,finite_time,LL,ML,0.18273294303641843,0.04860684734555732
broad_binary,finite_time,LL,ML,0.21035218812126566,0.07509524515446407
broad_binary,finite_time,LL,ML,0.24214595525113236,0.09859529821161586
broad_binary,finite_time,LL,ML,0.27874520426039606,0.10460817817233964
broad_binary,finite_time,LL,ML,0.32087626166452965,0.09457080814749712
broad_binary,finite_time,LL,ML,0.36937523489595164,0.08050020151408274
broad_binary,finite_time,LL,ML,0.42520460518541836,0.06882833241073762
broad_binary,finite_time,LL,ML,0.48947232838123617,0.05974886903702569
broad_binary,finite_time,LL,ML,0.5634538227695682,0.051783533529304565
broad_binary,finite_time,LL,ML,0.6486172802527936,0.044003948560515496
broad_binary,finite_time,LL,ML,0.7466528031962326,0.03626306113061345
broad_binary,finite_time,LL,ML,0.8595059451754261,0.02879474845233653
broad_binary,finite_time,LL,ML,0.9894163212533295,0.021968248127617638
broad_binary,finite_time,LL,ML,1.138962054023569,0.0159583578537892
broad_binary,finite_time,LL,ML,1.3111109374690053,0.01082612986318384
broad_binary,finite_time,LL,ML,1.5092793340025346,0.006697979957228133
broad_binary,finite_time,LL,ML,1.7373999735251147,0.003667725118205353
broad_binary,finite_time,LL,ML,2.0,0.001699536903624864
broad_binary,finite_time,LL,ML,2.3022908144082455,0.0006248083256466756
broad_binary,finite_time,LL,ML,2.6502714970542867,0.00016886084706293632
broad_binary,finite_time,LL,ML,3.0508478616780366,3.117209979318702e-05
broad_binary,finite_time,LL,ML,3.5119695040491905,3.7144573892821616e-06
broad_binary,finite_time,LL,ML,4.042787564827166,2.779264960948805e-07
broad_binary,finite_time,LL,ML,4.653836337552724,1.3067620555366148e-08
broad_binary,finite_time,LL,ML,5.3572423258534725,3.998939723932148e-10
broad_binary,finite_time,LL,HL,0.00032430864012639686,8.350360828723183e-30
broad_binary,finite_time,LL,HL,0.00037332640159811636,1.871187910891454e-28
broad_binary,finite_time,LL,HL,0.00042975297258771353,1.891227512852348e-27
broad_binary,finite_time,LL,HL,0.0004947081606266652,1.4517473914380342e-26
broad_binary,finite_time,LL,HL,0.0005694810270117846,1.6128526407974495e-25
broad_binary,finite_time,LL,HL,0.0006555554687345028,2.7194871374955845e-24
broad_binary,finite_time,LL,HL,0.000754639667001268,3.3464784728498686e-23
broad_binary,finite_time,LL,HL,0.0008686999867625583,2.779569843402029e-22
broad_binary,finite_time,LL,HL,0.0010000000000000002,1.821003356777475e-21
broad_binary,finite_time,LL,HL,0.001151145407204123,1.8368088159198618e-20
broad_binary,finite_time,LL,HL,0.0013251357485271446,3.3630033596344363e-19
broad_binary,finite_time,LL,HL,0.0015254239308390184,4.044330789580128e-18
broad_binary,finite_time,LL,HL,0.0017559847520245955,3.00874596101807e-17
broad_binary,finite_time,LL,HL,0.0020213937824135834,1.6800293997430977e-16
broad_binary,finite_time,LL,HL,0.0023269181687763643,1.471490153328676e-15
broad_binary,finite_time,LL,HL,0.0026786211629267367,3.05429368634646e-14
broad_binary,finite_time,LL,HL,0.003083482449342879,3.555374705310701e-13
broad_binary,finite_time,LL,HL,0.003549536659755571,2.254565856553772e-12
broad_binary,finite_time,LL,HL,0.0040860328235802846,1.0191546798341734e-11
broad_binary,finite_time,LL,HL,0.004703617918549738,7.007853902964162e-11
broad_binary,finite_time,LL,HL,0.005414548164181547,1.7486719586340599e-09
broad_binary,finite_time,LL,HL,0.006232932251283096,1.944706900449052e-08
broad_binary,finite_time,LL,HL,0.007175011334478982,9.580329373044511e-08
broad_binary,finite_time,LL,HL,0.008259481344323003,3.115545174008543e-07
broad_binary,finite_time,LL,HL,0.009507864015405551,1.3800931845755862e-06
broad_binary,finite_time,LL,HL,0.010944933993655438,4.3770230272574855e-05
broad_binary,finite_time,LL,HL,0.012599210498948734,0.00045895989489840787
broad_binary,finite_time,LL,HL,0.014503523300262798,0.0014233175936317526
broad_binary,finite_time,LL,HL,0.016695664235375485,0.002147963549995633
broad_binary,finite_time,LL,HL,0.019219137204774604,0.002662154114924865
broad_binary,finite_time,LL,HL,0.022124021523702166,0.0034508674929509217
broad_binary,finite_time,LL,HL,0.025467965765894884,0.00439549999685058
broad_binary,finite_time,LL,HL,0.02931733182224172,0.005287458799282639
broad_binary,finite_time,LL,HL,0.033748511878652805,0.006073050731887871
broad_binary,finite_time,LL,HL,0.038849444449084954,0.006718892418246071
broad_binary,finite_time,LL,HL,0.0447213595499958,0.007197097709022426
broad_binary,finite_time,LL,HL,0.051480787649901855,0.007509608595696451
broad_binary,finite_time,LL,HL,0.05926187226243524,0.007638692461647609
broad_binary,finite_time,LL,HL,0.06821903207721966,0.00762321777868092
broad_binary,finite_time,LL,HL,0.07853002545960214,0.007621374908702953
broad_binary,finite_time,LL,HL,0.09039947813544373,0.007878394433864256
broad_binary,finite_time,LL,HL,0.10406294406926557,0.008861260881137948
broad_binary,finite_time,LL,HL,0.11979158012547445,0.011341303386060951
broad_binary,finite_time,LL,HL,0.13789752728316457,0.016473169487308852
broad_binary,finite_time,LL,HL,0.15874010519681997,0.025807866505247686
broad_binary,finite_time,LL,HL,0.18273294303641843,0.04139456736696729
broad_binary,finite_time,LL,HL,0.21035218812126566,0.06376689080533261
broad_binary,finite_time,LL,HL,0.24214595525113236,0.08595884434231592
broad_binary,finite_time,LL,HL,0.27874520426039606,0.0960545900794988
broad_binary,finite_time,LL,HL,0.32087626166452965,0.09239420370402963
broad_binary,finite_time,LL,HL,0.36937523489595164,0.08275552592738908
broad_binary,finite_time,LL,HL,0.42520460518541836,0.07312741044274443
broad_binary,finite_time,LL,HL,0.48947232838123617,0.0649068141270649
broad_binary,finite_time,LL,HL,0.5634538227695682,0.057320090618491915
broad_binary,finite_time,LL,HL,0.6486172802527936,0.04960121858168741
broad_binary,finite_time,LL,HL,0.7466528031962326,0.04163226950720933
broad_binary,finite_time,LL,HL,0.8595059451754261,0.03367716889321925
broad_binary,finite_time,LL,HL,0.9894163212533295,0.026239338303216543
broad_binary,finite_time,LL,HL,1.138962054023569,0.01955924125588284
broad_binary,finite_time,LL,HL,1.3111109374690053,0.01367250508610729
broad_binary,finite_time,LL,HL,1.5092793340025346,0.00874476749845472
broad_binary,finite_time,LL,HL,1.7373999735251147,0.004965625733702208
broad_binary,finite_time,LL,HL,2.0,0.0023909291560045196
broad_binary,finite_time,LL,HL,2.3022908144082455,0.0009125611585921255
broad_binary,finite_time,LL,HL,2.6502714970542867,0.0002549840490580362
broad_binary,finite_time,LL,HL,3.0508478616780366,4.837011559192579e-05
broad_binary,finite_time,LL,HL,3.5119695040491905,5.884651052137255e-06
broad_binary,finite_time,LL,HL,4.042787564827166,4.4699771832173165e-07
broad_binary,finite_time,LL,HL,4.653836337552724,2.124355015605375e-08
broad_binary,finite_time,LL,HL,5.3572423258534725,6.551582995204187e-10
broad_binary,finite_time,ML,LL,0.00032430864012639686,8.87392057969203e-30
broad_binary,finite_time,ML,LL,0.00037332640159811636,1.9599930762295127e-28
broad_binary,finite_time,ML,LL,0.00042975297258771353,1.9697515490336918e-27
broad_binary,finite_time,ML,LL,0.0004947081606266652,1.5085942875762496e-26
broad_binary,finite_time,ML,LL,0.0005694810270117846,1.6685393381704972e-25
broad_binary,finite_time,ML,LL,0.0006555554687345028,2.805574027448471e-24
broad_binary,finite_time,ML,LL,0.000754639667001268,3.451331679894147e-23
broad_binary,finite_time,ML,LL,0.0008686999867625583,2.8672754320429097e-22
broad_binary,finite_time,ML,LL,0.0010000000000000002,1.8782385957482785e-21
broad_binary,finite_time,ML,LL,0.001151145407204123,1.8868046837586922e-20
broad_binary,finite_time,ML,LL,0.0013251357485271446,3.444472100328311e-19
broad_binary,finite_time,ML,LL,0.0015254239308390184,4.141704198536648e-18
broad_binary,finite_time,ML,LL,0.0017559847520245955,3.08213543728439e-17
broad_binary,finite_time,ML,LL,0.0020213937824135834,1.7211580732017067e-16
broad_binary,finite_time,ML,LL,0.0023269181687763643,1.5010162134175087e-15
broad_binary,finite_time,ML,LL,0.0026786211629267367,3.1050955638691364e-14
broad_binary,finite_time,ML,LL,0.003083482449342879,3.6144712436997095e-13
broad_binary,finite_time,ML,LL,0.003549536659755571,2.29289149442626e-12
broad_binary,finite_time,ML,LL,0.0040860328235802846,1.0366561938971298e-11
broad_binary,finite_time,ML,LL,0.004703617918549738,7.098087161974521e-11
broad_binary,finite_time,ML,LL,0.005414548164181547,1.7639615617249597e-09
broad_binary,finite_time,ML,LL,0.006232932251283096,1.9617359504394625e-08
broad_binary,finite_time,ML,LL,0.007175011334478982,9.667498445565266e-08
broad_binary,finite_time,ML,LL,0.008259481344323003,3.1442068495421827e-07
broad_binary,finite_time,ML,LL,0.009507864015405551,1.3879030714649104e-06
broad_binary,finite_time,ML,LL,0.010944933993655438,4.3788814494655195e-05
broad_binary,finite_time,ML,LL,0.012599210498948734,0.0004589907755990822
broad_binary,finite_time,ML,LL,0.014503523300262798,0.0014233505214928676
broad_binary,finite_time,ML,LL,0.016695664235375485,0.0021480023595662353
broad_binary,finite_time,ML,LL,0.019219137204774604,0.0026622120524722056
broad_binary,finite_time,ML,LL,0.022124021523702166,0.0034509466232535927
broad_binary,finite_time,ML,LL,0.025467965765894884,0.004395600772910959
broad_binary,finite_time,ML,LL,0.02931733182224172,0.005287587064804717
broad_binary,finite_time,ML,LL,0.033748511878652805,0.006073216013106335
broad_binary,finite_time,ML,LL,0.038849444449084954,0.006719109588399177
broad_binary,finite_time,ML,LL,0.0447213595499958,0.0071973938926591105
broad_binary,finite_time,ML,LL,0.051480787649901855,0.007510038654019121
broad_binary,finite_time,ML,LL,0.05926187226243524,0.007639397247740542
broad_binary,finite_time,ML,LL,0.06821903207721966,0.0076246011076932935
broad_binary,finite_time,ML,LL,0.07853002545960214,0.0076246394705491265
broad_binary,finite_time,ML,LL,0.09039947813544373,0.00788722861737061
broad_binary,finite_time,ML,LL,0.10406294406926557,0.00888657466707718
broad_binary,finite_time,ML,LL,0.11979158012547445,0.011411385848065015
broad_binary,finite_time,ML,LL,0.13789752728316457,0.016647287048861
broad_binary,finite_time,ML,LL,0.15874010519681997,0.02618356586096088
broad_binary,finite_time,ML,LL,0.18273294303641843,0.04207661128767034
broad_binary,finite_time,ML,LL,0.21035218812126566,0.0647112600278291
broad_binary,finite_time,ML,LL,0.24214595525113236,0.0867504901206456
broad_binary,finite_time,ML,LL,0.27874520426039606,0.09616721907867737
broad_binary,finite_time,ML,LL,0.32087626166452965,0.0918638052754213
broad_binary,finite_time,ML,LL,0.36937523489595164,0.08206950427073105
broad_binary,finite_time,ML,LL,0.42520460518541836,0.07260891217873637
broad_binary,finite_time,ML,LL,0.48947232838123617,0.06458087367041908
broad_binary,finite_time,ML,LL,0.5634538227695682,0.05710266437298471
broad_binary,finite_time,ML,LL,0.6486172802527936,0.0494279435458696
broad_binary,finite_time,ML,LL,0.7466528031962326,0.04147787010691628
broad_binary,finite_time,ML,LL,0.8595059451754261,0.033538409281400026
broad_binary,finite_time,ML,LL,0.9894163212533295,0.026117175667105235
broad_binary,finite_time,ML,LL,1.138962054023569,0.019454726806191723
broad_binary,finite_time,ML,LL,1.3111109374690053,0.01358835844314135
broad_binary,finite_time,ML,LL,1.5092793340025346,0.008683045468145986
broad_binary,finite_time,ML,LL,1.7373999735251147,0.004925653935737063
broad_binary,finite_time,ML,LL,2.0,0.0023691717190597477
broad_binary,finite_time,ML,LL,2.3022908144082455,0.0009033208770999747
broad_binary,finite_time,ML,LL,2.6502714970542867,0.0002521706758308615
broad_binary,finite_time,ML,LL,3.0508478616780366,4.7800720461207216e-05
broad_binary,finite_time,ML,LL,3.5119695040491905,5.812086472967812e-06
broad_binary,finite_time,ML,LL,4.042787564827166,4.413048663750174e-07
broad_binary,finite_time,ML,LL,4.653836337552724,2.0966915897762288e-08
broad_binary,finite_time,ML,LL,5.3572423258534725,6.46478481386812e-10
broad_binary,finite_time,ML,ML,0.00032430864012639686,8.774453168118442e-30
broad_binary,finite_time,ML,ML,0.00037332640159811636,1.9381758908614971e-28
broad_binary,finite_time,ML,ML,0.00042975297258771353,1.9479218625292912e-27
broad_binary,finite_time,ML,ML,0.0004947081606266652,1.4921501777682345e-26
broad_binary,finite_time,ML,ML,0.0005694810270117846,1.652006482513182e-25
broad_binary,finite_time,ML,ML,0.0006555554687345028,2.7798935102911482e-24
broad_binary,finite_time,ML,ML,0.000754639667001268,3.4204426172966654e-23
broad_binary,finite_time,ML,ML,0.0008686999867625583,2.8417998389240224e-22
broad_binary,finite_time,ML,ML,0.0010000000000000002,1.8618011693402675e-21
broad_binary,finite_time,ML,ML,0.001151145407204123,1.8722614431345306e-20
broad_binary,finite_time,ML,ML,0.0013251357485271446,3.4207247244056985e-19
broad_binary,finite_time,ML,ML,0.0015254239308390184,4.113876165770057e-18
broad_binary,finite_time,ML,ML,0.0017559847520245955,3.061576432797965e-17
broad_binary,finite_time,ML,ML,0.0020213937824135834,1.709826223591059e-16
broad_binary,finite_time,ML,ML,0.0023269181687763643,1.4927315101347246e-15
broad_binary,finite_time,ML,ML,0.0026786211629267367,3.090720257018429e-14
broad_binary,finite_time,ML,ML,0.003083482449342879,3.598258663827492e-13
broad_binary,finite_time,ML,ML,0.003549536659755571,2.2826829575952764e-12
broad_binary,finite_time,ML,ML,0.0040860328235802846,1.032100464431633e-11
broad_binary,finite_time,ML,ML,0.004703617918549738,7.074161442873635e-11
broad_binary,finite_time,ML,ML,0.005414548164181547,1.7597949613492558e-09
broad_binary,finite_time,ML,ML,0.006232932251283096,1.9573215199233397e-08
broad_binary,finite_time,ML,ML,0.007175011334478982,9.645935929643352e-08
broad_binary,finite_time,ML,ML,0.008259481344323003,3.137327424179318e-07
broad_binary,finite_time,ML,ML,0.009507864015405551,1.386062622530589e-06
broad_binary,finite_time,ML,ML,0.010944933993655438,4.378454784498157e-05
broad_binary,finite_time,ML,ML,0.012599210498948734,0.0004589841696986177
broad_binary,finite_time,ML,ML,0.014503523300262798,0.0014233442788073151
broad_binary,finite_time,ML,ML,0.016695664235375485,0.0021479955777939834
broad_binary,finite_time,ML,ML,0.019219137204774604,0.0026622024499469515
broad_binary,finite_time,ML,ML,0.022124021523702166,0.0034509346089814006
broad_binary,finite_time,ML,ML,0.025467965765894884,0.004395586989886953
broad_binary,finite_time,ML,ML,0.02931733182224172,0.00528757129259103
broad_binary,finite_time,ML,ML,0.033748511878652805,0.006073197754724018
broad_binary,finite_time,ML,ML,0.038849444449084954,0.006719087964718287
broad_binary,finite_time,ML,ML,0.0447213595499958,0.00719736710260389
broad_binary,finite_time,ML,ML,0.051480787649901855,0.007510002909957762
broad_binary,finite_time,ML,ML,0.05926187226243524,0.007639342223024081
broad_binary,finite_time,ML,ML,0.06821903207721966,0.007624497897370925
broad_binary,finite_time,ML,ML,0.07853002545960214,0.007624405862138242
broad_binary,finite_time,ML,ML,0.09039947813544373,0.007886618944977237
broad_binary,finite_time,ML,ML,0.10406294406926557,0.008884862240488282
broad_binary,finite_time,ML,ML,0.11979158012547445,0.01140661858720888
broad_binary,finite_time,ML,ML,0.13789752728316457,0.0166350349727815
broad_binary,finite_time,ML,ML,0.15874010519681997,0.026155461568324045
broad_binary,finite_time,ML,ML,0.18273294303641843,0.04202053385449773
broad_binary,finite_time,ML,ML,0.21035218812126566,0.06462014798740667
broad_binary,finite_time,ML,ML,0.24214595525113236,0.08664251024270045
broad_binary,finite_time,ML,ML,0.27874520426039606,0.09608452577036725
broad_binary,finite_time,ML,ML,0.32087626166452965,0.09183098816008561
broad_binary,finite_time,ML,ML,0.36937523489595164,0.08207731081147296
broad_binary,finite_time,ML,ML,0.42520460518541836,0.07263946540778136
broad_binary,finite_time,ML,ML,0.48947232838123617,0.06462307047167946
broad_binary,finite_time,ML,ML,0.5634538227695682,0.05715078485364517
broad_binary,finite_time,ML,ML,0.6486172802527936,0.04947808132711496
broad_binary,finite_time,ML,ML,0.7466528031962326,0.041526841659183106
broad_binary,finite_time,ML,ML,0.8595059451754261,0.03358346682943442
broad_binary,finite_time,ML,ML,0.9894163212533295,0.02615703542002404
broad_binary,finite_time,ML,ML,1.138962054023569,0.019488848277282523
broad_binary,finite_time,ML,ML,1.3111109374690053,0.013615823945518546
broad_binary,finite_time,ML,ML,1.5092793340025346,0.008703184049326086
broad_binary,finite_time,ML,ML,1.7373999735251147,0.004938690500021122
broad_binary,finite_time,ML,ML,2.0,0.002376264771297535
broad_binary,finite_time,ML,ML,2.3022908144082455,0.0009063320876145025
broad_binary,finite_time,ML,ML,2.6502714970542867,0.00025308720329669543
broad_binary,finite_time,ML,ML,3.0508478616780366,4.7986172696294044e-05
broad_binary,finite_time,ML,ML,3.5119695040491905,5.835717311844942e-06
broad_binary,finite_time,ML,ML,4.042787564827166,4.4315860840897947e-07
broad_binary,finite_time,ML,ML,4.653836337552724,2.105699262338739e-08
broad_binary,finite_time,ML,ML,5.3572423258534725,6.49300356754535e-10
broad_binary,finite_time,ML,HL,0.00032430864012639686,8.676103765067923e-30
broad_binary,finite_time,ML,HL,0.00037332640159811636,1.9166019461798952e-28
broad_binary,finite_time,ML,HL,0.00042975297258771353,1.9263343703140097e-27
broad_binary,finite_time,ML,HL,0.0004947081606266652,1.4758859451547778e-26
broad_binary,finite_time,ML,HL,0.0005694810270117846,1.6356395330609664e-25
broad_binary,finite_time,ML,HL,0.0006555554687345028,2.7544497339107125e-24
broad_binary,finite_time,ML,HL,0.000754639667001268,3.3898308039967044e-23
broad_binary,finite_time,ML,HL,0.0008686999867625583,2.816550945430092e-22
broad_binary,finite_time,ML,HL,0.0010000000000000002,1.84550816668032e-21
broad_binary,finite_time,ML,HL,0.001151145407204123,1.857832653271929e-20
broad_binary,finite_time,ML,HL,0.0013251357485271446,3.397142806828882e-19
broad_binary,finite_time,ML,HL,0.0015254239308390184,4.08623582549263e-18
broad_binary,finite_time,ML,HL,0.0017559847520245955,3.041154835119103e-17
broad_binary,finite_time,ML,HL,0.0020213937824135834,1.6985693279060038e-16
broad_binary,finite_time,ML,HL,0.0023269181687763643,1.4844944002630163e-15
broad_binary,finite_time,ML,HL,0.0026786211629267367,3.076412752940414e-14
broad_binary,finite_time,ML,HL,0.003083482449342879,3.5821192360098767e-13
broad_binary,finite_time,ML,HL,0.003549536659755571,2.2725200028734353e-12
broad_binary,finite_time,ML,HL,0.0040860328235802846,1.0275648949158208e-11
broad_binary,finite_time,ML,HL,0.004703617918549738,7.050325165332586e-11
broad_binary,finite_time,ML,HL,0.005414548164181547,1.7556387317100392e-09
broad_binary,finite_time,ML,HL,0.006232932251283096,1.9529171630140384e-08
broad_binary,finite_time,ML,HL,0.007175011334478982,9.624421807982405e-08
broad_binary,finite_time,ML,HL,0.008259481344323003,3.1304633553306023e-07
broad_binary,finite_time,ML,HL,0.009507864015405551,1.3842262692449445e-06
broad_binary,finite_time,ML,HL,0.010944933993655438,4.37802906691255e-05
broad_binary,finite_time,ML,HL,0.012599210498948734,0.0004589775784525322
broad_binary,finite_time,ML,HL,0.014503523300262798,0.001423338049978879
broad_binary,finite_time,ML,HL,0.016695664235375485,0.0021479888110859254
broad_binary,finite_time,ML,HL,0.019219137204774604,0.002662192868742152
broad_binary,finite_time,ML,HL,0.022124021523702166,0.0034509226213807168
broad_binary,finite_time,ML,HL,0.025467965765894884,0.004395573237468031
broad_binary,finite_time,ML,HL,0.02931733182224172,0.005287555555416082
broad_binary,finite_time,ML,HL,0.033748511878652805,0.006073179536945357
broad_binary,finite_time,ML,HL,0.038849444449084954,0.0067190663892476455
broad_binary,finite_time,ML,HL,0.0447213595499958,0.007197340372689796
broad_binary,finite_time,ML,HL,0.051480787649901855,0.00750996724768361
broad_binary,finite_time,ML,HL,0.05926187226243524,0.007639287330115468
broad_binary,finite_time,ML,HL,0.06821903207721966,0.0076243949557779234
broad_binary,finite_time,ML,HL,0.07853002545960214,0.007624172933372827
broad_binary,finite_time,ML,HL,0.09039947813544373,0.00788601125112494
broad_binary,finite_time,ML,HL,0.10406294406926557,0.008883155824266617
broad_binary,finite_time,ML,HL,0.11979158012547445,0.01140186861815404
broad_binary,finite_time,ML,HL,0.13789752728316457,0.016622826999827946
broad_binary,finite_time,ML,HL,0.15874010519681997,0.026127454874847442
broad_binary,finite_time,ML,HL,0.18273294303641843,0.041964638920600546
broad_binary,finite_time,ML,HL,0.21035218812126566,0.06452929830395931
broad_binary,finite_time,ML,HL,0.24214595525113236,0.08653476910153311
broad_binary,finite_time,ML,HL,0.27874520426039606,0.09600191224361518
broad_binary,finite_time,ML,HL,0.32087626166452965,0.09179809342287439
broad_binary,finite_time,ML,HL,0.36937523489595164,0.08208497729741851
broad_binary,finite_time,ML,HL,0.42520460518541836,0.07266987617175519
broad_binary,finite_time,ML,HL,0.48947232838123617,0.06466513852471463
broad_binary,finite_time,ML,HL,0.5634538227695682,0.05719879232172976
broad_binary,finite_time,ML,HL,0.6486172802527936,0.049528122266735995
broad_binary,finite_time,ML,HL,0.7466528031962326,0.04157573334460127
broad_binary,finite_time,ML,HL,0.8595059451754261,0.03362846025145128
broad_binary,finite_time,ML,HL,0.9894163212533295,0.026196846462391028
broad_binary,finite_time,ML,HL,1.138962054023569,0.01952293785238593
broad_binary,finite_time,ML,HL,1.3111109374690053,0.013643273380283967
broad_binary,finite_time,ML,HL,1.5092793340025346,0.008723318496100326
broad_binary,finite_time,ML,HL,1.7373999735251147,0.004951729688524542
broad_binary,finite_time,ML,HL,2.0,0.0023833622380149294
broad_binary,finite_time,ML,HL,2.3022908144082455,0.0009093463698857424
broad_binary,finite_time,ML,HL,2.6502714970542867,0.0002540049761901555
broad_binary,finite_time,ML,HL,3.0508478616780366,4.817192633339126e-05
broad_binary,finite_time,ML,HL,3.5119695040491905,5.859391208237169e-06
broad_binary,finite_time,ML,HL,4.042787564827166,4.450159872761009e-07
broad_binary,finite_time,ML,HL,4.653836337552724,2.114725487364385e-08
broad_binary,finite_time,ML,HL,5.3572423258534725,6.521282409572218e-10
broad_binary,finite_time,HL,LL,0.00032430864012639686,8.471423736630319e-30
broad_binary,finite_time,HL,LL,0.00037332640159811636,1.9279500216242514e-28
broad_binary,finite_time,HL,LL,0.00042975297258771353,1.9586722601037423e-27
broad_binary,finite_time,HL,LL,0.0004947081606266652,1.50485052622943e-26
broad_binary,finite_time,HL,LL,0.0005694810270117846,1.667356996325998e-25
broad_binary,finite_time,HL,LL,0.0006555554687345028,2.804566946641137e-24
broad_binary,finite_time,HL,LL,0.000754639667001268,3.448265168354247e-23
broad_binary,finite_time,HL,LL,0.0008686999867625583,2.862947213499044e-22
broad_binary,finite_time,HL,LL,0.0010000000000000002,1.8744878284818074e-21
broad_binary,finite_time,HL,LL,0.001151145407204123,1.8844247860077033e-20
broad_binary,finite_time,HL,LL,0.0013251357485271446,3.4408536624937136e-19
broad_binary,finite_time,HL,LL,0.0015254239308390184,4.134651604489973e-18
broad_binary,finite_time,HL,LL,0.0017559847520245955,3.074753771119351e-17
broad_binary,finite_time,HL,LL,0.0020213937824135834,1.716061966064498e-16
broad_binary,finite_time,HL,LL,0.0023269181687763643,1.4980847236005267e-15
broad_binary,finite_time,HL,LL,0.0026786211629267367,3.100644414296987e-14
broad_binary,finite_time,HL,LL,0.003083482449342879,3.606724284629869e-13
broad_binary,finite_time,HL,LL,0.003549536659755571,2.2863092432925012e-12
broad_binary,finite_time,HL,LL,0.0040860328235802846,1.0331022885131836e-11
broad_binary,finite_time,HL,LL,0.004703617918549738,7.081891957362375e-11
broad_binary,finite_time,HL,LL,0.005414548164181547,1.7617736025478777e-09
broad_binary,finite_time,HL,LL,0.006232932251283096,1.9581286126547474e-08
broad_binary,finite_time,HL,LL,0.007175011334478982,9.643646293968006e-08
broad_binary,finite_time,HL,LL,0.008259481344323003,3.1352617944721083e-07
broad_binary,finite_time,HL,LL,0.009507864015405551,1.385287229080881e-06
broad_binary,finite_time,HL,LL,0.010944933993655438,4.3782002294540794e-05
broad_binary,finite_time,HL,LL,0.012599210498948734,0.0004589769252176751
broad_binary,finite_time,HL,LL,0.014503523300262798,0.001423331545535671
broad_binary,finite_time,HL,LL,0.016695664235375485,0.002147976992546915
broad_binary,finite_time,HL,LL,0.019219137204774604,0.002662171432954141
broad_binary,finite_time,HL,LL,0.022124021523702166,0.003450885258050788
broad_binary,finite_time,HL,LL,0.025467965765894884,0.0043955144479580896
broad_binary,finite_time,HL,LL,0.02931733182224172,0.0052874675419691515
broad_binary,finite_time,HL,LL,0.033748511878652805,0.006073050535059759
broad_binary,finite_time,HL,LL,0.038849444449084954,0.006718878714691389
broad_binary,finite_time,HL,LL,0.0447213595499958,0.007197063204798055
broad_binary,finite_time,HL,LL,0.051480787649901855,0.007509539292270712
broad_binary,finite_time,HL,LL,0.05926187226243524,0.007638555985835892
broad_binary,finite_time,HL,LL,0.06821903207721966,0.007622916783812003
broad_binary,finite_time,HL,LL,0.07853002545960214,0.007620591283761526
broad_binary,finite_time,HL,LL,0.09039947813544373,0.007876088856372714
broad_binary,finite_time,HL,LL,0.10406294406926557,0.008854285891891892
broad_binary,finite_time,HL,LL,0.11979158012547445,0.011321879966794427
broad_binary,finite_time,HL,LL,0.13789752728316457,0.01642759590984742
broad_binary,finite_time,HL,LL,0.15874010519681997,0.025721578429836564
broad_binary,finite_time,HL,LL,0.18273294303641843,0.04127283084123056
broad_binary,finite_time,HL,LL,0.21035218812126566,0.06368730540917174
broad_binary,finite_time,HL,LL,0.24214595525113236,0.086099423048363
broad_binary,finite_time,HL,LL,0.27874520426039606,0.09650534088127494
broad_binary,finite_time,HL,LL,0.32087626166452965,0.09293459468744822
broad_binary,finite_time,HL,LL,0.36937523489595164,0.08310249105590828
broad_binary,finite_time,HL,LL,0.42520460518541836,0.07322275834146402
broad_binary,finite_time,HL,LL,0.48947232838123617,0.06483828875373915
broad_binary,finite_time,HL,LL,0.5634538227695682,0.05717648004467674
broad_binary,finite_time,HL,LL,0.6486172802527936,0.04943296961198143
broad_binary,finite_time,HL,LL,0.7466528031962326,0.04146360241051473
broad_binary,finite_time,HL,LL,0.8595059451754261,0.03352115620813417
broad_binary,finite_time,HL,LL,0.9894163212533295,0.026101177119871352
broad_binary,finite_time,HL,LL,1.138962054023569,0.01944092656769922
broad_binary,finite_time,HL,LL,1.3111109374690053,0.013577240485311483
broad_binary,finite_time,HL,LL,1.5092793340025346,0.008674894198100011
broad_binary,finite_time,HL,LL,1.7373999735251147,0.00492037833026879
broad_binary,finite_time,HL,LL,2.0,0.0023663017614846365
broad_binary,finite_time,HL,LL,2.3022908144082455,0.00090210251177759
broad_binary,finite_time,HL,LL,2.6502714970542867,0.0002517997702715183
broad_binary,finite_time,HL,LL,3.0508478616780366,4.772564014741853e-05
broad_binary,finite_time,HL,LL,3.5119695040491905,5.802513797254446e-06
broad_binary,finite_time,HL,LL,4.042787564827166,4.405533754291322e-07
broad_binary,finite_time,HL,LL,4.653836337552724,2.093036726540832e-08
broad_binary,finite_time,HL,LL,5.3572423258534725,6.453611072758865e-10
broad_binary,finite_time,HL,ML,0.00032430864012639686,2.4956396909841335e-29
broad_binary,finite_time,HL,ML,0.00037332640159811636,5.468873432464459e-28
broad_binary,finite_time,HL,ML,0.00042975297258771353,5.469690321074024e-27
broad_binary,finite_time,HL,ML,0.0004947081606266652,4.123723021808619e-26
broad_binary,finite_time,HL,ML,0.0005694810270117846,4.1763161480660855e-25
broad_binary,finite_time,HL,ML,0.0006555554687345028,6.530837924138126e-24
broad_binary,finite_time,HL,ML,0.000754639667001268,7.871292582792973e-23
broad_binary,finite_time,HL,ML,0.0008686999867625583,6.49685333975783e-22
broad_binary,finite_time,HL,ML,0.0010000000000000002,4.206674841514705e-21
broad_binary,finite_time,HL,ML,0.001151145407204123,3.8534320768258764e-20
broad_binary,finite_time,HL,ML,0.0013251357485271446,6.505779295795997e-19
broad_binary,finite_time,HL,ML,0.0015254239308390184,7.685705152414295e-18
broad_binary,finite_time,HL,ML,0.0017559847520245955,5.691652320586808e-17
broad_binary,finite_time,HL,ML,0.0020213937824135834,3.15451849432518e-16
broad_binary,finite_time,HL,ML,0.0023269181687763643,2.5052741081738172e-15
broad_binary,finite_time,HL,ML,0.0026786211629267367,4.7582261669476356e-14
broad_binary,finite_time,HL,ML,0.003083482449342879,5.458828534869974e-13
broad_binary,finite_time,HL,ML,0.003549536659755571,3.4513336218369495e-12
broad_binary,finite_time,HL,ML,0.0040860328235802846,1.5526173338826367e-11
broad_binary,finite_time,HL,ML,0.004703617918549738,9.721506885617471e-11
broad_binary,finite_time,HL,ML,0.005414548164181547,2.19353760355237e-09
broad_binary,finite_time,HL,ML,0.006232932251283096,2.412073984184719e-08
broad_binary,finite_time,HL,ML,0.007175011334478982,1.186295022348583e-07
broad_binary,finite_time,HL,ML,0.008259481344323003,3.84421881270338e-07
broad_binary,finite_time,HL,ML,0.009507864015405551,1.5751105195591092e-06
broad_binary,finite_time,HL,ML,0.010944933993655438,4.422270120203529e-05
broad_binary,finite_time,HL,ML,0.012599210498948734,0.0004596624756248382
broad_binary,finite_time,HL,ML,0.014503523300262798,0.0014239853336114304
broad_binary,finite_time,HL,ML,0.016695664235375485,0.0021486920455594774
broad_binary,finite_time,HL,ML,0.019219137204774604,0.0026631885513244812
broad_binary,finite_time,HL,ML,0.022124021523702166,0.003452168357633909
broad_binary,finite_time,HL,ML,0.025467965765894884,0.004397002408738384
broad_binary,finite_time,HL,ML,0.02931733182224172,0.005289191074977871
broad_binary,finite_time,HL,ML,0.033748511878652805,0.006075073084261534
broad_binary,finite_time,HL,ML,0.038849444449084954,0.006721309602388732
broad_binary,finite_time,HL,ML,0.0447213595499958,0.007200121768294
broad_binary,finite_time,HL,ML,0.051480787649901855,0.007513686704684956
broad_binary,finite_time,HL,ML,0.05926187226243524,0.007645045558700662
broad_binary,finite_time,HL,ML,0.06821903207721966,0.007635314049755484
broad_binary,finite_time,HL,ML,0.07853002545960214,0.007649278465091555
broad_binary,finite_time,HL,ML,0.09039947813544373,0.007952639065714735
broad_binary,finite_time,HL,ML,0.10406294406926557,0.009072673915987166
broad_binary,finite_time,HL,ML,0.11979158012547445,0.011932092099267011
broad_binary,finite_time,HL,ML,0.13789752728316457,0.017982530794863952
broad_binary,finite_time,HL,ML,0.15874010519681997,0.029224819529734748
broad_binary,finite_time,HL,ML,0.18273294303641843,0.04807448291770449
broad_binary,finite_time,HL,ML,0.21035218812126566,0.07426495429030999
broad_binary,finite_time,HL,ML,0.24214595525113236,0.09768107527091247
broad_binary,finite_time,HL,ML,0.27874520426039606,0.10400147715392381
broad_binary,finite_time,HL,ML,0.32087626166452965,0.09442378035427304
broad_binary,finite_time,HL,ML,0.36937523489595164,0.08066972634237897
broad_binary,finite_time,HL,ML,0.42520460518541836,0.06914893430596247
broad_binary,finite_time,HL,ML,0.48947232838123617,0.06013552277384624
broad_binary,finite_time,HL,ML,0.5634538227695682,0.05219703916501826
broad_binary,finite_time,HL,ML,0.6486172802527936,0.04441784809009539
broad_binary,finite_time,HL,ML,0.7466528031962326,0.036655430580608515
broad_binary,finite_time,HL,ML,0.8595059451754261,0.029147867988030745
broad_binary,finite_time,HL,ML,0.9894163212533295,0.02227369315697756
broad_binary,finite_time,HL,ML,1.138962054023569,0.016211926327773202
broad_binary,finite_time,HL,ML,1.3111109374690053,0.011022907906220571
broad_binary,finite_time,HL,ML,1.5092793340025346,0.006836673625915303
broad_binary,finite_time,HL,ML,1.7373999735251147,0.0037538008612233134
broad_binary,finite_time,HL,ML,2.0,0.0017443752875142729
broad_binary,finite_time,HL,ML,2.3022908144082455,0.000643076022965755
broad_binary,finite_time,HL,ML,2.6502714970542867,0.00017422860694881004
broad_binary,finite_time,HL,ML,3.0508478616780366,3.2228400588574916e-05
broad_binary,finite_time,HL,ML,3.5119695040491905,3.8462998658008414e-06
broad_binary,finite_time,HL,ML,4.042787564827166,2.8811768288099825e-07
broad_binary,finite_time,HL,ML,4.653836337552724,1.3557737993666762e-08
broad_binary,finite_time,HL,ML,5.3572423258534725,4.151350621402376e-10
broad_binary,finite_time,HL,HL,0.00032430864012639686,7.727377662306261e-29
broad_binary,finite_time,HL,HL,0.00037332640159811636,1.6324717581952056e-27
broad_binary,finite_time,HL,HL,0.00042975297258771353,1.6086751942569946e-26
broad_binary,finite_time,HL,HL,0.0004947081606266652,1.1924690817144378e-25
broad_binary,finite_time,HL,HL,0.0005694810270117846,1.1084256417825037e-24
broad_binary,finite_time,HL,HL,0.0006555554687345028,1.5970568160805152e-23
broad_binary,finite_time,HL,HL,0.000754639667001268,1.877583212514946e-22
broad_binary,finite_time,HL,HL,0.0008686999867625583,1.5381953817706531e-21
broad_binary,finite_time,HL,HL,0.0010000000000000002,9.855910223380868e-21
broad_binary,finite_time,HL,HL,0.001151145407204123,8.263864155227918e-20
broad_binary,finite_time,HL,HL,0.0013251357485271446,1.2769910133749329e-18
broad_binary,finite_time,HL,HL,0.0015254239308390184,1.4765367324577672e-17
broad_binary,finite_time,HL,HL,0.0017559847520245955,1.0875322836404713e-16
broad_binary,finite_time,HL,HL,0.0020213937824135834,5.987695365646763e-16
broad_binary,finite_time,HL,HL,0.0023269181687763643,4.348895827120263e-15
broad_binary,finite_time,HL,HL,0.0026786211629267367,7.493067714546297e-14
broad_binary,finite_time,HL,HL,0.003083482449342879,8.445624195317525e-13
broad_binary,finite_time,HL,HL,0.003549536659755571,5.320999450184713e-12
broad_binary,finite_time,HL,HL,0.0040860328235802846,2.3836265318164716e-11
broad_binary,finite_time,HL,HL,0.004703617918549738,1.371205311114087e-10
broad_binary,finite_time,HL,HL,0.005414548164181547,2.770277910505982e-09
broad_binary,finite_time,HL,HL,0.006232932251283096,3.004436784335279e-08
broad_binary,finite_time,HL,HL,0.007175011334478982,1.4747378254917984e-07
broad_binary,finite_time,HL,HL,0.008259481344323003,4.764592019773442e-07
broad_binary,finite_time,HL,HL,0.009507864015405551,1.8213839104170573e-06
broad_binary,finite_time,HL,HL,0.010944933993655438,4.479426934030025e-05
broad_binary,finite_time,HL,HL,0.012599210498948734,0.0004605520368916211
broad_binary,finite_time,HL,HL,0.014503523300262798,0.0014248349765341624
broad_binary,finite_time,HL,HL,0.016695664235375485,0.002149622400997697
broad_binary,finite_time,HL,HL,0.019219137204774604,0.002664512690265963
broad_binary,finite_time,HL,HL,0.022124021523702166,0.0034538407846257863
broad_binary,finite_time,HL,HL,0.025467965765894884,0.004398945123112615
broad_binary,finite_time,HL,HL,0.02931733182224172,0.005291445767297384
broad_binary,finite_time,HL,HL,0.033748511878652805,0.006077725156356399
broad_binary,finite_time,HL,HL,0.038849444449084954,0.00672450670930876
broad_binary,finite_time,HL,HL,0.0447213595499958,0.007204162921559847
broad_binary,finite_time,HL,HL,0.051480787649901855,0.007519216221105956
broad_binary,finite_time,HL,HL,0.05926187226243524,0.007653862298421587
broad_binary,finite_time,HL,HL,0.06821903207721966,0.007652721955646577
broad_binary,finite_time,HL,HL,0.07853002545960214,0.007691336046643687
broad_binary,finite_time,HL,HL,0.09039947813544373,0.008069507239813567
broad_binary,finite_time,HL,HL,0.10406294406926557,0.009414412944899517
broad_binary,finite_time,HL,HL,0.11979158012547445,0.012889783129664848
broad_binary,finite_time,HL,HL,0.13789752728316457,0.020388672868963585
broad_binary,finite_time,HL,HL,0.15874010519681997,0.034516488616099815
broad_binary,finite_time,HL,HL,0.18273294303641843,0.05798803068288165
broad_binary,finite_time,HL,HL,0.21035218812126566,0.08878370766514342
broad_binary,finite_time,HL,HL,0.24214595525113236,0.11190888536040342
broad_binary,finite_time,HL,HL,0.27874520426039606,0.11119209159633807
broad_binary,finite_time,HL,HL,0.32087626166452965,0.09382858253157966
broad_binary,finite_time,HL,HL,0.36937523489595164,0.0760547034607144
broad_binary,finite_time,HL,HL,0.42520460518541836,0.06325142888056835
broad_binary,finite_time,HL,HL,0.48947232838123617,0.053888376272234084
broad_binary,finite_time,HL,HL,0.5634538227695682,0.045884908600036405
broad_binary,finite_time,HL,HL,0.6486172802527936,0.03827563909938156
broad_binary,finite_time,HL,HL,0.7466528031962326,0.030934323823010226
broad_binary,finite_time,HL,HL,0.8595059451754261,0.024065560495526637
broad_binary,finite_time,HL,HL,0.9894163212533295,0.01793613319747443
broad_binary,finite_time,HL,HL,1.138962054023569,0.012671836909115653
broad_binary,finite_time,HL,HL,1.3111109374690053,0.008328733471548113
broad_binary,finite_time,HL,HL,1.5092793340025346,0.004976798368591366
broad_binary,finite_time,HL,HL,1.7373999735251147,0.002624484728496791
broad_binary,finite_time,HL,HL,2.0,0.0011690427675957453
broad_binary,finite_time,HL,HL,2.3022908144082455,0.0004135283004171441
broad_binary,finite_time,HL,HL,2.6502714970542867,0.00010797435458735109
broad_binary,finite_time,HL,HL,3.0508478616780366,1.9373974540017463e-05
broad_binary,finite_time,HL,HL,3.5119695040491905,2.258715341118698e-06
broad_binary,finite_time,HL,HL,4.042787564827166,1.6632229133018614e-07
broad_binary,finite_time,HL,HL,4.653836337552724,7.731270877975372e-09
broad_binary,finite_time,HL,HL,5.3572423258534725,2.346193595200444e-10
