law,model,held_out,evaluation,beta,eta,tau,training_TV
retained_satellites,size_only,LL,0,0.07471586887363486,0.0,0.0,0.2419608485960231
retained_satellites,size_only,LL,1,0.31507420654640267,0.0,0.0,0.27485238074152923
retained_satellites,size_only,LL,2,0.10706877929209538,0.0,0.0,0.23569818009980517
retained_satellites,size_only,LL,3,0.21986841782853447,0.0,0.0,0.24198559201052589
retained_satellites,size_only,LL,4,0.12817043292401856,0.0,0.0,0.23363248191524572
retained_satellites,size_only,LL,5,0.18366984151283208,0.0,0.0,0.23480252275174318
retained_satellites,size_only,LL,6,0.14023304076982554,0.0,0.0,0.2329893243291855
retained_satellites,size_only,LL,7,0.16787087388645555,0.0,0.0,0.23336531405083566
retained_satellites,size_only,LL,8,0.1466836138815796,0.0,0.0,0.2327170893807272
retained_satellites,size_only,LL,9,0.16048856773320766,0.0,0.0,0.2328390813346365
retained_satellites,size_only,LL,10,0.15001933162769995,0.0,0.0,0.2325953576487076
retained_satellites,size_only,LL,11,0.1569200638768803,0.0,0.0,0.23262563171354295
retained_satellites,size_only,LL,12,0.15171553005539387,0.0,0.0,0.2325383626413095
retained_satellites,size_only,LL,13,0.1551656781160791,0.0,0.0,0.2325674770998502
retained_satellites,size_only,LL,14,0.15257080756990513,0.0,0.0,0.23251086832331025
retained_satellites,size_only,LL,15,0.15429585434290566,0.0,0.0,0.23253980793398454
retained_satellites,size_only,LL,16,0.15171553005539387,0.0,0.0,0.2325383626413095
retained_satellites,size_only,LL,17,0.15343090660549968,0.0,0.0,0.23251306284671597
retained_satellites,size_only,LL,18,0.15214256781534763,0.0,0.0,0.23252453081257857
retained_satellites,size_only,LL,19,0.15300025270235268,0.0,0.0,0.23250003342127856
retained_satellites,size_only,LL,20,0.15257080756990513,0.0,0.0,0.23251086832331025
retained_satellites,size_only,LL,21,0.15343090660549968,0.0,0.0,0.23251306284671597
retained_satellites,size_only,LL,22,0.15278537925206556,0.0,0.0,0.2325041009854431
retained_satellites,size_only,LL,23,0.15321542834516544,0.0,0.0,0.23250651968233038
retained_satellites,size_only,LL,24,0.1528927782296823,0.0,0.0,0.23250073336419647
retained_satellites,size_only,LL,25,0.15310780272314511,0.0,0.0,0.23250326944947308
retained_satellites,size_only,LL,26,0.15294650602581988,0.0,0.0,0.23249905357438738
retained_satellites,size_only,LL,27,0.1530540182659154,0.0,0.0,0.23250164966111506
retained_satellites,size_only,LL,28,0.1528927782296823,0.0,0.0,0.23250073336419647
retained_satellites,size_only,LL,29,0.15300025270235268,0.0,0.0,0.23250003342127856
retained_satellites,size_only,LL,30,0.1529196397681163,0.0,0.0,0.23249989313395913
retained_satellites,size_only,LL,31,0.15297337700362226,0.0,0.0,0.23249922663123015
retained_satellites,size_only,LL,32,0.15293307230700756,0.0,0.0,0.23249947327032022
retained_satellites,size_only,LL,33,0.1529599409246569,0.0,0.0,0.23249882356852886
retained_satellites,size_only,LL,34,0.15294650602581988,0.0,0.0,0.23249905357438738
retained_satellites,size_only,LL,35,0.15297337700362226,0.0,0.0,0.23249922663123015
retained_satellites,size_only,LL,36,0.15295322332772884,0.0,0.0,0.23249884378932317
retained_satellites,size_only,LL,37,0.15296665881661706,0.0,0.0,0.23249902507219028
retained_satellites,size_only,LL,38,0.15295658208931467,0.0,0.0,0.23249873891251874
retained_satellites,size_only,LL,39,0.15296329983375717,0.0,0.0,0.23249892431343758
retained_satellites,size_only,LL,40,0.15295322332772884,0.0,0.0,0.23249884378932317
retained_satellites,size_only,LL,41,0.1529599409246569,0.0,0.0,0.23249882356852886
retained_satellites,size_only,LL,42,0.15295490269930231,0.0,0.0,0.2324987913496104
retained_satellites,size_only,LL,43,0.15295826149776615,0.0,0.0,0.23249877320126583
retained_satellites,size_only,LL,44,0.1529557423920036,0.0,0.0,0.2324987651307368
retained_satellites,size_only,LL,45,0.1529574217912355,0.0,0.0,0.2324987480189321
retained_satellites,size_only,LL,46,0.1529561622400829,0.0,0.0,0.23249875202154596
retained_satellites,size_only,LL,47,0.15295700193969886,0.0,0.0,0.23249873542808974
retained_satellites,size_only,LL,48,0.15295658208931467,0.0,0.0,0.23249873891251874
retained_satellites,size_only,LL,49,0.1529574217912355,0.0,0.0,0.2324987480189321
retained_satellites,size_only,LL,50,0.1529567920143627,0.0,0.0,0.23249873235806676
retained_satellites,size_only,LL,51,0.15295721186532313,0.0,0.0,0.2324987417234839
retained_satellites,size_only,LL,52,0.15295658208931467,0.0,0.0,0.23249873891251874
retained_satellites,size_only,LL,53,0.15295700193969886,0.0,0.0,0.23249873542808974
retained_satellites,size_only,LL,54,0.15295668705180268,0.0,0.0,0.23249873563528767
retained_satellites,size_only,LL,55,0.15295689697699477,0.0,0.0,0.2324987322804129
retained_satellites,size_only,LL,56,0.1529567920143627,0.0,0.0,0.23249873235806676
retained_satellites,size_only,LL,57,0.15295700193969886,0.0,0.0,0.23249873542808974
retained_satellites,size_only,LL,58,0.15295684449566974,0.0,0.0,0.23249873071946017
retained_satellites,size_only,LL,59,0.15295694945833782,0.0,0.0,0.23249873385424963
retained_satellites,size_only,LL,60,0.1529567920143627,0.0,0.0,0.23249873235806676
retained_satellites,size_only,LL,61,0.15295689697699477,0.0,0.0,0.2324987322804129
retained_satellites,size_only,LL,62,0.15295681825501398,0.0,0.0,0.23249873153876305
retained_satellites,size_only,LL,63,0.15295687073633,0.0,0.0,0.23249873149349592
retained_satellites,size_only,LL,64,0.1529568313753413,0.0,0.0,0.23249873112911149
retained_satellites,size_only,LL,65,0.1529568576159993,0.0,0.0,0.2324987311000376
retained_satellites,size_only,LL,66,0.15295683793550538,0.0,0.0,0.23249873092428575
retained_satellites,size_only,LL,67,0.15295685105583437,0.0,0.0,0.23249873090330853
retained_satellites,size_only,LL,68,0.15295684121558753,0.0,0.0,0.232498730821873
retained_satellites,size_only,LL,69,0.15295684777575203,0.0,0.0,0.23249873080494415
retained_satellites,size_only,LL,70,0.1529568428556286,0.0,0.0,0.2324987307706664
retained_satellites,size_only,LL,71,0.15295684613571087,0.0,0.0,0.23249873075576177
retained_satellites,size_only,LL,72,0.15295684367564918,0.0,0.0,0.23249873074506333
retained_satellites,size_only,LL,73,0.15295684531569032,0.0,0.0,0.23249873073117064
retained_satellites,size_only,LL,74,0.15295684408565946,0.0,0.0,0.23249873073226168
retained_satellites,size_only,LL,75,0.15295684490568,0.0,0.0,0.232498730718875
retained_satellites,size_only,LL,76,0.15295684429066458,0.0,0.0,0.23249873072586086
retained_satellites,size_only,LL,77,0.1529568447006749,0.0,0.0,0.23249873071305938
retained_satellites,size_only,LL,78,0.15295684449566974,0.0,0.0,0.23249873071946017
retained_satellites,size_only,LL,79,0.15295684490568,0.0,0.0,0.232498730718875
retained_satellites,size_only,LL,80,0.1529568445981723,0.0,0.0,0.23249873071625976
retained_satellites,size_only,LL,81,0.15295684480317745,0.0,0.0,0.23249873071580124
retained_satellites,size_only,LL,82,0.15295684464942358,0.0,0.0,0.2324987307146595
retained_satellites,size_only,LL,83,0.15295684475192617,0.0,0.0,0.23249873071426425
retained_satellites,size_only,LL,84,0.15295684467504925,0.0,0.0,0.2324987307138594
retained_satellites,size_only,LL,85,0.15295684472630053,0.0,0.0,0.23249873071349586
retained_satellites,size_only,LL,86,0.15295684468786205,0.0,0.0,0.2324987307134594
retained_satellites,size_only,LL,87,0.1529568447134877,0.0,0.0,0.23249873071311153
retained_satellites,size_only,LL,88,0.15295684469426846,0.0,0.0,0.23249873071325936
retained_satellites,size_only,LL,89,0.1529568447070813,0.0,0.0,0.23249873071291952
retained_satellites,size_only,LL,90,0.15295684469747167,0.0,0.0,0.2324987307131593
retained_satellites,size_only,LL,91,0.15295684470387808,0.0,0.0,0.2324987307129593
retained_satellites,size_only,LL,92,0.15295684469907328,0.0,0.0,0.2324987307131094
retained_satellites,size_only,LL,93,0.15295684470227647,0.0,0.0,0.23249873071300928
retained_satellites,size_only,LL,94,0.15295684469987408,0.0,0.0,0.2324987307130843
retained_satellites,size_only,LL,95,0.1529568447014757,0.0,0.0,0.2324987307130344
retained_satellites,size_only,ML,0,0.09371610525795258,0.0,0.0,0.22367546261297575
retained_satellites,size_only,ML,1,0.3951975390222358,0.0,0.0,0.2532217278094195
retained_satellites,size_only,ML,2,0.13429635686829638,0.0,0.0,0.20992400560921332
retained_satellites,size_only,ML,3,0.27578092979106666,0.0,0.0,0.21473506673452047
retained_satellites,size_only,ML,4,0.16076415845715,0.0,0.0,0.20454374605444223
retained_satellites,size_only,ML,5,0.23037705991266288,0.0,0.0,0.20543976287884247
retained_satellites,size_only,ML,6,0.1758942860137869,0.0,0.0,0.2028519026467513
retained_satellites,size_only,ML,7,0.21056041673683873,0.0,0.0,0.20258381079965626
retained_satellites,size_only,ML,8,0.1839852390847828,0.0,0.0,0.20213483309894997
retained_satellites,size_only,ML,9,0.20130079102500628,0.0,0.0,0.20196559908149417
retained_satellites,size_only,ML,10,0.18816922944879697,0.0,0.0,0.20186878699703664
retained_satellites,size_only,ML,11,0.19682481707121888,0.0,0.0,0.2017672500164145
retained_satellites,size_only,ML,12,0.19029677093074082,0.0,0.0,0.2017666857833068
retained_satellites,size_only,ML,13,0.1946242912244223,0.0,0.0,0.20171800292156808
retained_satellites,size_only,ML,14,0.19244836752929778,0.0,0.0,0.2017208716830035
retained_satellites,size_only,ML,15,0.19682481707121888,0.0,0.0,0.2017672500164145
retained_satellites,size_only,ML,16,0.19353327137132442,0.0,0.0,0.20171831204060958
retained_satellites,size_only,ML,17,0.19572146156684644,0.0,0.0,0.2017372731651905
retained_satellites,size_only,ML,18,0.1940780146461412,0.0,0.0,0.20171809957879883
retained_satellites,size_only,ML,19,0.19517210542199798,0.0,0.0,0.20172249390013325
retained_satellites,size_only,ML,20,0.19435096100289362,0.0,0.0,0.20171803673442124
retained_satellites,size_only,ML,21,0.19489800585058478,0.0,0.0,0.20171799822072464
retained_satellites,size_only,ML,22,0.1946242912244223,0.0,0.0,0.20171800292156808
retained_satellites,size_only,ML,23,0.19517210542199798,0.0,0.0,0.20172249390013325
retained_satellites,size_only,ML,24,0.19476110045315356,0.0,0.0,0.2017179969271115
retained_satellites,size_only,ML,25,0.19503500748431682,0.0,0.0,0.20171882076728032
retained_satellites,size_only,ML,26,0.1946242912244223,0.0,0.0,0.20171800292156808
retained_satellites,size_only,ML,27,0.19489800585058478,0.0,0.0,0.20171799822072464
retained_satellites,size_only,ML,28,0.19469268382192362,0.0,0.0,0.20171799901396045
retained_satellites,size_only,ML,29,0.19482954112655773,0.0,0.0,0.20171799666227982
retained_satellites,size_only,ML,30,0.19476110045315356,0.0,0.0,0.2017179969271115
retained_satellites,size_only,ML,31,0.19489800585058478,0.0,0.0,0.20171799822072464
retained_satellites,size_only,ML,32,0.1947953177840559,0.0,0.0,0.20171799656686473
retained_satellites,size_only,ML,33,0.19486377048171524,0.0,0.0,0.20171799721351397
retained_satellites,size_only,ML,34,0.19476110045315356,0.0,0.0,0.2017179969271115
retained_satellites,size_only,ML,35,0.19482954112655773,0.0,0.0,0.20171799666227982
retained_satellites,size_only,ML,36,0.1947782083672208,0.0,0.0,0.20171799669004023
retained_satellites,size_only,ML,37,0.19481242870379087,0.0,0.0,0.20171799655760475
retained_satellites,size_only,ML,38,0.1947953177840559,0.0,0.0,0.20171799656686473
retained_satellites,size_only,ML,39,0.19482954112655773,0.0,0.0,0.20171799666227982
retained_satellites,size_only,ML,40,0.19480387305605265,0.0,0.0,0.2017179965479941
retained_satellites,size_only,ML,41,0.19482098472728707,0.0,0.0,0.20171799659569922
retained_satellites,size_only,ML,42,0.1947953177840559,0.0,0.0,0.20171799656686473
retained_satellites,size_only,ML,43,0.19481242870379087,0.0,0.0,0.20171799655760475
retained_satellites,size_only,ML,44,0.1947995953730876,0.0,0.0,0.2017179965538695
retained_satellites,size_only,ML,45,0.19480815083295305,0.0,0.0,0.2017179965492391
retained_satellites,size_only,ML,46,0.19480173420282834,0.0,0.0,0.20171799655004174
retained_satellites,size_only,ML,47,0.1948060119327608,0.0,0.0,0.2017179965477266
retained_satellites,size_only,ML,48,0.19480280362650504,0.0,0.0,0.2017179965487954
retained_satellites,size_only,ML,49,0.19480494249147123,0.0,0.0,0.2017179965476378
retained_satellites,size_only,ML,50,0.19480333834054497,0.0,0.0,0.20171799654833916
retained_satellites,size_only,ML,51,0.19480440777302807,0.0,0.0,0.20171799654776035
retained_satellites,size_only,ML,52,0.19480360569811533,0.0,0.0,0.20171799654815273
retained_satellites,size_only,ML,53,0.1948041404143569,0.0,0.0,0.20171799654786335
retained_satellites,size_only,ML,54,0.19480373937703813,0.0,0.0,0.20171799654806996
retained_satellites,size_only,ML,55,0.1948040067351589,0.0,0.0,0.20171799654792527
retained_satellites,size_only,ML,56,0.19480380621653393,0.0,0.0,0.20171799654803113
retained_satellites,size_only,ML,57,0.1948039398955943,0.0,0.0,0.2017179965479588
retained_satellites,size_only,ML,58,0.19480383963629042,0.0,0.0,0.20171799654801237
retained_satellites,size_only,ML,59,0.1948039064758206,0.0,0.0,0.20171799654797623
retained_satellites,size_only,ML,60,0.1948038563461708,0.0,0.0,0.20171799654800324
retained_satellites,size_only,ML,61,0.1948038897659359,0.0,0.0,0.20171799654798517
retained_satellites,size_only,ML,62,0.19480386470111155,0.0,0.0,0.2017179965479987
retained_satellites,size_only,ML,63,0.1948038814109941,0.0,0.0,0.2017179965479896
retained_satellites,size_only,ML,64,0.19480386887858206,0.0,0.0,0.20171799654799638
retained_satellites,size_only,ML,65,0.19480387723352333,0.0,0.0,0.2017179965479919
retained_satellites,size_only,ML,66,0.19480387096731736,0.0,0.0,0.20171799654799522
retained_satellites,size_only,ML,67,0.19480387514478797,0.0,0.0,0.201717996547993
retained_satellites,size_only,ML,68,0.194803872011685,0.0,0.0,0.20171799654799472
retained_satellites,size_only,ML,69,0.1948038741004203,0.0,0.0,0.20171799654799358
retained_satellites,size_only,ML,70,0.19480387253386883,0.0,0.0,0.20171799654799438
retained_satellites,size_only,ML,71,0.19480387357823647,0.0,0.0,0.20171799654799388
retained_satellites,size_only,ML,72,0.19480387279496073,0.0,0.0,0.20171799654799424
retained_satellites,size_only,ML,73,0.19480387331714458,0.0,0.0,0.20171799654799402
retained_satellites,size_only,ML,74,0.1948038729255067,0.0,0.0,0.20171799654799422
retained_satellites,size_only,ML,75,0.19480387318659861,0.0,0.0,0.20171799654799405
retained_satellites,size_only,ML,76,0.19480387299077967,0.0,0.0,0.20171799654799413
retained_satellites,size_only,ML,77,0.19480387312132563,0.0,0.0,0.2017179965479941
retained_satellites,size_only,ML,78,0.19480387302341617,0.0,0.0,0.20171799654799416
retained_satellites,size_only,ML,79,0.19480387308868913,0.0,0.0,0.20171799654799408
retained_satellites,size_only,ML,80,0.1948038730397344,0.0,0.0,0.20171799654799413
retained_satellites,size_only,ML,81,0.1948038730723709,0.0,0.0,0.2017179965479941
retained_satellites,size_only,ML,82,0.19480387304789354,0.0,0.0,0.2017179965479941
retained_satellites,size_only,ML,83,0.19480387306421176,0.0,0.0,0.2017179965479941
retained_satellites,size_only,ML,84,0.19480387305197308,0.0,0.0,0.20171799654799405
retained_satellites,size_only,ML,85,0.19480387306013222,0.0,0.0,0.2017179965479941
retained_satellites,size_only,ML,86,0.19480387305401287,0.0,0.0,0.20171799654799413
retained_satellites,size_only,ML,87,0.19480387305809244,0.0,0.0,0.2017179965479941
retained_satellites,size_only,ML,88,0.19480387305503277,0.0,0.0,0.20171799654799413
retained_satellites,size_only,ML,89,0.19480387305707253,0.0,0.0,0.20171799654799408
retained_satellites,size_only,ML,90,0.1948038730555427,0.0,0.0,0.2017179965479941
retained_satellites,size_only,ML,91,0.1948038730565626,0.0,0.0,0.20171799654799413
retained_satellites,size_only,ML,92,0.1948038730557977,0.0,0.0,0.20171799654799413
retained_satellites,size_only,ML,93,0.1948038730563076,0.0,0.0,0.2017179965479941
retained_satellites,size_only,ML,94,0.19480387305592517,0.0,0.0,0.2017179965479941
retained_satellites,size_only,ML,95,0.19480387305618013,0.0,0.0,0.2017179965479941
retained_satellites,size_only,HL,0,0.10600598427814258,0.0,0.0,0.21727295800259605
retained_satellites,size_only,HL,1,0.44702352912597987,0.0,0.0,0.23717761544168947
retained_satellites,size_only,HL,2,0.15190790799092016,0.0,0.0,0.19582815901667733
retained_satellites,size_only,HL,3,0.31194669077610404,0.0,0.0,0.19519629788425247
retained_satellites,size_only,HL,4,0.1818466826698532,0.0,0.0,0.18719283696787964
retained_satellites,size_only,HL,5,0.2605885821217917,0.0,0.0,0.18570583563361615
retained_satellites,size_only,HL,6,0.19896096691673337,0.0,0.0,0.18466732812747388
retained_satellites,size_only,HL,7,0.2381731951489777,0.0,0.0,0.18431675648903628
retained_satellites,size_only,HL,8,0.2081129631683744,0.0,0.0,0.18368664260175854
retained_satellites,size_only,HL,9,0.22769926716265965,0.0,0.0,0.18382087182837764
retained_satellites,size_only,HL,10,0.21284563975076953,0.0,0.0,0.18344002443204324
retained_satellites,size_only,HL,11,0.2226363164214977,0.0,0.0,0.18359484006819776
retained_satellites,size_only,HL,12,0.2152521858643245,0.0,0.0,0.18343077079016473
retained_satellites,size_only,HL,13,0.2201472148132192,0.0,0.0,0.18348710608329372
retained_satellites,size_only,HL,14,0.216465643408532,0.0,0.0,0.18342717206828363
retained_satellites,size_only,HL,15,0.21891311921058726,0.0,0.0,0.18344621791951704
retained_satellites,size_only,HL,16,0.21707493504422926,0.0,0.0,0.18342563298190523
retained_satellites,size_only,HL,17,0.21829866811123652,0.0,0.0,0.18343374159427672
retained_satellites,size_only,HL,18,0.2173802236817425,0.0,0.0,0.18342492891480944
retained_satellites,size_only,HL,19,0.21799208961099448,0.0,0.0,0.18342757747404348
retained_satellites,size_only,HL,20,0.2175330289690796,0.0,0.0,0.18342459330129157
retained_satellites,size_only,HL,21,0.21783896185817417,0.0,0.0,0.1834245138746005
retained_satellites,size_only,HL,22,0.21760947188789478,0.0,0.0,0.18342442960592062
retained_satellites,size_only,HL,23,0.21776243832300066,0.0,0.0,0.18342411044707355
retained_satellites,size_only,HL,24,0.21768594166938854,0.0,0.0,0.1834242686539065
retained_satellites,size_only,HL,25,0.21783896185817417,0.0,0.0,0.1834245138746005
retained_satellites,size_only,HL,26,0.21772418663658968,0.0,0.0,0.18342418920722836
retained_satellites,size_only,HL,27,0.2178006967298019,0.0,0.0,0.18342403237367003
retained_satellites,size_only,HL,28,0.21776243832300066,0.0,0.0,0.18342411044707355
retained_satellites,size_only,HL,29,0.21783896185817417,0.0,0.0,0.1834245138746005
retained_satellites,size_only,HL,30,0.2177815666862787,0.0,0.0,0.18342407132451363
retained_satellites,size_only,HL,31,0.21781982845371786,0.0,0.0,0.18342413178897007
retained_satellites,size_only,HL,32,0.21779113149800045,0.0,0.0,0.18342405182762556
retained_satellites,size_only,HL,33,0.21781026238170156,0.0,0.0,0.18342401296265087
retained_satellites,size_only,HL,34,0.2178006967298019,0.0,0.0,0.18342403237367003
retained_satellites,size_only,HL,35,0.21781982845371786,0.0,0.0,0.18342413178897007
retained_satellites,size_only,HL,36,0.2178054795032383,0.0,0.0,0.18342402266279317
retained_satellites,size_only,HL,37,0.217815045365194,0.0,0.0,0.18342403629755938
retained_satellites,size_only,HL,38,0.21780787092934145,0.0,0.0,0.18342401781138024
retained_satellites,size_only,HL,39,0.21781265386031898,0.0,0.0,0.18342400811660525
retained_satellites,size_only,HL,40,0.21781026238170156,0.0,0.0,0.18342401296265087
retained_satellites,size_only,HL,41,0.217815045365194,0.0,0.0,0.18342403629755938
retained_satellites,size_only,HL,42,0.2178114581177281,0.0,0.0,0.1834240105392925
retained_satellites,size_only,HL,43,0.21781384960947428,0.0,0.0,0.18342401242658146
retained_satellites,size_only,HL,44,0.217812055988203,0.0,0.0,0.18342400932786504
retained_satellites,size_only,HL,45,0.2178132517340761,0.0,0.0,0.18342400690551314
retained_satellites,size_only,HL,46,0.21781265386031898,0.0,0.0,0.18342400811660525
retained_satellites,size_only,HL,47,0.21781384960947428,0.0,0.0,0.18342401242658146
retained_satellites,size_only,HL,48,0.2178129527969924,0.0,0.0,0.1834240075110382
retained_satellites,size_only,HL,49,0.21781355067157004,0.0,0.0,0.18342400645895413
retained_satellites,size_only,HL,50,0.2178132517340761,0.0,0.0,0.18342400690551314
retained_satellites,size_only,HL,51,0.21781384960947428,0.0,0.0,0.18342401242658146
retained_satellites,size_only,HL,52,0.21781340120277176,0.0,0.0,0.1834240066027663
retained_satellites,size_only,HL,53,0.21781370014047088,0.0,0.0,0.18342400944276188
retained_satellites,size_only,HL,54,0.21781347593715808,0.0,0.0,0.18342400645139684
retained_satellites,size_only,HL,55,0.21781362540600763,0.0,0.0,0.18342400795085656
retained_satellites,size_only,HL,56,0.21781340120277176,0.0,0.0,0.1834240066027663
retained_satellites,size_only,HL,57,0.21781355067157004,0.0,0.0,0.18342400645895413
retained_satellites,size_only,HL,58,0.21781343856996171,0.0,0.0,0.1834240065270813
retained_satellites,size_only,HL,59,0.21781351330436086,0.0,0.0,0.18342400637571316
retained_satellites,size_only,HL,60,0.21781347593715808,0.0,0.0,0.18342400645139684
retained_satellites,size_only,HL,61,0.21781355067157004,0.0,0.0,0.18342400645895413
retained_satellites,size_only,HL,62,0.21781349462075866,0.0,0.0,0.18342400641355494
retained_satellites,size_only,HL,63,0.21781353198796466,0.0,0.0,0.18342400633787148
retained_satellites,size_only,HL,64,0.21781351330436086,0.0,0.0,0.18342400637571316
retained_satellites,size_only,HL,65,0.21781355067157004,0.0,0.0,0.18342400645895413
retained_satellites,size_only,HL,66,0.21781352264616255,0.0,0.0,0.1834240063567923
retained_satellites,size_only,HL,67,0.21781354132976713,0.0,0.0,0.18342400631895078
retained_satellites,size_only,HL,68,0.21781353198796466,0.0,0.0,0.18342400633787148
retained_satellites,size_only,HL,69,0.21781355067157004,0.0,0.0,0.18342400645895413
retained_satellites,size_only,HL,70,0.21781353665886585,0.0,0.0,0.18342400632841105
retained_satellites,size_only,HL,71,0.21781354600066855,0.0,0.0,0.18342400636571038
retained_satellites,size_only,HL,72,0.2178135389943165,0.0,0.0,0.18342400632368094
retained_satellites,size_only,HL,73,0.21781354366521782,0.0,0.0,0.1834240063190884
retained_satellites,size_only,HL,74,0.2178135401620418,0.0,0.0,0.1834240063213159
retained_satellites,size_only,HL,75,0.2178135424974925,0.0,0.0,0.18342400631658562
retained_satellites,size_only,HL,76,0.21781354132976713,0.0,0.0,0.18342400631895078
retained_satellites,size_only,HL,77,0.21781354366521782,0.0,0.0,0.1834240063190884
retained_satellites,size_only,HL,78,0.2178135419136298,0.0,0.0,0.18342400631776823
retained_satellites,size_only,HL,79,0.21781354308135514,0.0,0.0,0.18342400631540307
retained_satellites,size_only,HL,80,0.2178135424974925,0.0,0.0,0.18342400631658562
retained_satellites,size_only,HL,81,0.21781354366521782,0.0,0.0,0.1834240063190884
retained_satellites,size_only,HL,82,0.21781354278942383,0.0,0.0,0.1834240063159944
retained_satellites,size_only,HL,83,0.21781354337328648,0.0,0.0,0.1834240063148118
retained_satellites,size_only,HL,84,0.2178135429353895,0.0,0.0,0.18342400631569872
retained_satellites,size_only,HL,85,0.21781354322732083,0.0,0.0,0.18342400631510747
retained_satellites,size_only,HL,86,0.21781354300837233,0.0,0.0,0.18342400631555092
retained_satellites,size_only,HL,87,0.21781354315433799,0.0,0.0,0.18342400631525527
retained_satellites,size_only,HL,88,0.21781354304486375,0.0,0.0,0.18342400631547698
retained_satellites,size_only,HL,89,0.21781354311784656,0.0,0.0,0.18342400631532924
retained_satellites,size_only,HL,90,0.21781354306310943,0.0,0.0,0.18342400631543998
retained_satellites,size_only,HL,91,0.21781354309960085,0.0,0.0,0.1834240063153661
retained_satellites,size_only,HL,92,0.2178135430722323,0.0,0.0,0.18342400631542155
retained_satellites,size_only,HL,93,0.217813543090478,0.0,0.0,0.18342400631538464
retained_satellites,size_only,HL,94,0.21781354307679374,0.0,0.0,0.18342400631541234
retained_satellites,size_only,HL,95,0.21781354308591658,0.0,0.0,0.1834240063153939
retained_satellites,instantaneous,LL,0,0.09204521469777292,2.1455107778310776,0.0,0.23972161552766746
retained_satellites,instantaneous,LL,1,0.38815145195383993,2.1455107778310776,0.0,0.26903745528646456
retained_satellites,instantaneous,LL,2,0.18901715194749785,0.14551077783107758,0.0,0.23468163794838764
retained_satellites,instantaneous,LL,3,0.18901715194749785,4.145510777831078,0.0,0.2287948419444767
retained_satellites,instantaneous,LL,4,0.13190194969206864,2.1455107778310776,0.0,0.23203922017327325
retained_satellites,instantaneous,LL,5,0.27086395473115443,2.1455107778310776,0.0,0.23733108333612798
retained_satellites,instantaneous,LL,6,0.18901715194749785,1.1455107778310776,0.0,0.23037904816177307
retained_satellites,instantaneous,LL,7,0.18901715194749785,3.1455107778310776,0.0,0.22810793476281055
retained_satellites,instantaneous,LL,8,0.13190194969206864,3.1455107778310776,0.0,0.23317267382338586
retained_satellites,instantaneous,LL,9,0.27086395473115443,3.1455107778310776,0.0,0.2344653879363059
retained_satellites,instantaneous,LL,10,0.18901715194749785,2.1455107778310776,0.0,0.22839251071985783
retained_satellites,instantaneous,LL,11,0.18901715194749785,4.145510777831078,0.0,0.2287948419444767
retained_satellites,instantaneous,LL,12,0.15789784946957625,3.1455107778310776,0.0,0.22937157595357893
retained_satellites,instantaneous,LL,13,0.22626960310328648,3.1455107778310776,0.0,0.2297632424107
retained_satellites,instantaneous,LL,14,0.18901715194749785,2.6455107778310776,0.0,0.22814011325003777
retained_satellites,instantaneous,LL,15,0.18901715194749785,3.6455107778310776,0.0,0.2282510128816244
retained_satellites,instantaneous,LL,16,0.17275821776510092,3.1455107778310776,0.0,0.22836815346790387
retained_satellites,instantaneous,LL,17,0.2068062763817238,3.1455107778310776,0.0,0.22840025615773807
retained_satellites,instantaneous,LL,18,0.18901715194749785,2.8955107778310776,0.0,0.2281135645694723
retained_satellites,instantaneous,LL,19,0.18901715194749785,3.3955107778310776,0.0,0.22812009312078158
retained_satellites,instantaneous,LL,20,0.18070491497877142,3.1455107778310776,0.0,0.2280378487282856
retained_satellites,instantaneous,LL,21,0.19771174311744996,3.1455107778310776,0.0,0.2282270934629177
retained_satellites,instantaneous,LL,22,0.18901715194749785,3.0205107778310776,0.0,0.22810833890992033
retained_satellites,instantaneous,LL,23,0.18901715194749785,3.2705107778310776,0.0,0.22811197227173985
retained_satellites,instantaneous,LL,24,0.17275821776510092,3.1455107778310776,0.0,0.22836815346790387
retained_satellites,instantaneous,LL,25,0.18901715194749785,3.1455107778310776,0.0,0.22810793476281055
retained_satellites,instantaneous,LL,26,0.18070491497877142,3.0205107778310776,0.0,0.22803197527411181
retained_satellites,instantaneous,LL,27,0.18070491497877142,3.2705107778310776,0.0,0.2280476547472357
retained_satellites,instantaneous,LL,28,0.17275821776510092,3.0205107778310776,0.0,0.22834636965922622
retained_satellites,instantaneous,LL,29,0.18901715194749785,3.0205107778310776,0.0,0.22810833890992033
retained_satellites,instantaneous,LL,30,0.18070491497877142,2.8955107778310776,0.0,0.22803038353650704
retained_satellites,instantaneous,LL,31,0.18070491497877142,3.1455107778310776,0.0,0.2280378487282856
retained_satellites,instantaneous,LL,32,0.17275821776510092,2.8955107778310776,0.0,0.2283387275722178
retained_satellites,instantaneous,LL,33,0.18901715194749785,2.8955107778310776,0.0,0.2281135645694723
retained_satellites,instantaneous,LL,34,0.18070491497877142,2.7705107778310776,0.0,0.22803344379753065
retained_satellites,instantaneous,LL,35,0.18070491497877142,3.0205107778310776,0.0,0.22803197527411181
retained_satellites,instantaneous,LL,36,0.1766868955331058,2.8955107778310776,0.0,0.22817300804569224
retained_satellites,instantaneous,LL,37,0.18481430781246921,2.8955107778310776,0.0,0.22806594269530295
retained_satellites,instantaneous,LL,38,0.18070491497877142,2.8330107778310776,0.0,0.2280313081735995
retained_satellites,instantaneous,LL,39,0.18070491497877142,2.9580107778310776,0.0,0.22803062155426923
retained_satellites,instantaneous,LL,40,0.17868461163506205,2.8955107778310776,0.0,0.2280932927741453
retained_satellites,instantaneous,LL,41,0.1827480609476137,2.8955107778310776,0.0,0.22804669242819253
retained_satellites,instantaneous,LL,42,0.18070491497877142,2.8642607778310776,0.0,0.22803069753512015
retained_satellites,instantaneous,LL,43,0.18070491497877142,2.9267607778310776,0.0,0.22803036018005793
retained_satellites,instantaneous,LL,44,0.17868461163506205,2.9267607778310776,0.0,0.2280936773321422
retained_satellites,instantaneous,LL,45,0.1827480609476137,2.9267607778310776,0.0,0.2280462489140837
retained_satellites,instantaneous,LL,46,0.18070491497877142,2.8955107778310776,0.0,0.22803038353650704
retained_satellites,instantaneous,LL,47,0.18070491497877142,2.9580107778310776,0.0,0.22803062155426923
retained_satellites,instantaneous,LL,48,0.17969192400753206,2.9267607778310776,0.0,0.2280544344535497
retained_satellites,instantaneous,LL,49,0.18172361656117753,2.9267607778310776,0.0,0.2280379430029439
retained_satellites,instantaneous,LL,50,0.18070491497877142,2.9111357778310776,0.0,0.22803033589949034
retained_satellites,instantaneous,LL,51,0.18070491497877142,2.9423857778310776,0.0,0.22803045564195817
retained_satellites,instantaneous,LL,52,0.17969192400753206,2.9111357778310776,0.0,0.22805430796607248
retained_satellites,instantaneous,LL,53,0.18172361656117753,2.9111357778310776,0.0,0.22803802245410787
retained_satellites,instantaneous,LL,54,0.18070491497877142,2.8955107778310776,0.0,0.22803038353650704
retained_satellites,instantaneous,LL,55,0.18070491497877142,2.9267607778310776,0.0,0.22803036018005793
retained_satellites,instantaneous,LL,56,0.1801977076717485,2.9111357778310776,0.0,0.2280349445561169
retained_satellites,instantaneous,LL,57,0.18121354993576622,2.9111357778310776,0.0,0.22803408916593504
retained_satellites,instantaneous,LL,58,0.18070491497877142,2.9033232778310776,0.0,0.22803035068207594
retained_satellites,instantaneous,LL,59,0.18070491497877142,2.9189482778310776,0.0,0.22803033909621706
retained_satellites,instantaneous,LL,60,0.1804511331197253,2.9111357778310776,0.0,0.22802852642112087
retained_satellites,instantaneous,LL,61,0.18095905375013427,2.9111357778310776,0.0,0.22803219010072512
retained_satellites,instantaneous,LL,62,0.18070491497877142,2.9072295278310776,0.0,0.22803034103759368
retained_satellites,instantaneous,LL,63,0.18070491497877142,2.9150420278310776,0.0,0.22803033525620992
retained_satellites,instantaneous,LL,64,0.1801977076717485,2.9111357778310776,0.0,0.2280349445561169
retained_satellites,instantaneous,LL,65,0.18070491497877142,2.9111357778310776,0.0,0.22803033589949034
retained_satellites,instantaneous,LL,66,0.1804511331197253,2.9072295278310776,0.0,0.22802852509430016
retained_satellites,instantaneous,LL,67,0.1804511331197253,2.9150420278310776,0.0,0.2280285322261706
retained_satellites,instantaneous,LL,68,0.1801977076717485,2.9072295278310776,0.0,0.2280349367882431
retained_satellites,instantaneous,LL,69,0.18070491497877142,2.9072295278310776,0.0,0.22803034103759368
retained_satellites,instantaneous,LL,70,0.1804511331197253,2.9033232778310776,0.0,0.22802852825723433
retained_satellites,instantaneous,LL,71,0.1804511331197253,2.9111357778310776,0.0,0.22802852642112087
retained_satellites,instantaneous,LL,72,0.1803243758756537,2.9072295278310776,0.0,0.228030120978861
retained_satellites,instantaneous,LL,73,0.18057797946655324,2.9072295278310776,0.0,0.22802942748140942
retained_satellites,instantaneous,LL,74,0.1804511331197253,2.9052764028310776,0.0,0.22802852611382668
retained_satellites,instantaneous,LL,75,0.1804511331197253,2.9091826528310776,0.0,0.228028525197212
retained_satellites,instantaneous,LL,76,0.18038774336375785,2.9072295278310776,0.0,0.22802807808364672
retained_satellites,instantaneous,LL,77,0.18051454515138113,2.9072295278310776,0.0,0.22802897489282112
retained_satellites,instantaneous,LL,78,0.1804511331197253,2.9062529653310776,0.0,0.22802852546366847
retained_satellites,instantaneous,LL,79,0.1804511331197253,2.9082060903310776,0.0,0.22802852500554138
retained_satellites,instantaneous,LL,80,0.1803243758756537,2.9072295278310776,0.0,0.228030120978861
retained_satellites,instantaneous,LL,81,0.1804511331197253,2.9072295278310776,0.0,0.22802852509430016
retained_satellites,instantaneous,LL,82,0.18038774336375785,2.9062529653310776,0.0,0.2280280780492423
retained_satellites,instantaneous,LL,83,0.18038774336375785,2.9082060903310776,0.0,0.22802807839840136
retained_satellites,instantaneous,LL,84,0.1803243758756537,2.9062529653310776,0.0,0.22803012054105712
retained_satellites,instantaneous,LL,85,0.1804511331197253,2.9062529653310776,0.0,0.22802852546366847
retained_satellites,instantaneous,LL,86,0.18038774336375785,2.9052764028310776,0.0,0.22802807829536842
retained_satellites,instantaneous,LL,87,0.18038774336375785,2.9072295278310776,0.0,0.22802807808364672
retained_satellites,instantaneous,LL,88,0.18035605683671183,2.9062529653310776,0.0,0.22802891816026155
retained_satellites,instantaneous,LL,89,0.18041943545776964,2.9062529653310776,0.0,0.22802830140806274
retained_satellites,instantaneous,LL,90,0.18038774336375785,2.9057646840810776,0.0,0.22802807813722784
retained_satellites,instantaneous,LL,91,0.18038774336375785,2.9067412465810776,0.0,0.22802807803138953
retained_satellites,instantaneous,LL,92,0.18035605683671183,2.9067412465810776,0.0,0.22802891824329816
retained_satellites,instantaneous,LL,93,0.18041943545776964,2.9067412465810776,0.0,0.22802830128927382
retained_satellites,instantaneous,LL,94,0.18038774336375785,2.9062529653310776,0.0,0.2280280780492423
retained_satellites,instantaneous,LL,95,0.18038774336375785,2.9072295278310776,0.0,0.22802807808364672
retained_satellites,instantaneous,ML,0,0.07421965466958495,2.354815512895584,0.0,0.21134175172574404
retained_satellites,instantaneous,ML,1,0.31298168859840825,2.354815512895584,0.0,0.23339140845429066
retained_satellites,instantaneous,ML,2,0.1524119183189997,0.3548155128955841,0.0,0.2012139702222237
retained_satellites,instantaneous,ML,3,0.1524119183189997,4.354815512895584,0.0,0.2095023729802865
retained_satellites,instantaneous,ML,4,0.10635769810016174,2.354815512895584,0.0,0.19530716757158315
retained_satellites,instantaneous,ML,5,0.21840819480505577,2.354815512895584,0.0,0.19939760458371425
retained_satellites,instantaneous,ML,6,0.1524119183189997,1.354815512895584,0.0,0.19156964398046505
retained_satellites,instantaneous,ML,7,0.1524119183189997,3.354815512895584,0.0,0.1952211075718724
retained_satellites,instantaneous,ML,8,0.12731920827368776,2.354815512895584,0.0,0.19099967483010977
retained_satellites,instantaneous,ML,9,0.18245002588881246,2.354815512895584,0.0,0.19236224748704683
retained_satellites,instantaneous,ML,10,0.1524119183189997,1.854815512895584,0.0,0.19014072494759018
retained_satellites,instantaneous,ML,11,0.1524119183189997,2.854815512895584,0.0,0.19173270646540702
retained_satellites,instantaneous,ML,12,0.13930170412399487,2.354815512895584,0.0,0.1899027721162424
retained_satellites,instantaneous,ML,13,0.16675598472937955,2.354815512895584,0.0,0.19110969033156036
retained_satellites,instantaneous,ML,14,0.1524119183189997,2.104815512895584,0.0,0.18969433162431432
retained_satellites,instantaneous,ML,15,0.1524119183189997,2.604815512895584,0.0,0.1907805491728055
retained_satellites,instantaneous,ML,16,0.13930170412399487,2.104815512895584,0.0,0.19035782074417967
retained_satellites,instantaneous,ML,17,0.16675598472937955,2.104815512895584,0.0,0.19036765833575114
retained_satellites,instantaneous,ML,18,0.1524119183189997,1.854815512895584,0.0,0.19014072494759018
retained_satellites,instantaneous,ML,19,0.1524119183189997,2.354815512895584,0.0,0.18999271613828977
retained_satellites,instantaneous,ML,20,0.14570943672474948,2.104815512895584,0.0,0.18996754483441985
retained_satellites,instantaneous,ML,21,0.15942270705197098,2.104815512895584,0.0,0.18984377052465318
retained_satellites,instantaneous,ML,22,0.1524119183189997,1.979815512895584,0.0,0.18985770444235853
retained_satellites,instantaneous,ML,23,0.1524119183189997,2.229815512895584,0.0,0.18974078386900117
retained_satellites,instantaneous,ML,24,0.1490230008032316,2.104815512895584,0.0,0.18978302465358546
retained_satellites,instantaneous,ML,25,0.15587790287721612,2.104815512895584,0.0,0.18972701938849001
retained_satellites,instantaneous,ML,26,0.1524119183189997,2.042315512895584,0.0,0.18976085082108077
retained_satellites,instantaneous,ML,27,0.1524119183189997,2.167315512895584,0.0,0.18970376333042158
retained_satellites,instantaneous,ML,28,0.15070793418421727,2.104815512895584,0.0,0.18973864968309442
retained_satellites,instantaneous,ML,29,0.1541351686055432,2.104815512895584,0.0,0.18969705530172104
retained_satellites,instantaneous,ML,30,0.1524119183189997,2.073565512895584,0.0,0.1897275709917549
retained_satellites,instantaneous,ML,31,0.1524119183189997,2.136065512895584,0.0,0.18968555818716032
retained_satellites,instantaneous,ML,32,0.15070793418421727,2.136065512895584,0.0,0.1897062832387587
retained_satellites,instantaneous,ML,33,0.1541351686055432,2.136065512895584,0.0,0.18971446393588806
retained_satellites,instantaneous,ML,34,0.1524119183189997,2.104815512895584,0.0,0.18969433162431432
retained_satellites,instantaneous,ML,35,0.1524119183189997,2.167315512895584,0.0,0.18970376333042158
retained_satellites,instantaneous,ML,36,0.15155753150177032,2.136065512895584,0.0,0.18968369786464995
retained_satellites,instantaneous,ML,37,0.15327112163611675,2.136065512895584,0.0,0.18969995407134532
retained_satellites,instantaneous,ML,38,0.1524119183189997,2.120440512895584,0.0,0.18967772351669165
retained_satellites,instantaneous,ML,39,0.1524119183189997,2.151690512895584,0.0,0.18969463400262032
retained_satellites,instantaneous,ML,40,0.15155753150177032,2.120440512895584,0.0,0.18970008778924635
retained_satellites,instantaneous,ML,41,0.15327112163611675,2.120440512895584,0.0,0.1896910757456754
retained_satellites,instantaneous,ML,42,0.1524119183189997,2.104815512895584,0.0,0.18969433162431432
retained_satellites,instantaneous,ML,43,0.1524119183189997,2.136065512895584,0.0,0.18968555818716032
retained_satellites,instantaneous,ML,44,0.15198412453896967,2.120440512895584,0.0,0.18968890417358358
retained_satellites,instantaneous,ML,45,0.15284091622162338,2.120440512895584,0.0,0.18968379193939383
retained_satellites,instantaneous,ML,46,0.1524119183189997,2.112628012895584,0.0,0.1896860267559512
retained_satellites,instantaneous,ML,47,0.1524119183189997,2.128253012895584,0.0,0.189681040842416
retained_satellites,instantaneous,ML,48,0.15219787112511832,2.120440512895584,0.0,0.18968331347267883
retained_satellites,instantaneous,ML,49,0.15262626654338085,2.120440512895584,0.0,0.1896801610370148
retained_satellites,instantaneous,ML,50,0.1524119183189997,2.116534262895584,0.0,0.1896818749439544
retained_satellites,instantaneous,ML,51,0.1524119183189997,2.124346762895584,0.0,0.1896787873973847
retained_satellites,instantaneous,ML,52,0.1523048571196834,2.120440512895584,0.0,0.18968051840124603
retained_satellites,instantaneous,ML,53,0.15251905477593164,2.120440512895584,0.0,0.18967834833658093
retained_satellites,instantaneous,ML,54,0.1524119183189997,2.118487387895584,0.0,0.18967979918364064
retained_satellites,instantaneous,ML,55,0.1524119183189997,2.122393637895584,0.0,0.18967766199251354
retained_satellites,instantaneous,ML,56,0.1523048571196834,2.122393637895584,0.0,0.189678446164805
retained_satellites,instantaneous,ML,57,0.15251905477593164,2.122393637895584,0.0,0.18967947065685764
retained_satellites,instantaneous,ML,58,0.1524119183189997,2.120440512895584,0.0,0.18967772351669165
retained_satellites,instantaneous,ML,59,0.1524119183189997,2.124346762895584,0.0,0.1896787873973847
retained_satellites,instantaneous,ML,60,0.1523583783154445,2.122393637895584,0.0,0.18967704702987578
retained_satellites,instantaneous,ML,61,0.15246547713695824,2.122393637895584,0.0,0.1896785660962206
retained_satellites,instantaneous,ML,62,0.1524119183189997,2.121417075395584,0.0,0.18967709962083923
retained_satellites,instantaneous,ML,63,0.1524119183189997,2.123370200395584,0.0,0.1896782245848239
retained_satellites,instantaneous,ML,64,0.1523048571196834,2.122393637895584,0.0,0.189678446164805
retained_satellites,instantaneous,ML,65,0.1524119183189997,2.122393637895584,0.0,0.18967766199251354
retained_satellites,instantaneous,ML,66,0.1523583783154445,2.121417075395584,0.0,0.18967808397159963
retained_satellites,instantaneous,ML,67,0.1523583783154445,2.123370200395584,0.0,0.18967732148739405
retained_satellites,instantaneous,ML,68,0.15233161536700265,2.122393637895584,0.0,0.18967774659167763
retained_satellites,instantaneous,ML,69,0.1523851459658348,2.122393637895584,0.0,0.18967721011201472
retained_satellites,instantaneous,ML,70,0.1523583783154445,2.121905356645584,0.0,0.1896775654979791
retained_satellites,instantaneous,ML,71,0.1523583783154445,2.122881919145584,0.0,0.18967703988901827
retained_satellites,instantaneous,ML,72,0.15233161536700265,2.122881919145584,0.0,0.1896772283377376
retained_satellites,instantaneous,ML,73,0.1523851459658348,2.122881919145584,0.0,0.1896774915179959
retained_satellites,instantaneous,ML,74,0.1523583783154445,2.122393637895584,0.0,0.18967704702987578
retained_satellites,instantaneous,ML,75,0.1523583783154445,2.123370200395584,0.0,0.18967732148739405
retained_satellites,instantaneous,ML,76,0.15234499625353165,2.122881919145584,0.0,0.18967687845108683
retained_satellites,instantaneous,ML,77,0.15237176155284446,2.122881919145584,0.0,0.1896772656892394
retained_satellites,instantaneous,ML,78,0.1523583783154445,2.122637778520584,0.0,0.1896768991104948
retained_satellites,instantaneous,ML,79,0.1523583783154445,2.123126059770584,0.0,0.18967718068132006
retained_satellites,instantaneous,ML,80,0.15233161536700265,2.122881919145584,0.0,0.1896772283377376
retained_satellites,instantaneous,ML,81,0.1523583783154445,2.122881919145584,0.0,0.18967703988901827
retained_satellites,instantaneous,ML,82,0.15234499625353165,2.122637778520584,0.0,0.18967713762954252
retained_satellites,instantaneous,ML,83,0.15234499625353165,2.123126059770584,0.0,0.1896769549439364
retained_satellites,instantaneous,ML,84,0.15233830566335063,2.122881919145584,0.0,0.1896770533940611
retained_satellites,instantaneous,ML,85,0.15235168713755862,2.122881919145584,0.0,0.18967692699960859
retained_satellites,instantaneous,ML,86,0.15234499625353165,2.122759848833084,0.0,0.18967700804014476
retained_satellites,instantaneous,ML,87,0.15234499625353165,2.123003989458084,0.0,0.18967688452891268
retained_satellites,instantaneous,ML,88,0.1523416509217112,2.122881919145584,0.0,0.18967696592248617
retained_satellites,instantaneous,ML,89,0.15234834165881359,2.122881919145584,0.0,0.18967687055757887
retained_satellites,instantaneous,ML,90,0.15234499625353165,2.122820883989334,0.0,0.1896769432455734
retained_satellites,instantaneous,ML,91,0.15234499625353165,2.122942954301834,0.0,0.18967684932269208
retained_satellites,instantaneous,ML,92,0.1523416509217112,2.122942954301834,0.0,0.1896769011313451
retained_satellites,instantaneous,ML,93,0.15234834165881359,2.122942954301834,0.0,0.18967690576079477
retained_satellites,instantaneous,ML,94,0.15234499625353165,2.122881919145584,0.0,0.18967687845108683
retained_satellites,instantaneous,ML,95,0.15234499625353165,2.123003989458084,0.0,0.18967688452891268
retained_satellites,instantaneous,HL,0,0.09541259878508115,0.9872315376996994,0.0,0.21291548101998486
retained_satellites,instantaneous,HL,1,0.40235159290702915,0.9872315376996994,0.0,0.23974354345363563
retained_satellites,instantaneous,HL,2,0.19593215944447884,-1.0127684623003006,0.0,0.19454005482504422
retained_satellites,instantaneous,HL,3,0.19593215944447884,2.9872315376996994,0.0,0.1931184804160443
retained_satellites,instantaneous,HL,4,0.13672745341799725,0.9872315376996994,0.0,0.1919462901437373
retained_satellites,instantaneous,HL,5,0.280773247397611,0.9872315376996994,0.0,0.1934938440396476
retained_satellites,instantaneous,HL,6,0.19593215944447884,-0.012768462300300598,0.0,0.18508274991075604
retained_satellites,instantaneous,HL,7,0.19593215944447884,1.9872315376996994,0.0,0.18353094589487384
retained_satellites,instantaneous,HL,8,0.16367438774448675,0.9872315376996994,0.0,0.18385284179063272
retained_satellites,instantaneous,HL,9,0.23454745506368818,0.9872315376996994,0.0,0.18483861294175213
retained_satellites,instantaneous,HL,10,0.19593215944447884,0.4872315376996994,0.0,0.18244561500302783
retained_satellites,instantaneous,HL,11,0.19593215944447884,1.4872315376996994,0.0,0.18198948722014363
retained_satellites,instantaneous,HL,12,0.17907840806900824,0.9872315376996994,0.0,0.1820410479314613
retained_satellites,instantaneous,HL,13,0.21437208158441548,0.9872315376996994,0.0,0.18210481989247893
retained_satellites,instantaneous,HL,14,0.19593215944447884,0.7372315376996994,0.0,0.18193304165737942
retained_satellites,instantaneous,HL,15,0.19593215944447884,1.2372315376996994,0.0,0.18133276649066238
retained_satellites,instantaneous,HL,16,0.17907840806900824,1.2372315376996994,0.0,0.1815157923941391
retained_satellites,instantaneous,HL,17,0.21437208158441548,1.2372315376996994,0.0,0.18287596348028634
retained_satellites,instantaneous,HL,18,0.19593215944447884,0.9872315376996994,0.0,0.18139750602864063
retained_satellites,instantaneous,HL,19,0.19593215944447884,1.4872315376996994,0.0,0.18198948722014363
retained_satellites,instantaneous,HL,20,0.18731582742213848,1.2372315376996994,0.0,0.18120290562995506
retained_satellites,instantaneous,HL,21,0.20494483372225444,1.2372315376996994,0.0,0.18192489289162414
retained_satellites,instantaneous,HL,22,0.19593215944447884,1.1122315376996994,0.0,0.1812557053213631
retained_satellites,instantaneous,HL,23,0.19593215944447884,1.3622315376996994,0.0,0.18160422501840867
retained_satellites,instantaneous,HL,24,0.17907840806900824,1.2372315376996994,0.0,0.1815157923941391
retained_satellites,instantaneous,HL,25,0.19593215944447884,1.2372315376996994,0.0,0.18133276649066238
retained_satellites,instantaneous,HL,26,0.18731582742213848,1.1122315376996994,0.0,0.18140837509613494
retained_satellites,instantaneous,HL,27,0.18731582742213848,1.3622315376996994,0.0,0.1811826037487586
retained_satellites,instantaneous,HL,28,0.17907840806900824,1.3622315376996994,0.0,0.181246972789466
retained_satellites,instantaneous,HL,29,0.19593215944447884,1.3622315376996994,0.0,0.18160422501840867
retained_satellites,instantaneous,HL,30,0.18731582742213848,1.2372315376996994,0.0,0.18120290562995506
retained_satellites,instantaneous,HL,31,0.18731582742213848,1.4872315376996994,0.0,0.18134272756795067
retained_satellites,instantaneous,HL,32,0.18315081266782748,1.3622315376996994,0.0,0.18112778375683694
retained_satellites,instantaneous,HL,33,0.19157555837044798,1.3622315376996994,0.0,0.181332652640567
retained_satellites,instantaneous,HL,34,0.18731582742213848,1.2997315376996994,0.0,0.181144692203546
retained_satellites,instantaneous,HL,35,0.18731582742213848,1.4247315376996994,0.0,0.18123690043599025
retained_satellites,instantaneous,HL,36,0.17907840806900824,1.3622315376996994,0.0,0.181246972789466
retained_satellites,instantaneous,HL,37,0.18731582742213848,1.3622315376996994,0.0,0.1811826037487586
retained_satellites,instantaneous,HL,38,0.18315081266782748,1.2997315376996994,0.0,0.18119108583056165
retained_satellites,instantaneous,HL,39,0.18315081266782748,1.4247315376996994,0.0,0.1811265198927755
retained_satellites,instantaneous,HL,40,0.17907840806900824,1.4247315376996994,0.0,0.18118415272407998
retained_satellites,instantaneous,HL,41,0.18731582742213848,1.4247315376996994,0.0,0.18123690043599025
retained_satellites,instantaneous,HL,42,0.18315081266782748,1.3622315376996994,0.0,0.18112778375683694
retained_satellites,instantaneous,HL,43,0.18315081266782748,1.4872315376996994,0.0,0.1811642220196628
retained_satellites,instantaneous,HL,44,0.18110316388484132,1.4247315376996994,0.0,0.1810936167326781
retained_satellites,instantaneous,HL,45,0.18522161325804068,1.4247315376996994,0.0,0.18117223452979983
retained_satellites,instantaneous,HL,46,0.18315081266782748,1.3934815376996994,0.0,0.1811075298821076
retained_satellites,instantaneous,HL,47,0.18315081266782748,1.4559815376996994,0.0,0.1811454195071578
retained_satellites,instantaneous,HL,48,0.17907840806900824,1.4247315376996994,0.0,0.18118415272407998
retained_satellites,instantaneous,HL,49,0.18315081266782748,1.4247315376996994,0.0,0.1811265198927755
retained_satellites,instantaneous,HL,50,0.18110316388484132,1.3934815376996994,0.0,0.1811255635122102
retained_satellites,instantaneous,HL,51,0.18110316388484132,1.4559815376996994,0.0,0.18110197797685496
retained_satellites,instantaneous,HL,52,0.18008794042011278,1.4247315376996994,0.0,0.18112250345443331
retained_satellites,instantaneous,HL,53,0.18212411054614222,1.4247315376996994,0.0,0.18110446921697992
retained_satellites,instantaneous,HL,54,0.18110316388484132,1.4091065376996994,0.0,0.18110962538869022
retained_satellites,instantaneous,HL,55,0.18110316388484132,1.4403565376996994,0.0,0.18109247469228962
retained_satellites,instantaneous,HL,56,0.18008794042011278,1.4403565376996994,0.0,0.1811065258511207
retained_satellites,instantaneous,HL,57,0.18212411054614222,1.4403565376996994,0.0,0.18111396299729504
retained_satellites,instantaneous,HL,58,0.18110316388484132,1.4247315376996994,0.0,0.1810936167326781
retained_satellites,instantaneous,HL,59,0.18110316388484132,1.4559815376996994,0.0,0.18110197797685496
retained_satellites,instantaneous,HL,60,0.18059483876231686,1.4403565376996994,0.0,0.1810854189703654
retained_satellites,instantaneous,HL,61,0.18161291980368288,1.4403565376996994,0.0,0.18110315285779632
retained_satellites,instantaneous,HL,62,0.18110316388484132,1.4325440376996994,0.0,0.18108771510201077
retained_satellites,instantaneous,HL,63,0.18110316388484132,1.4481690376996994,0.0,0.181097229017689
retained_satellites,instantaneous,HL,64,0.18008794042011278,1.4403565376996994,0.0,0.1811065258511207
retained_satellites,instantaneous,HL,65,0.18110316388484132,1.4403565376996994,0.0,0.18109247469228962
retained_satellites,instantaneous,HL,66,0.18059483876231686,1.4325440376996994,0.0,0.18109344212833578
retained_satellites,instantaneous,HL,67,0.18059483876231686,1.4481690376996994,0.0,0.18108668981726794
retained_satellites,instantaneous,HL,68,0.18034121149423388,1.4403565376996994,0.0,0.18109112943718525
retained_satellites,instantaneous,HL,69,0.1808488227253038,1.4403565376996994,0.0,0.18108718492670606
retained_satellites,instantaneous,HL,70,0.18059483876231686,1.4364502876996994,0.0,0.1810894327747176
retained_satellites,instantaneous,HL,71,0.18059483876231686,1.4442627876996994,0.0,0.18108430952839294
retained_satellites,instantaneous,HL,72,0.18034121149423388,1.4442627876996994,0.0,0.18108711758849738
retained_satellites,instantaneous,HL,73,0.1808488227253038,1.4442627876996994,0.0,0.181089564644027
retained_satellites,instantaneous,HL,74,0.18059483876231686,1.4403565376996994,0.0,0.1810854189703654
retained_satellites,instantaneous,HL,75,0.18059483876231686,1.4481690376996994,0.0,0.18108668981726794
retained_satellites,instantaneous,HL,76,0.18046798057273775,1.4442627876996994,0.0,0.18108339079129948
retained_satellites,instantaneous,HL,77,0.18072178612561093,1.4442627876996994,0.0,0.18108693299555753
retained_satellites,instantaneous,HL,78,0.18059483876231686,1.4423096626996994,0.0,0.18108341039591935
retained_satellites,instantaneous,HL,79,0.18059483876231686,1.4462159126996994,0.0,0.1810854998351854
retained_satellites,instantaneous,HL,80,0.18034121149423388,1.4442627876996994,0.0,0.18108711758849738
retained_satellites,instantaneous,HL,81,0.18059483876231686,1.4442627876996994,0.0,0.18108430952839294
retained_satellites,instantaneous,HL,82,0.18046798057273775,1.4423096626996994,0.0,0.18108539887584862
retained_satellites,instantaneous,HL,83,0.18046798057273775,1.4462159126996994,0.0,0.18108288500523187
retained_satellites,instantaneous,HL,84,0.18034121149423388,1.4462159126996994,0.0,0.18108510999359456
retained_satellites,instantaneous,HL,85,0.18059483876231686,1.4462159126996994,0.0,0.1810854998351854
retained_satellites,instantaneous,HL,86,0.18046798057273775,1.4442627876996994,0.0,0.18108339079129948
retained_satellites,instantaneous,HL,87,0.18046798057273775,1.4481690376996994,0.0,0.18108407545411315
retained_satellites,instantaneous,HL,88,0.18040458489851466,1.4462159126996994,0.0,0.1810823798816822
retained_satellites,instantaneous,HL,89,0.18053139852472894,1.4462159126996994,0.0,0.18108419139957033
retained_satellites,instantaneous,HL,90,0.18046798057273775,1.4452393501996994,0.0,0.1810823863306028
retained_satellites,instantaneous,HL,91,0.18046798057273775,1.4471924751996994,0.0,0.18108348027007684
retained_satellites,instantaneous,HL,92,0.18034121149423388,1.4462159126996994,0.0,0.18108510999359456
retained_satellites,instantaneous,HL,93,0.18046798057273775,1.4462159126996994,0.0,0.18108288500523187
retained_satellites,instantaneous,HL,94,0.18040458489851466,1.4452393501996994,0.0,0.18108338421984455
retained_satellites,instantaneous,HL,95,0.18040458489851466,1.4471924751996994,0.0,0.18108217603188598
retained_satellites,finite_time,LL,0,0.08626268561220986,7.907413810491562,15.252945637964615,0.24126986840961415
retained_satellites,finite_time,LL,1,0.3637667289902797,7.907413810491562,15.252945637964615,0.2511248731947191
retained_satellites,finite_time,LL,2,0.1771425837540777,5.907413810491562,15.252945637964615,0.2266543015180347
retained_satellites,finite_time,LL,3,0.1771425837540777,8.0,15.252945637964615,0.22647083891561098
retained_satellites,finite_time,LL,4,0.1771425837540777,7.907413810491562,8.194822202730824,0.22794146503025936
retained_satellites,finite_time,LL,5,0.1771425837540777,7.907413810491562,28.210199360498812,0.2267377493342184
retained_satellites,finite_time,LL,6,0.1236155128246959,7.907413810491562,15.252945637964615,0.23345093520707744
retained_satellites,finite_time,LL,7,0.25384754924384734,7.907413810491562,15.252945637964615,0.2300959893810503
retained_satellites,finite_time,LL,8,0.1771425837540777,6.907413810491562,15.252945637964615,0.2265146150638003
retained_satellites,finite_time,LL,9,0.1771425837540777,8.0,15.252945637964615,0.22647083891561098
retained_satellites,finite_time,LL,10,0.1771425837540777,7.907413810491562,11.192011166364619,0.22704994984842597
retained_satellites,finite_time,LL,11,0.1771425837540777,7.907413810491562,20.75516421100889,0.22649561975804858
retained_satellites,finite_time,LL,12,0.1479782799394964,7.907413810491562,15.252945637964615,0.2291637534678794
retained_satellites,finite_time,LL,13,0.21205473527534252,7.907413810491562,15.252945637964615,0.22654591112996855
retained_satellites,finite_time,LL,14,0.1771425837540777,7.407413810491562,15.252945637964615,0.22647124530711177
retained_satellites,finite_time,LL,15,0.1771425837540777,8.0,15.252945637964615,0.22647083891561098
retained_satellites,finite_time,LL,16,0.1771425837540777,7.907413810491562,13.06859140829595,0.22669443881046086
retained_satellites,finite_time,LL,17,0.1771425837540777,7.907413810491562,17.79555122127862,0.22644742864631984
retained_satellites,finite_time,LL,18,0.1479782799394964,7.907413810491562,17.79555122127862,0.22881170400961678
retained_satellites,finite_time,LL,19,0.21205473527534252,7.907413810491562,17.79555122127862,0.22662601354894418
retained_satellites,finite_time,LL,20,0.1771425837540777,7.407413810491562,17.79555122127862,0.22649544189050877
retained_satellites,finite_time,LL,21,0.1771425837540777,8.0,17.79555122127862,0.22644000744034976
retained_satellites,finite_time,LL,22,0.1771425837540777,7.907413810491562,15.252945637964615,0.2264517793992318
retained_satellites,finite_time,LL,23,0.1771425837540777,7.907413810491562,20.75516421100889,0.22649561975804858
retained_satellites,finite_time,LL,24,0.1479782799394964,8.0,17.79555122127862,0.2288379897988319
retained_satellites,finite_time,LL,25,0.21205473527534252,8.0,17.79555122127862,0.22660914771241417
retained_satellites,finite_time,LL,26,0.1771425837540777,7.5,17.79555122127862,0.22648549951794672
retained_satellites,finite_time,LL,27,0.1771425837540777,8.0,17.79555122127862,0.22644000744034976
retained_satellites,finite_time,LL,28,0.1771425837540777,8.0,15.252945637964615,0.22647083891561098
retained_satellites,finite_time,LL,29,0.1771425837540777,8.0,20.75516421100889,0.22648486959329306
retained_satellites,finite_time,LL,30,0.16190507974725993,8.0,17.79555122127862,0.22735562686797942
retained_satellites,finite_time,LL,31,0.19381414732666224,8.0,17.79555122127862,0.22631487708979514
retained_satellites,finite_time,LL,32,0.1771425837540777,7.75,17.79555122127862,0.22646107098247062
retained_satellites,finite_time,LL,33,0.1771425837540777,8.0,17.79555122127862,0.22644000744034976
retained_satellites,finite_time,LL,34,0.1771425837540777,8.0,16.476003694564593,0.22643392463234407
retained_satellites,finite_time,LL,35,0.1771425837540777,8.0,19.219200463324885,0.22645702687405972
retained_satellites,finite_time,LL,36,0.1771425837540777,8.0,17.79555122127862,0.22644000744034976
retained_satellites,finite_time,LL,37,0.21205473527534252,8.0,17.79555122127862,0.22660914771241417
retained_satellites,finite_time,LL,38,0.19381414732666224,7.75,17.79555122127862,0.2263476245520883
retained_satellites,finite_time,LL,39,0.19381414732666224,8.0,17.79555122127862,0.22631487708979514
retained_satellites,finite_time,LL,40,0.19381414732666224,8.0,16.476003694564593,0.2262914617343747
retained_satellites,finite_time,LL,41,0.19381414732666224,8.0,19.219200463324885,0.22635080434521815
retained_satellites,finite_time,LL,42,0.1771425837540777,8.0,16.476003694564593,0.22643392463234407
retained_satellites,finite_time,LL,43,0.21205473527534252,8.0,16.476003694564593,0.2265641460436727
retained_satellites,finite_time,LL,44,0.19381414732666224,7.75,16.476003694564593,0.22631887275579565
retained_satellites,finite_time,LL,45,0.19381414732666224,8.0,16.476003694564593,0.2262914617343747
retained_satellites,finite_time,LL,46,0.19381414732666224,8.0,15.252945637964615,0.2262805933075787
retained_satellites,finite_time,LL,47,0.19381414732666224,8.0,17.79555122127862,0.22631487708979514
retained_satellites,finite_time,LL,48,0.1771425837540777,8.0,15.252945637964615,0.22647083891561098
retained_satellites,finite_time,LL,49,0.21205473527534252,8.0,15.252945637964615,0.22653353999851727
retained_satellites,finite_time,LL,50,0.19381414732666224,7.75,15.252945637964615,0.22630250015174286
retained_satellites,finite_time,LL,51,0.19381414732666224,8.0,15.252945637964615,0.2262805933075787
retained_satellites,finite_time,LL,52,0.19381414732666224,8.0,14.119321437600133,0.22628215587270525
retained_satellites,finite_time,LL,53,0.19381414732666224,8.0,16.476003694564593,0.2262914617343747
retained_satellites,finite_time,LL,54,0.18529095721469632,8.0,15.252945637964615,0.22626483245562068
retained_satellites,finite_time,LL,55,0.20272939526366568,8.0,15.252945637964615,0.22634465817708116
retained_satellites,finite_time,LL,56,0.19381414732666224,7.875,15.252945637964615,0.22629105310521552
retained_satellites,finite_time,LL,57,0.19381414732666224,8.0,15.252945637964615,0.2262805933075787
retained_satellites,finite_time,LL,58,0.19381414732666224,8.0,14.675374672066166,0.22627983376401292
retained_satellites,finite_time,LL,59,0.19381414732666224,8.0,15.85286701234381,0.22628446289607235
retained_satellites,finite_time,LL,60,0.1771425837540777,8.0,15.252945637964615,0.22647083891561098
retained_satellites,finite_time,LL,61,0.19381414732666224,8.0,15.252945637964615,0.2262805933075787
retained_satellites,finite_time,LL,62,0.18529095721469632,7.875,15.252945637964615,0.22627256677908947
retained_satellites,finite_time,LL,63,0.18529095721469632,8.0,15.252945637964615,0.22626483245562068
retained_satellites,finite_time,LL,64,0.18529095721469632,8.0,14.675374672066166,0.2262679090954965
retained_satellites,finite_time,LL,65,0.18529095721469632,8.0,15.85286701234381,0.2262646509883457
retained_satellites,finite_time,LL,66,0.1771425837540777,8.0,15.85286701234381,0.22643498379700974
retained_satellites,finite_time,LL,67,0.19381414732666224,8.0,15.85286701234381,0.22628446289607235
retained_satellites,finite_time,LL,68,0.18529095721469632,7.875,15.85286701234381,0.22627368978347995
retained_satellites,finite_time,LL,69,0.18529095721469632,8.0,15.85286701234381,0.2262646509883457
retained_satellites,finite_time,LL,70,0.18529095721469632,8.0,15.252945637964615,0.22626483245562068
retained_satellites,finite_time,LL,71,0.18529095721469632,8.0,16.476003694564593,0.2262673858437262
retained_satellites,finite_time,LL,72,0.18117096596109866,8.0,15.85286701234381,0.2262715599885909
retained_satellites,finite_time,LL,73,0.18950464078725732,8.0,15.85286701234381,0.22626875842123345
retained_satellites,finite_time,LL,74,0.18529095721469632,7.9375,15.85286701234381,0.22626906001070912
retained_satellites,finite_time,LL,75,0.18529095721469632,8.0,15.85286701234381,0.2262646509883457
retained_satellites,finite_time,LL,76,0.18529095721469632,8.0,15.550059237475654,0.22626437830141738
retained_satellites,finite_time,LL,77,0.18529095721469632,8.0,16.161478091309895,0.22626565289192507
retained_satellites,finite_time,LL,78,0.18117096596109866,8.0,15.550059237475654,0.22627222600646058
retained_satellites,finite_time,LL,79,0.18950464078725732,8.0,15.550059237475654,0.22626748956364467
retained_satellites,finite_time,LL,80,0.18529095721469632,7.9375,15.550059237475654,0.22626846220957825
retained_satellites,finite_time,LL,81,0.18529095721469632,8.0,15.550059237475654,0.22626437830141738
retained_satellites,finite_time,LL,82,0.18529095721469632,8.0,15.252945637964615,0.22626483245562068
retained_satellites,finite_time,LL,83,0.18529095721469632,8.0,15.85286701234381,0.2262646509883457
retained_satellites,finite_time,LL,84,0.18321938135045412,8.0,15.550059237475654,0.22626696772118604
retained_satellites,finite_time,LL,85,0.18738595541848405,8.0,15.550059237475654,0.22626452834597494
retained_satellites,finite_time,LL,86,0.18529095721469632,7.96875,15.550059237475654,0.22626639294575457
retained_satellites,finite_time,LL,87,0.18529095721469632,8.0,15.550059237475654,0.22626437830141738
retained_satellites,finite_time,LL,88,0.18529095721469632,8.0,15.40079740573002,0.22626451469296893
retained_satellites,finite_time,LL,89,0.18529095721469632,8.0,15.700744580997608,0.2262644236285739
retained_satellites,finite_time,LL,90,0.1842522579256768,8.0,15.550059237475654,0.22626533501664922
retained_satellites,finite_time,LL,91,0.18633551204234075,8.0,15.550059237475654,0.226264106434923
retained_satellites,finite_time,LL,92,0.18529095721469632,7.984375,15.550059237475654,0.22626537882472658
retained_satellites,finite_time,LL,93,0.18529095721469632,8.0,15.550059237475654,0.22626437830141738
retained_satellites,finite_time,LL,94,0.18529095721469632,8.0,15.475251226109698,0.22626442380329226
retained_satellites,finite_time,LL,95,0.18529095721469632,8.0,15.625223124781781,0.2262643782297462
retained_satellites,finite_time,ML,0,0.06857370066775889,5.305210217833519,22.956243194386403,0.2180234870321783
retained_satellites,finite_time,ML,1,0.2891728979875216,5.305210217833519,22.956243194386403,0.21554807326012768
retained_satellites,finite_time,ML,2,0.140817810478024,3.305210217833519,22.956243194386403,0.1936014628326242
retained_satellites,finite_time,ML,3,0.140817810478024,7.305210217833519,22.956243194386403,0.1875028679066265
retained_satellites,finite_time,ML,4,0.140817810478024,5.305210217833519,12.390991095912446,0.1884783051397768
retained_satellites,finite_time,ML,5,0.140817810478024,5.305210217833519,31.999999999999993,0.1912349164448606
retained_satellites,finite_time,ML,6,0.06857370066775889,7.305210217833519,22.956243194386403,0.2104489924882699
retained_satellites,finite_time,ML,7,0.2891728979875216,7.305210217833519,22.956243194386403,0.23147009340193914
retained_satellites,finite_time,ML,8,0.140817810478024,5.305210217833519,22.956243194386403,0.18906571759408097
retained_satellites,finite_time,ML,9,0.140817810478024,8.0,22.956243194386403,0.18818032696299442
retained_satellites,finite_time,ML,10,0.140817810478024,7.305210217833519,12.390991095912446,0.19733760205264025
retained_satellites,finite_time,ML,11,0.140817810478024,7.305210217833519,31.999999999999993,0.18859329184781642
retained_satellites,finite_time,ML,12,0.0982669750445653,7.305210217833519,22.956243194386403,0.1939647867465651
retained_satellites,finite_time,ML,13,0.20179369252825466,7.305210217833519,22.956243194386403,0.1968779526641545
retained_satellites,finite_time,ML,14,0.140817810478024,6.305210217833519,22.956243194386403,0.18792860038931478
retained_satellites,finite_time,ML,15,0.140817810478024,8.0,22.956243194386403,0.18818032696299442
retained_satellites,finite_time,ML,16,0.140817810478024,7.305210217833519,16.877460803920037,0.18953156473358967
retained_satellites,finite_time,ML,17,0.140817810478024,7.305210217833519,31.19247295978337,0.1884642538475152
retained_satellites,finite_time,ML,18,0.11763392481794659,7.305210217833519,22.956243194386403,0.1894348401268927
retained_satellites,finite_time,ML,19,0.16857089295042726,7.305210217833519,22.956243194386403,0.18927452562351024
retained_satellites,finite_time,ML,20,0.140817810478024,6.805210217833519,22.956243194386403,0.18746037762344708
retained_satellites,finite_time,ML,21,0.140817810478024,7.805210217833519,22.956243194386403,0.18799074613877173
retained_satellites,finite_time,ML,22,0.140817810478024,7.305210217833519,19.686499710783977,0.18840424339244016
retained_satellites,finite_time,ML,23,0.140817810478024,7.305210217833519,26.762250445633935,0.18763743058175622
retained_satellites,finite_time,ML,24,0.11763392481794659,6.805210217833519,22.956243194386403,0.18989984471811305
retained_satellites,finite_time,ML,25,0.16857089295042726,6.805210217833519,22.956243194386403,0.18882983941332632
retained_satellites,finite_time,ML,26,0.140817810478024,6.305210217833519,22.956243194386403,0.18792860038931478
retained_satellites,finite_time,ML,27,0.140817810478024,7.305210217833519,22.956243194386403,0.1875028679066265
retained_satellites,finite_time,ML,28,0.140817810478024,6.805210217833519,19.686499710783977,0.18785411898097132
retained_satellites,finite_time,ML,29,0.140817810478024,6.805210217833519,26.762250445633935,0.18816503750999242
retained_satellites,finite_time,ML,30,0.12870490173571372,6.805210217833519,22.956243194386403,0.18850484316287458
retained_satellites,finite_time,ML,31,0.1540707112192468,6.805210217833519,22.956243194386403,0.1879585453883168
retained_satellites,finite_time,ML,32,0.140817810478024,6.555210217833519,22.956243194386403,0.18763368288268123
retained_satellites,finite_time,ML,33,0.140817810478024,7.055210217833519,22.956243194386403,0.18742370781357826
retained_satellites,finite_time,ML,34,0.140817810478024,6.805210217833519,21.25932962073126,0.18744714121510458
retained_satellites,finite_time,ML,35,0.140817810478024,6.805210217833519,24.787029637500005,0.18775903915803616
retained_satellites,finite_time,ML,36,0.12870490173571372,7.055210217833519,22.956243194386403,0.18827507954151773
retained_satellites,finite_time,ML,37,0.1540707112192468,7.055210217833519,22.956243194386403,0.18813941244324484
retained_satellites,finite_time,ML,38,0.140817810478024,6.805210217833519,22.956243194386403,0.18746037762344708
retained_satellites,finite_time,ML,39,0.140817810478024,7.305210217833519,22.956243194386403,0.1875028679066265
retained_satellites,finite_time,ML,40,0.140817810478024,7.055210217833519,21.25932962073126,0.18768274891371806
retained_satellites,finite_time,ML,41,0.140817810478024,7.055210217833519,24.787029637500005,0.1875260721190176
retained_satellites,finite_time,ML,42,0.13462519251690017,7.055210217833519,22.956243194386403,0.18764187443164085
retained_satellites,finite_time,ML,43,0.14729528238435288,7.055210217833519,22.956243194386403,0.18771985360598792
retained_satellites,finite_time,ML,44,0.140817810478024,6.930210217833519,22.956243194386403,0.18744234076432556
retained_satellites,finite_time,ML,45,0.140817810478024,7.180210217833519,22.956243194386403,0.18741454328163532
retained_satellites,finite_time,ML,46,0.140817810478024,7.055210217833519,22.091681542061874,0.18747685707061967
retained_satellites,finite_time,ML,47,0.140817810478024,7.055210217833519,23.85426100574099,0.18743971210882276
retained_satellites,finite_time,ML,48,0.13462519251690017,7.180210217833519,22.956243194386403,0.18757464248080813
retained_satellites,finite_time,ML,49,0.14729528238435288,7.180210217833519,22.956243194386403,0.18781499816412817
retained_satellites,finite_time,ML,50,0.140817810478024,7.055210217833519,22.956243194386403,0.18742370781357826
retained_satellites,finite_time,ML,51,0.140817810478024,7.305210217833519,22.956243194386403,0.1875028679066265
retained_satellites,finite_time,ML,52,0.140817810478024,7.180210217833519,22.091681542061874,0.18759199106980973
retained_satellites,finite_time,ML,53,0.140817810478024,7.180210217833519,23.85426100574099,0.18742160606146196
retained_satellites,finite_time,ML,54,0.13768669087973734,7.180210217833519,22.956243194386403,0.18745352842088692
retained_satellites,finite_time,ML,55,0.14402013456148008,7.180210217833519,22.956243194386403,0.1876088438519502
retained_satellites,finite_time,ML,56,0.140817810478024,7.117710217833519,22.956243194386403,0.18741414733651926
retained_satellites,finite_time,ML,57,0.140817810478024,7.242710217833519,22.956243194386403,0.18745327852035226
retained_satellites,finite_time,ML,58,0.140817810478024,7.180210217833519,22.51985935917527,0.18749091076423752
retained_satellites,finite_time,ML,59,0.140817810478024,7.180210217833519,23.400990315844926,0.18741309157220182
retained_satellites,finite_time,ML,60,0.13768669087973734,7.180210217833519,23.400990315844926,0.18743942731325236
retained_satellites,finite_time,ML,61,0.14402013456148008,7.180210217833519,23.400990315844926,0.18752402805841867
retained_satellites,finite_time,ML,62,0.140817810478024,7.117710217833519,23.400990315844926,0.18742250838442215
retained_satellites,finite_time,ML,63,0.140817810478024,7.242710217833519,23.400990315844926,0.18740350972721992
retained_satellites,finite_time,ML,64,0.140817810478024,7.180210217833519,22.956243194386403,0.18741454328163532
retained_satellites,finite_time,ML,65,0.140817810478024,7.180210217833519,23.85426100574099,0.18742160606146196
retained_satellites,finite_time,ML,66,0.13768669087973734,7.242710217833519,23.400990315844926,0.18744334579577676
retained_satellites,finite_time,ML,67,0.14402013456148008,7.242710217833519,23.400990315844926,0.18757189965351453
retained_satellites,finite_time,ML,68,0.140817810478024,7.180210217833519,23.400990315844926,0.18741309157220182
retained_satellites,finite_time,ML,69,0.140817810478024,7.305210217833519,23.400990315844926,0.1874151312990986
retained_satellites,finite_time,ML,70,0.140817810478024,7.242710217833519,22.956243194386403,0.18745327852035226
retained_satellites,finite_time,ML,71,0.140817810478024,7.242710217833519,23.85426100574099,0.18741233341102428
retained_satellites,finite_time,ML,72,0.1392434499057285,7.242710217833519,23.400990315844926,0.18741195355824572
retained_satellites,finite_time,ML,73,0.14240997160907665,7.242710217833519,23.400990315844926,0.18746896443679967
retained_satellites,finite_time,ML,74,0.140817810478024,7.211460217833519,23.400990315844926,0.18740832177915082
retained_satellites,finite_time,ML,75,0.140817810478024,7.273960217833519,23.400990315844926,0.18740552892194115
retained_satellites,finite_time,ML,76,0.140817810478024,7.242710217833519,23.177561398010987,0.18741408445295474
retained_satellites,finite_time,ML,77,0.140817810478024,7.242710217833519,23.626550077793446,0.18740794368136457
retained_satellites,finite_time,ML,78,0.1400284176127514,7.242710217833519,23.400990315844926,0.18740775465627874
retained_satellites,finite_time,ML,79,0.141611653447828,7.242710217833519,23.400990315844926,0.1874179341702645
retained_satellites,finite_time,ML,80,0.140817810478024,7.227085217833519,23.400990315844926,0.18740592109835658
retained_satellites,finite_time,ML,81,0.140817810478024,7.258335217833519,23.400990315844926,0.18740155042910758
retained_satellites,finite_time,ML,82,0.140817810478024,7.242710217833519,23.289010764010882,0.18740581504318093
retained_satellites,finite_time,ML,83,0.140817810478024,7.242710217833519,23.513502575707957,0.1874057324234662
retained_satellites,finite_time,ML,84,0.1400284176127514,7.258335217833519,23.400990315844926,0.18740541932996496
retained_satellites,finite_time,ML,85,0.141611653447828,7.258335217833519,23.400990315844926,0.1874297498203567
retained_satellites,finite_time,ML,86,0.140817810478024,7.242710217833519,23.400990315844926,0.18740350972721992
retained_satellites,finite_time,ML,87,0.140817810478024,7.273960217833519,23.400990315844926,0.18740552892194115
retained_satellites,finite_time,ML,88,0.140817810478024,7.258335217833519,23.289010764010882,0.1874098083376774
retained_satellites,finite_time,ML,89,0.140817810478024,7.258335217833519,23.513502575707957,0.18740333079745408
retained_satellites,finite_time,ML,90,0.14042255934475067,7.258335217833519,23.400990315844926,0.18740325945596736
retained_satellites,finite_time,ML,91,0.1412141741352328,7.258335217833519,23.400990315844926,0.18741169715826278
retained_satellites,finite_time,ML,92,0.140817810478024,7.250522717833519,23.400990315844926,0.18740229999340785
retained_satellites,finite_time,ML,93,0.140817810478024,7.266147717833519,23.400990315844926,0.18740354052160177
retained_satellites,finite_time,ML,94,0.140817810478024,7.258335217833519,23.344934109342006,0.18740567694565916
retained_satellites,finite_time,ML,95,0.140817810478024,7.258335217833519,23.457179699167618,0.18740221067291926
retained_satellites,finite_time,HL,0,0.09541259878508115,0.9872315376996994,0.5231955473648927,0.21313830941811318
retained_satellites,finite_time,HL,1,0.40235159290702915,0.9872315376996994,0.5231955473648927,0.23924320364925405
retained_satellites,finite_time,HL,2,0.19593215944447884,-1.0127684623003006,0.5231955473648927,0.19428412977022463
retained_satellites,finite_time,HL,3,0.19593215944447884,2.9872315376996994,0.5231955473648927,0.19220296451908314
retained_satellites,finite_time,HL,4,0.19593215944447884,0.9872315376996994,0.1711779540431207,0.1814062724214723
retained_satellites,finite_time,HL,5,0.19593215944447884,0.9872315376996994,1.1694269873956633,0.18146011080857138
retained_satellites,finite_time,HL,6,0.09541259878508115,0.9872315376996994,0.1711779540431207,0.21298937318632083
retained_satellites,finite_time,HL,7,0.40235159290702915,0.9872315376996994,0.1711779540431207,0.23957577064901003
retained_satellites,finite_time,HL,8,0.19593215944447884,-1.0127684623003006,0.1711779540431207,0.19445432571882743
retained_satellites,finite_time,HL,9,0.19593215944447884,2.9872315376996994,0.1711779540431207,0.19281706830855042
retained_satellites,finite_time,HL,10,0.19593215944447884,0.9872315376996994,0.0,0.18139750602864063
retained_satellites,finite_time,HL,11,0.19593215944447884,0.9872315376996994,0.5231955473648927,0.18142437955137786
retained_satellites,finite_time,HL,12,0.09541259878508115,0.9872315376996994,0.0,0.21291548101998486
retained_satellites,finite_time,HL,13,0.40235159290702915,0.9872315376996994,0.0,0.23974354345363563
retained_satellites,finite_time,HL,14,0.19593215944447884,-1.0127684623003006,0.0,0.19454005482504422
retained_satellites,finite_time,HL,15,0.19593215944447884,2.9872315376996994,0.0,0.1931184804160443
retained_satellites,finite_time,HL,16,0.19593215944447884,0.9872315376996994,0.0,0.18139750602864063
retained_satellites,finite_time,HL,17,0.19593215944447884,0.9872315376996994,0.20894825449822332,0.18140815347671024
retained_satellites,finite_time,HL,18,0.13672745341799725,0.9872315376996994,0.0,0.1919462901437373
retained_satellites,finite_time,HL,19,0.280773247397611,0.9872315376996994,0.0,0.1934938440396476
retained_satellites,finite_time,HL,20,0.19593215944447884,-0.012768462300300598,0.0,0.18508274991075604
retained_satellites,finite_time,HL,21,0.19593215944447884,1.9872315376996994,0.0,0.18353094589487384
retained_satellites,finite_time,HL,22,0.19593215944447884,0.9872315376996994,0.0,0.18139750602864063
retained_satellites,finite_time,HL,23,0.19593215944447884,0.9872315376996994,0.08872859876980543,0.18140230404251584
retained_satellites,finite_time,HL,24,0.16367438774448675,0.9872315376996994,0.0,0.18385284179063272
retained_satellites,finite_time,HL,25,0.23454745506368818,0.9872315376996994,0.0,0.18483861294175213
retained_satellites,finite_time,HL,26,0.19593215944447884,0.4872315376996994,0.0,0.18244561500302783
retained_satellites,finite_time,HL,27,0.19593215944447884,1.4872315376996994,0.0,0.18198948722014363
retained_satellites,finite_time,HL,28,0.19593215944447884,0.9872315376996994,0.0,0.18139750602864063
retained_satellites,finite_time,HL,29,0.19593215944447884,0.9872315376996994,0.041001975409878204,0.18140033626093385
retained_satellites,finite_time,HL,30,0.17907840806900824,0.9872315376996994,0.0,0.1820410479314613
retained_satellites,finite_time,HL,31,0.21437208158441548,0.9872315376996994,0.0,0.18210481989247893
retained_satellites,finite_time,HL,32,0.19593215944447884,0.7372315376996994,0.0,0.18193304165737942
retained_satellites,finite_time,HL,33,0.19593215944447884,1.2372315376996994,0.0,0.18133276649066238
retained_satellites,finite_time,HL,34,0.19593215944447884,0.9872315376996994,0.0,0.18139750602864063
retained_satellites,finite_time,HL,35,0.19593215944447884,0.9872315376996994,0.01972299466762108,0.18139986848148232
retained_satellites,finite_time,HL,36,0.17907840806900824,1.2372315376996994,0.0,0.1815157923941391
retained_satellites,finite_time,HL,37,0.21437208158441548,1.2372315376996994,0.0,0.18287596348028634
retained_satellites,finite_time,HL,38,0.19593215944447884,0.9872315376996994,0.0,0.18139750602864063
retained_satellites,finite_time,HL,39,0.19593215944447884,1.4872315376996994,0.0,0.18198948722014363
retained_satellites,finite_time,HL,40,0.19593215944447884,1.2372315376996994,0.0,0.18133276649066238
retained_satellites,finite_time,HL,41,0.19593215944447884,1.2372315376996994,0.01972299466762108,0.18132525397018298
retained_satellites,finite_time,HL,42,0.17907840806900824,1.2372315376996994,0.01972299466762108,0.18151867552602102
retained_satellites,finite_time,HL,43,0.21437208158441548,1.2372315376996994,0.01972299466762108,0.18286472415262905
retained_satellites,finite_time,HL,44,0.19593215944447884,0.9872315376996994,0.01972299466762108,0.18139986848148232
retained_satellites,finite_time,HL,45,0.19593215944447884,1.4872315376996994,0.01972299466762108,0.18197656524672495
retained_satellites,finite_time,HL,46,0.19593215944447884,1.2372315376996994,0.0,0.18133276649066238
retained_satellites,finite_time,HL,47,0.19593215944447884,1.2372315376996994,0.041001975409878204,0.18132373883807046
retained_satellites,finite_time,HL,48,0.17907840806900824,1.2372315376996994,0.041001975409878204,0.18151926178113692
retained_satellites,finite_time,HL,49,0.21437208158441548,1.2372315376996994,0.041001975409878204,0.1828624551180132
retained_satellites,finite_time,HL,50,0.19593215944447884,0.9872315376996994,0.041001975409878204,0.18140033626093385
retained_satellites,finite_time,HL,51,0.19593215944447884,1.4872315376996994,0.041001975409878204,0.18197388635617873
retained_satellites,finite_time,HL,52,0.19593215944447884,1.2372315376996994,0.01972299466762108,0.18132525397018298
retained_satellites,finite_time,HL,53,0.19593215944447884,1.2372315376996994,0.06395969704698311,0.18132092812239348
retained_satellites,finite_time,HL,54,0.17907840806900824,1.2372315376996994,0.06395969704698311,0.1815203514414708
retained_satellites,finite_time,HL,55,0.21437208158441548,1.2372315376996994,0.06395969704698311,0.18285824484793273
retained_satellites,finite_time,HL,56,0.19593215944447884,0.9872315376996994,0.06395969704698311,0.1814012095116595
retained_satellites,finite_time,HL,57,0.19593215944447884,1.4872315376996994,0.06395969704698311,0.18196893677900838
retained_satellites,finite_time,HL,58,0.19593215944447884,1.2372315376996994,0.041001975409878204,0.18132373883807046
retained_satellites,finite_time,HL,59,0.19593215944447884,1.2372315376996994,0.08872859876980543,0.1813174269745016
retained_satellites,finite_time,HL,60,0.17907840806900824,1.2372315376996994,0.08872859876980543,0.18152171277163698
retained_satellites,finite_time,HL,61,0.21437208158441548,1.2372315376996994,0.08872859876980543,0.18285299846206887
retained_satellites,finite_time,HL,62,0.19593215944447884,0.9872315376996994,0.08872859876980543,0.18140230404251584
retained_satellites,finite_time,HL,63,0.19593215944447884,1.4872315376996994,0.08872859876980543,0.18196278844586844
retained_satellites,finite_time,HL,64,0.19593215944447884,1.2372315376996994,0.06395969704698311,0.18132092812239348
retained_satellites,finite_time,HL,65,0.19593215944447884,1.2372315376996994,0.11545156815903597,0.1813134405617862
retained_satellites,finite_time,HL,66,0.17907840806900824,1.2372315376996994,0.11545156815903597,0.18152326832527726
retained_satellites,finite_time,HL,67,0.21437208158441548,1.2372315376996994,0.11545156815903597,0.18284702229896568
retained_satellites,finite_time,HL,68,0.19593215944447884,0.9872315376996994,0.11545156815903597,0.18140355705232442
retained_satellites,finite_time,HL,69,0.19593215944447884,1.4872315376996994,0.11545156815903597,0.18195579682346508
retained_satellites,finite_time,HL,70,0.19593215944447884,1.2372315376996994,0.08872859876980543,0.1813174269745016
retained_satellites,finite_time,HL,71,0.19593215944447884,1.2372315376996994,0.14428276547933366,0.18130998513518293
retained_satellites,finite_time,HL,72,0.17907840806900824,1.2372315376996994,0.14428276547933366,0.1815249959996561
retained_satellites,finite_time,HL,73,0.21437208158441548,1.2372315376996994,0.14428276547933366,0.18284040834134008
retained_satellites,finite_time,HL,74,0.19593215944447884,0.9872315376996994,0.14428276547933366,0.18140495018483727
retained_satellites,finite_time,HL,75,0.19593215944447884,1.4872315376996994,0.14428276547933366,0.18194806607095151
retained_satellites,finite_time,HL,76,0.19593215944447884,1.2372315376996994,0.11545156815903597,0.1813134405617862
retained_satellites,finite_time,HL,77,0.19593215944447884,1.2372315376996994,0.17538851300366887,0.18130707485626757
retained_satellites,finite_time,HL,78,0.17907840806900824,1.2372315376996994,0.17538851300366887,0.18152689303340255
retained_satellites,finite_time,HL,79,0.21437208158441548,1.2372315376996994,0.17538851300366887,0.18283317438354002
retained_satellites,finite_time,HL,80,0.19593215944447884,0.9872315376996994,0.17538851300366887,0.1814064808818457
retained_satellites,finite_time,HL,81,0.19593215944447884,1.4872315376996994,0.17538851300366887,0.18193961482076126
retained_satellites,finite_time,HL,82,0.19593215944447884,1.2372315376996994,0.14428276547933366,0.18130998513518293
retained_satellites,finite_time,HL,83,0.19593215944447884,1.2372315376996994,0.20894825449822332,0.18130391395757617
retained_satellites,finite_time,HL,84,0.17907840806900824,1.2372315376996994,0.20894825449822332,0.18152896502222576
retained_satellites,finite_time,HL,85,0.21437208158441548,1.2372315376996994,0.20894825449822332,0.18282530698719002
retained_satellites,finite_time,HL,86,0.19593215944447884,0.9872315376996994,0.20894825449822332,0.18140815347671024
retained_satellites,finite_time,HL,87,0.19593215944447884,1.4872315376996994,0.20894825449822332,0.18193042602786796
retained_satellites,finite_time,HL,88,0.19593215944447884,1.2372315376996994,0.17538851300366887,0.18130707485626757
retained_satellites,finite_time,HL,89,0.19593215944447884,1.2372315376996994,0.24515559040295315,0.18130049171661095
retained_satellites,finite_time,HL,90,0.17907840806900824,1.2372315376996994,0.24515559040295315,0.1815312220880286
retained_satellites,finite_time,HL,91,0.21437208158441548,1.2372315376996994,0.24515559040295315,0.18281677664176194
retained_satellites,finite_time,HL,92,0.19593215944447884,0.9872315376996994,0.24515559040295315,0.18140997604615472
retained_satellites,finite_time,HL,93,0.19593215944447884,1.4872315376996994,0.24515559040295315,0.18192046432655465
retained_satellites,finite_time,HL,94,0.19593215944447884,1.2372315376996994,0.20894825449822332,0.18130391395757617
retained_satellites,finite_time,HL,95,0.19593215944447884,1.2372315376996994,0.28421939467959406,0.18129679359950968
asymmetric_binary,size_only,LL,0,0.1289567401090164,0.0,0.0,0.16655506649370522
asymmetric_binary,size_only,LL,1,0.5438060639752063,0.0,0.0,0.2513141254834599
asymmetric_binary,size_only,LL,2,0.1847966295930016,0.0,0.0,0.1332416813577279
asymmetric_binary,size_only,LL,3,0.37948450367416003,0.0,0.0,0.15468640484382348
asymmetric_binary,size_only,LL,4,0.22121727897184643,0.0,0.0,0.11876473343080995
asymmetric_binary,size_only,LL,5,0.3170071415202729,0.0,0.0,0.12439591610760398
asymmetric_binary,size_only,LL,6,0.24203688006140325,0.0,0.0,0.11446169534227088
asymmetric_binary,size_only,LL,7,0.28973872594939626,0.0,0.0,0.1166945663002227
asymmetric_binary,size_only,LL,8,0.2531703232357516,0.0,0.0,0.11348991054010985
asymmetric_binary,size_only,LL,9,0.27699714708052603,0.0,0.0,0.11447227017300474
asymmetric_binary,size_only,LL,10,0.2589276448455826,0.0,0.0,0.11306728008933681
asymmetric_binary,size_only,LL,11,0.2708380455226398,0.0,0.0,0.1135401758402266
asymmetric_binary,size_only,LL,12,0.26185521864096184,0.0,0.0,0.11291426697009202
asymmetric_binary,size_only,LL,13,0.2678100426095072,0.0,0.0,0.11312916429256013
asymmetric_binary,size_only,LL,14,0.2633313950118269,0.0,0.0,0.11284051544369925
asymmetric_binary,size_only,LL,15,0.2663087599509667,0.0,0.0,0.1129459996386753
asymmetric_binary,size_only,LL,16,0.2640726009319479,0.0,0.0,0.11280433938684137
asymmetric_binary,size_only,LL,17,0.265561277520911,0.0,0.0,0.11285540017738172
asymmetric_binary,size_only,LL,18,0.26444398588492124,0.0,0.0,0.11279004156915504
asymmetric_binary,size_only,LL,19,0.265188323444328,0.0,0.0,0.11281034504589653
asymmetric_binary,size_only,LL,20,0.2640726009319479,0.0,0.0,0.11280433938684137
asymmetric_binary,size_only,LL,21,0.2648158931441952,0.0,0.0,0.11279034443574111
asymmetric_binary,size_only,LL,22,0.2642582281660166,0.0,0.0,0.11279536879104574
asymmetric_binary,size_only,LL,23,0.2646298741803849,0.0,0.0,0.11279017608561277
asymmetric_binary,size_only,LL,24,0.2643510907091332,0.0,0.0,0.11279089453977797
asymmetric_binary,size_only,LL,25,0.264536913704848,0.0,0.0,0.1127901046012062
asymmetric_binary,size_only,LL,26,0.26439753421722667,0.0,0.0,0.11279001322086898
asymmetric_binary,size_only,LL,27,0.2644904457136504,0.0,0.0,0.11279007202901495
asymmetric_binary,size_only,LL,28,0.2643510907091332,0.0,0.0,0.11279089453977797
asymmetric_binary,size_only,LL,29,0.26444398588492124,0.0,0.0,0.11279004156915504
asymmetric_binary,size_only,LL,30,0.2643743114433194,0.0,0.0,0.11278999983832959
asymmetric_binary,size_only,LL,31,0.26442075903103424,0.0,0.0,0.11279002713111266
asymmetric_binary,size_only,LL,32,0.2643510907091332,0.0,0.0,0.11279089453977797
asymmetric_binary,size_only,LL,33,0.26439753421722667,0.0,0.0,0.11279001322086898
asymmetric_binary,size_only,LL,34,0.2643627008212724,0.0,0.0,0.11279033577663175
asymmetric_binary,size_only,LL,35,0.2643859225752967,0.0,0.0,0.11279000646364211
asymmetric_binary,size_only,LL,36,0.264368506068556,0.0,0.0,0.1127900564382615
asymmetric_binary,size_only,LL,37,0.26438011694556535,0.0,0.0,0.11279000313449743
asymmetric_binary,size_only,LL,38,0.26437140874000253,0.0,0.0,0.11278999820261161
asymmetric_binary,size_only,LL,39,0.2643772141785069,0.0,0.0,0.11279000148229143
asymmetric_binary,size_only,LL,40,0.264368506068556,0.0,0.0,0.1127900564382615
asymmetric_binary,size_only,LL,41,0.2643743114433194,0.0,0.0,0.11278999983832959
asymmetric_binary,size_only,LL,42,0.2643699574002955,0.0,0.0,0.11278999738784407
asymmetric_binary,size_only,LL,43,0.2643728600876772,0.0,0.0,0.11278999901944023
asymmetric_binary,size_only,LL,44,0.264368506068556,0.0,0.0,0.1127900564382615
asymmetric_binary,size_only,LL,45,0.26437140874000253,0.0,0.0,0.11278999820261161
asymmetric_binary,size_only,LL,46,0.2643692317334298,0.0,0.0,0.11279002152299047
asymmetric_binary,size_only,LL,47,0.26437068306915307,0.0,0.0,0.1127899977949702
asymmetric_binary,size_only,LL,48,0.2643695945666137,0.0,0.0,0.11279000406552372
asymmetric_binary,size_only,LL,49,0.2643703202344753,0.0,0.0,0.11278999759134276
asymmetric_binary,size_only,LL,50,0.26436977598339234,0.0,0.0,0.11278999728614302
asymmetric_binary,size_only,LL,51,0.2643701388173232,0.0,0.0,0.1127899974895773
asymmetric_binary,size_only,LL,52,0.2643695945666137,0.0,0.0,0.11279000406552372
asymmetric_binary,size_only,LL,53,0.2643699574002955,0.0,0.0,0.11278999738784407
asymmetric_binary,size_only,LL,54,0.26436968527498744,0.0,0.0,0.11278999970117466
asymmetric_binary,size_only,LL,55,0.2643698666918284,0.0,0.0,0.11278999733698944
asymmetric_binary,size_only,LL,56,0.264369730629186,0.0,0.0,0.11278999751900272
asymmetric_binary,size_only,LL,57,0.26436982133760645,0.0,0.0,0.11278999731156525
asymmetric_binary,size_only,LL,58,0.2643697533062882,0.0,0.0,0.11278999727343267
asymmetric_binary,size_only,LL,59,0.2643697986604984,0.0,0.0,0.11278999729885394
asymmetric_binary,size_only,LL,60,0.264369730629186,0.0,0.0,0.11278999751900272
asymmetric_binary,size_only,LL,61,0.26436977598339234,0.0,0.0,0.11278999728614302
asymmetric_binary,size_only,LL,62,0.2643697419677369,0.0,0.0,0.11278999726707761
asymmetric_binary,size_only,LL,63,0.26436976464484,0.0,0.0,0.11278999727978777
asymmetric_binary,size_only,LL,64,0.264369730629186,0.0,0.0,0.11278999751900272
asymmetric_binary,size_only,LL,65,0.2643697533062882,0.0,0.0,0.11278999727343267
asymmetric_binary,size_only,LL,66,0.2643697362984614,0.0,0.0,0.11278999726390022
asymmetric_binary,size_only,LL,67,0.2643697476370125,0.0,0.0,0.11278999727025513
asymmetric_binary,size_only,LL,68,0.264369730629186,0.0,0.0,0.11278999751900272
asymmetric_binary,size_only,LL,69,0.2643697419677369,0.0,0.0,0.11278999726707761
asymmetric_binary,size_only,LL,70,0.2643697334638237,0.0,0.0,0.11278999738261698
asymmetric_binary,size_only,LL,71,0.2643697391330991,0.0,0.0,0.11278999726548884
asymmetric_binary,size_only,LL,72,0.2643697348811425,0.0,0.0,0.11278999731442416
asymmetric_binary,size_only,LL,73,0.26436973771578026,0.0,0.0,0.11278999726469457
asymmetric_binary,size_only,LL,74,0.2643697355898019,0.0,0.0,0.11278999728032774
asymmetric_binary,size_only,LL,75,0.2643697370071208,0.0,0.0,0.11278999726429739
asymmetric_binary,size_only,LL,76,0.26436973594413166,0.0,0.0,0.11278999726370156
asymmetric_binary,size_only,LL,77,0.26436973665279107,0.0,0.0,0.11278999726409876
asymmetric_binary,size_only,LL,78,0.2643697361212965,0.0,0.0,0.11278999726380093
asymmetric_binary,size_only,LL,79,0.2643697364756262,0.0,0.0,0.11278999726399958
asymmetric_binary,size_only,LL,80,0.26436973620987897,0.0,0.0,0.11278999726385061
asymmetric_binary,size_only,LL,81,0.2643697363870438,0.0,0.0,0.11278999726394982
asymmetric_binary,size_only,LL,82,0.26436973625417015,0.0,0.0,0.11278999726387534
asymmetric_binary,size_only,LL,83,0.26436973634275257,0.0,0.0,0.112789997263925
asymmetric_binary,size_only,LL,84,0.26436973627631577,0.0,0.0,0.11278999726388783
asymmetric_binary,size_only,LL,85,0.264369736320607,0.0,0.0,0.11278999726391262
asymmetric_binary,size_only,LL,86,0.2643697362873886,0.0,0.0,0.11278999726389394
asymmetric_binary,size_only,LL,87,0.2643697363095342,0.0,0.0,0.11278999726390632
asymmetric_binary,size_only,LL,88,0.264369736292925,0.0,0.0,0.11278999726389712
asymmetric_binary,size_only,LL,89,0.2643697363039978,0.0,0.0,0.11278999726390332
asymmetric_binary,size_only,LL,90,0.26436973629569316,0.0,0.0,0.11278999726389854
asymmetric_binary,size_only,LL,91,0.26436973630122956,0.0,0.0,0.11278999726390176
asymmetric_binary,size_only,LL,92,0.2643697362970773,0.0,0.0,0.11278999726389943
asymmetric_binary,size_only,LL,93,0.2643697362998455,0.0,0.0,0.11278999726390099
asymmetric_binary,size_only,LL,94,0.26436973629776933,0.0,0.0,0.1127899972638998
asymmetric_binary,size_only,LL,95,0.26436973629915345,0.0,0.0,0.11278999726390057
asymmetric_binary,size_only,ML,0,0.10535075158473027,0.0,0.0,0.22332463189487278
asymmetric_binary,size_only,ML,1,0.44426043576853924,0.0,0.0,0.2801419595599985
asymmetric_binary,size_only,ML,2,0.1509689513048301,0.0,0.0,0.20594515722020768
asymmetric_binary,size_only,ML,3,0.3100185197224588,0.0,0.0,0.217832922831881
asymmetric_binary,size_only,ML,4,0.1807226716766509,0.0,0.0,0.19765735911790466
asymmetric_binary,size_only,ML,5,0.25897786023944824,0.0,0.0,0.20125026735060933
asymmetric_binary,size_only,ML,6,0.19773117096583018,0.0,0.0,0.1954987593552588
asymmetric_binary,size_only,ML,7,0.2367010248255872,0.0,0.0,0.19608613114793527
asymmetric_binary,size_only,ML,8,0.2068265978907969,0.0,0.0,0.19488721277113663
asymmetric_binary,size_only,ML,9,0.22629183714701512,0.0,0.0,0.19495980092179732
asymmetric_binary,size_only,ML,10,0.21153002136597124,0.0,0.0,0.1947685965454763
asymmetric_binary,size_only,ML,11,0.22126018096788508,0.0,0.0,0.19481046512217443
asymmetric_binary,size_only,ML,12,0.2139216923976849,0.0,0.0,0.1947149507191179
asymmetric_binary,size_only,ML,13,0.21878646472451854,0.0,0.0,0.194774571769385
asymmetric_binary,size_only,ML,14,0.21153002136597124,0.0,0.0,0.1947685965454763
asymmetric_binary,size_only,ML,15,0.21634040493531345,0.0,0.0,0.19474276335566632
asymmetric_binary,size_only,ML,16,0.2127224956687163,0.0,0.0,0.19474078565137726
asymmetric_binary,size_only,ML,17,0.21512764944972257,0.0,0.0,0.19472836310349645
asymmetric_binary,size_only,ML,18,0.2133212513663629,0.0,0.0,0.19472716361672593
asymmetric_binary,size_only,ML,19,0.2145238235064361,0.0,0.0,0.19472153411706933
asymmetric_binary,size_only,ML,20,0.21362126091914238,0.0,0.0,0.19472042400923206
asymmetric_binary,size_only,ML,21,0.2142225463953761,0.0,0.0,0.19471821180549675
asymmetric_binary,size_only,ML,22,0.2137714238806262,0.0,0.0,0.19471707212773026
asymmetric_binary,size_only,ML,23,0.21407206654451774,0.0,0.0,0.19471657361989142
asymmetric_binary,size_only,ML,24,0.21384654494007246,0.0,0.0,0.19471540067627646
asymmetric_binary,size_only,ML,25,0.21399686626274006,0.0,0.0,0.1947157602602416
asymmetric_binary,size_only,ML,26,0.21388411536852822,0.0,0.0,0.19471456607396642
asymmetric_binary,size_only,ML,27,0.21395927602870224,0.0,0.0,0.1947153550125315
asymmetric_binary,size_only,ML,28,0.21384654494007246,0.0,0.0,0.19471540067627646
asymmetric_binary,size_only,ML,29,0.2139216923976849,0.0,0.0,0.1947149507191179
asymmetric_binary,size_only,ML,30,0.2138653293292852,0.0,0.0,0.19471498328147085
asymmetric_binary,size_only,ML,31,0.21390290305794646,0.0,0.0,0.1947147489301675
asymmetric_binary,size_only,ML,32,0.21387472214264386,0.0,0.0,0.19471477465430348
asymmetric_binary,size_only,ML,33,0.21389350900695636,0.0,0.0,0.19471464812511313
asymmetric_binary,size_only,ML,34,0.2138794187040192,0.0,0.0,0.19471467035828086
asymmetric_binary,size_only,ML,35,0.2138888121361732,0.0,0.0,0.19471459774493885
asymmetric_binary,size_only,ML,36,0.21388176702338185,0.0,0.0,0.19471461821466013
asymmetric_binary,size_only,ML,37,0.21388646373945855,0.0,0.0,0.1947145725604396
asymmetric_binary,size_only,ML,38,0.21388294119273205,0.0,0.0,0.1947145921439474
asymmetric_binary,size_only,ML,39,0.21388528955077038,0.0,0.0,0.19471455996958698
asymmetric_binary,size_only,ML,40,0.21388411536852822,0.0,0.0,0.19471456607396642
asymmetric_binary,size_only,ML,41,0.21388646373945855,0.0,0.0,0.1947145725604396
asymmetric_binary,size_only,ML,42,0.21388470245884353,0.0,0.0,0.19471455367450982
asymmetric_binary,size_only,ML,43,0.21388587664430872,0.0,0.0,0.19471456626489686
asymmetric_binary,size_only,ML,44,0.21388411536852822,0.0,0.0,0.19471456607396642
asymmetric_binary,size_only,ML,45,0.21388528955077038,0.0,0.0,0.19471455996958698
asymmetric_binary,size_only,ML,46,0.21388440891348443,0.0,0.0,0.19471455955658556
asymmetric_binary,size_only,ML,47,0.2138849960046055,0.0,0.0,0.1947145568220193
asymmetric_binary,size_only,ML,48,0.21388455568611361,0.0,0.0,0.19471455629791223
asymmetric_binary,size_only,ML,49,0.21388484923167417,0.0,0.0,0.19471455524825731
asymmetric_binary,size_only,ML,50,0.213884629072466,0.0,0.0,0.1947145546685799
asymmetric_binary,size_only,ML,51,0.21388477584524626,0.0,0.0,0.19471455446138175
asymmetric_binary,size_only,ML,52,0.21388466576565163,0.0,0.0,0.19471455385391467
asymmetric_binary,size_only,ML,53,0.21388473915204176,0.0,0.0,0.1947145540679453
asymmetric_binary,size_only,ML,54,0.2138846841122468,0.0,0.0,0.19471455347779254
asymmetric_binary,size_only,ML,55,0.21388472080544185,0.0,0.0,0.1947145538712275
asymmetric_binary,size_only,ML,56,0.21388466576565163,0.0,0.0,0.19471455385391467
asymmetric_binary,size_only,ML,57,0.21388470245884353,0.0,0.0,0.19471455367450982
asymmetric_binary,size_only,ML,58,0.213884674938949,0.0,0.0,0.1947145536502486
asymmetric_binary,size_only,ML,59,0.21388469328554496,0.0,0.0,0.19471455357615114
asymmetric_binary,size_only,ML,60,0.21388467952559784,0.0,0.0,0.19471455354841555
asymmetric_binary,size_only,ML,61,0.21388468869889582,0.0,0.0,0.19471455352697178
asymmetric_binary,size_only,ML,62,0.2138846818189223,0.0,0.0,0.19471455349749897
asymmetric_binary,size_only,ML,63,0.2138846864055713,0.0,0.0,0.1947145535023821
asymmetric_binary,size_only,ML,64,0.21388468296558455,0.0,0.0,0.19471455347204075
asymmetric_binary,size_only,ML,65,0.21388468525890905,0.0,0.0,0.19471455349008732
asymmetric_binary,size_only,ML,66,0.2138846818189223,0.0,0.0,0.19471455349749897
asymmetric_binary,size_only,ML,67,0.2138846841122468,0.0,0.0,0.19471455347779254
asymmetric_binary,size_only,ML,68,0.21388468239225342,0.0,0.0,0.19471455348476982
asymmetric_binary,size_only,ML,69,0.21388468353891565,0.0,0.0,0.19471455347164496
asymmetric_binary,size_only,ML,70,0.213884682678919,0.0,0.0,0.1947145534784053
asymmetric_binary,size_only,ML,71,0.2138846832522501,0.0,0.0,0.1947145534685713
asymmetric_binary,size_only,ML,72,0.21388468296558455,0.0,0.0,0.19471455347204075
asymmetric_binary,size_only,ML,73,0.21388468353891565,0.0,0.0,0.19471455347164496
asymmetric_binary,size_only,ML,74,0.2138846831089173,0.0,0.0,0.1947145534688584
asymmetric_binary,size_only,ML,75,0.2138846833955829,0.0,0.0,0.19471455347010821
asymmetric_binary,size_only,ML,76,0.2138846831805837,0.0,0.0,0.19471455346780292
asymmetric_binary,size_only,ML,77,0.2138846833239165,0.0,0.0,0.1947145534693398
asymmetric_binary,size_only,ML,78,0.2138846832164169,0.0,0.0,0.1947145534681871
asymmetric_binary,size_only,ML,79,0.2138846832880833,0.0,0.0,0.1947145534689556
asymmetric_binary,size_only,ML,80,0.21388468323433352,0.0,0.0,0.19471455346837924
asymmetric_binary,size_only,ML,81,0.21388468327016671,0.0,0.0,0.19471455346876343
asymmetric_binary,size_only,ML,82,0.2138846832432918,0.0,0.0,0.19471455346847527
asymmetric_binary,size_only,ML,83,0.2138846832612084,0.0,0.0,0.1947145534686674
asymmetric_binary,size_only,ML,84,0.21388468324777096,0.0,0.0,0.1947145534685233
asymmetric_binary,size_only,ML,85,0.21388468325672927,0.0,0.0,0.19471455346861932
asymmetric_binary,size_only,ML,86,0.21388468325001053,0.0,0.0,0.19471455346854724
asymmetric_binary,size_only,ML,87,0.21388468325448967,0.0,0.0,0.19471455346859534
asymmetric_binary,size_only,ML,88,0.21388468325113033,0.0,0.0,0.19471455346855937
asymmetric_binary,size_only,ML,89,0.2138846832533699,0.0,0.0,0.19471455346858335
asymmetric_binary,size_only,ML,90,0.21388468325169022,0.0,0.0,0.19471455346856525
asymmetric_binary,size_only,ML,91,0.21388468325281,0.0,0.0,0.1947145534685773
asymmetric_binary,size_only,ML,92,0.21388468325197016,0.0,0.0,0.1947145534685683
asymmetric_binary,size_only,ML,93,0.21388468325253004,0.0,0.0,0.19471455346857428
asymmetric_binary,size_only,ML,94,0.21388468325211013,0.0,0.0,0.1947145534685698
asymmetric_binary,size_only,ML,95,0.21388468325239007,0.0,0.0,0.19471455346857278
asymmetric_binary,size_only,HL,0,0.13597198831489285,0.0,0.0,0.22335741111391455
asymmetric_binary,size_only,HL,1,0.5733891203662236,0.0,0.0,0.2939459973241855
asymmetric_binary,size_only,HL,2,0.19484956845535487,0.0,0.0,0.19665938486469264
asymmetric_binary,size_only,HL,3,0.4001284652174461,0.0,0.0,0.20979591490431246
asymmetric_binary,size_only,HL,4,0.2332515015964583,0.0,0.0,0.1847461596564113
asymmetric_binary,size_only,HL,5,0.33425233381437175,0.0,0.0,0.18573559589807004
asymmetric_binary,size_only,HL,6,0.25520368923455156,0.0,0.0,0.18023092514532973
asymmetric_binary,size_only,HL,7,0.3055005161099659,0.0,0.0,0.17992678568393314
asymmetric_binary,size_only,HL,8,0.2669427918508806,0.0,0.0,0.17834851013738112
asymmetric_binary,size_only,HL,9,0.29206579519807946,0.0,0.0,0.17875856159579212
asymmetric_binary,size_only,HL,10,0.27301331182521643,0.0,0.0,0.17822613230685608
asymmetric_binary,size_only,HL,11,0.28557163844170386,0.0,0.0,0.17825147170757105
asymmetric_binary,size_only,HL,12,0.2761001456701149,0.0,0.0,0.17816542407216332
asymmetric_binary,size_only,HL,13,0.2823789121338438,0.0,0.0,0.17819044683827526
asymmetric_binary,size_only,HL,14,0.2776566260532287,0.0,0.0,0.17814554123775128
asymmetric_binary,size_only,HL,15,0.2807959596807045,0.0,0.0,0.178160447013408
asymmetric_binary,size_only,HL,16,0.2784381535842784,0.0,0.0,0.17814329013936153
asymmetric_binary,size_only,HL,17,0.2800078141975045,0.0,0.0,0.1781455765291189
asymmetric_binary,size_only,HL,18,0.2788297418831399,0.0,0.0,0.17814217493420514
asymmetric_binary,size_only,HL,19,0.27961457141469015,0.0,0.0,0.17813996489159695
asymmetric_binary,size_only,HL,20,0.2792218809017711,0.0,0.0,0.17814106653982656
asymmetric_binary,size_only,HL,21,0.2800078141975045,0.0,0.0,0.1781455765291189
asymmetric_binary,size_only,HL,22,0.27941815717299473,0.0,0.0,0.17814051487650417
asymmetric_binary,size_only,HL,23,0.2798111237238423,0.0,0.0,0.17814187244909377
asymmetric_binary,size_only,HL,24,0.2795163470414735,0.0,0.0,0.17814023967475823
asymmetric_binary,size_only,HL,25,0.2797128303047699,0.0,0.0,0.1781400224438991
asymmetric_binary,size_only,HL,26,0.27956545491423185,0.0,0.0,0.1781401022309183
asymmetric_binary,size_only,HL,27,0.2796636965443641,0.0,0.0,0.17813982765666642
asymmetric_binary,size_only,HL,28,0.27961457141469015,0.0,0.0,0.17813996489159695
asymmetric_binary,size_only,HL,29,0.2797128303047699,0.0,0.0,0.1781400224438991
asymmetric_binary,size_only,HL,30,0.2796391329007804,0.0,0.0,0.17813989626109084
asymmetric_binary,size_only,HL,31,0.27968826234563077,0.0,0.0,0.1781397590783077
asymmetric_binary,size_only,HL,32,0.2796636965443641,0.0,0.0,0.17813982765666642
asymmetric_binary,size_only,HL,33,0.2797128303047699,0.0,0.0,0.1781400224438991
asymmetric_binary,size_only,HL,34,0.27967597917527526,0.0,0.0,0.1781397933642298
asymmetric_binary,size_only,HL,35,0.2797005460554544,0.0,0.0,0.17813979128868018
asymmetric_binary,size_only,HL,36,0.27968212069302095,0.0,0.0,0.1781397762204546
asymmetric_binary,size_only,HL,37,0.2796944041331076,0.0,0.0,0.17813974193778892
asymmetric_binary,size_only,HL,38,0.27968826234563077,0.0,0.0,0.1781397590783077
asymmetric_binary,size_only,HL,39,0.2797005460554544,0.0,0.0,0.17813979128868018
asymmetric_binary,size_only,HL,40,0.2796913332225106,0.0,0.0,0.17813975050784486
asymmetric_binary,size_only,HL,41,0.2796974750774221,0.0,0.0,0.17813973350318962
asymmetric_binary,size_only,HL,42,0.2796944041331076,0.0,0.0,0.17813974193778892
asymmetric_binary,size_only,HL,43,0.2797005460554544,0.0,0.0,0.17813979128868018
asymmetric_binary,size_only,HL,44,0.27969593960105016,0.0,0.0,0.17813973765291358
asymmetric_binary,size_only,HL,45,0.2796990105622235,0.0,0.0,0.17813976239576923
asymmetric_binary,size_only,HL,46,0.2796967073381824,0.0,0.0,0.17813973551051404
asymmetric_binary,size_only,HL,47,0.2796982428187691,0.0,0.0,0.178139747949438
asymmetric_binary,size_only,HL,48,0.27969709120753883,0.0,0.0,0.17813973443932388
asymmetric_binary,size_only,HL,49,0.27969785894783217,0.0,0.0,0.17813974072630348
asymmetric_binary,size_only,HL,50,0.2796972831424146,0.0,0.0,0.1781397339037311
asymmetric_binary,size_only,HL,51,0.27969766701256127,0.0,0.0,0.17813973711474396
asymmetric_binary,size_only,HL,52,0.2796973791099019,0.0,0.0,0.17813973363593533
asymmetric_binary,size_only,HL,53,0.2796975710449752,0.0,0.0,0.17813973530896612
asymmetric_binary,size_only,HL,54,0.27969742709365786,0.0,0.0,0.17813973350203766
asymmetric_binary,size_only,HL,55,0.27969752306119455,0.0,0.0,0.17813973440607772
asymmetric_binary,size_only,HL,56,0.2796973791099019,0.0,0.0,0.17813973363593533
asymmetric_binary,size_only,HL,57,0.2796974750774221,0.0,0.0,0.17813973350318962
asymmetric_binary,size_only,HL,58,0.2796974031017789,0.0,0.0,0.17813973356898646
asymmetric_binary,size_only,HL,59,0.27969745108553895,0.0,0.0,0.17813973343508877
asymmetric_binary,size_only,HL,60,0.27969742709365786,0.0,0.0,0.17813973350203766
asymmetric_binary,size_only,HL,61,0.2796974750774221,0.0,0.0,0.17813973350318962
asymmetric_binary,size_only,HL,62,0.27969743908959815,0.0,0.0,0.17813973346856318
asymmetric_binary,size_only,HL,63,0.27969746308148025,0.0,0.0,0.17813973340161432
asymmetric_binary,size_only,HL,64,0.27969745108553895,0.0,0.0,0.17813973343508877
asymmetric_binary,size_only,HL,65,0.2796974750774221,0.0,0.0,0.17813973350318962
asymmetric_binary,size_only,HL,66,0.27969745708350957,0.0,0.0,0.17813973341835157
asymmetric_binary,size_only,HL,67,0.2796974690794511,0.0,0.0,0.17813973339032863
asymmetric_binary,size_only,HL,68,0.27969746308148025,0.0,0.0,0.17813973340161432
asymmetric_binary,size_only,HL,69,0.2796974750774221,0.0,0.0,0.17813973350318962
asymmetric_binary,size_only,HL,70,0.2796974660804657,0.0,0.0,0.17813973339324574
asymmetric_binary,size_only,HL,71,0.2796974720784366,0.0,0.0,0.1781397334467591
asymmetric_binary,size_only,HL,72,0.2796974675799584,0.0,0.0,0.17813973338906153
asymmetric_binary,size_only,HL,73,0.27969747057894384,0.0,0.0,0.17813973341854386
asymmetric_binary,size_only,HL,74,0.2796974660804657,0.0,0.0,0.17813973339324574
asymmetric_binary,size_only,HL,75,0.2796974690794511,0.0,0.0,0.17813973339032863
asymmetric_binary,size_only,HL,76,0.279697466830212,0.0,0.0,0.17813973339115366
asymmetric_binary,size_only,HL,77,0.27969746832970477,0.0,0.0,0.17813973338696934
asymmetric_binary,size_only,HL,78,0.2796974675799584,0.0,0.0,0.17813973338906153
asymmetric_binary,size_only,HL,79,0.2796974690794511,0.0,0.0,0.17813973339032863
asymmetric_binary,size_only,HL,80,0.2796974679548316,0.0,0.0,0.17813973338801542
asymmetric_binary,size_only,HL,81,0.27969746870457796,0.0,0.0,0.17813973338592323
asymmetric_binary,size_only,HL,82,0.27969746832970477,0.0,0.0,0.17813973338696934
asymmetric_binary,size_only,HL,83,0.2796974690794511,0.0,0.0,0.17813973339032863
asymmetric_binary,size_only,HL,84,0.27969746851714133,0.0,0.0,0.17813973338644626
asymmetric_binary,size_only,HL,85,0.2796974688920145,0.0,0.0,0.17813973338680172
asymmetric_binary,size_only,HL,86,0.27969746861085965,0.0,0.0,0.17813973338618483
asymmetric_binary,size_only,HL,87,0.2796974687982962,0.0,0.0,0.17813973338566164
asymmetric_binary,size_only,HL,88,0.2796974686577188,0.0,0.0,0.17813973338605396
asymmetric_binary,size_only,HL,89,0.2796974687514371,0.0,0.0,0.17813973338579248
asymmetric_binary,size_only,HL,90,0.27969746868114836,0.0,0.0,0.17813973338598862
asymmetric_binary,size_only,HL,91,0.2796974687280075,0.0,0.0,0.1781397333858579
asymmetric_binary,size_only,HL,92,0.27969746869286316,0.0,0.0,0.178139733385956
asymmetric_binary,size_only,HL,93,0.2796974687162927,0.0,0.0,0.1781397333858906
asymmetric_binary,size_only,HL,94,0.27969746869872053,0.0,0.0,0.17813973338593958
asymmetric_binary,size_only,HL,95,0.2796974687104353,0.0,0.0,0.17813973338590694
asymmetric_binary,instantaneous,LL,0,0.14843184916677615,1.823642298579216,0.0,0.16994296154088812
asymmetric_binary,instantaneous,LL,1,0.6259319179106821,1.823642298579216,0.0,0.22959917536534266
asymmetric_binary,instantaneous,LL,2,0.3048085169872871,-0.176357701420784,0.0,0.12431593129957234
asymmetric_binary,instantaneous,LL,3,0.3048085169872871,3.823642298579216,0.0,0.12224561432058363
asymmetric_binary,instantaneous,LL,4,0.21270470567950706,1.823642298579216,0.0,0.13357538673155658
asymmetric_binary,instantaneous,LL,5,0.4367944363580692,1.823642298579216,0.0,0.13925816364107868
asymmetric_binary,instantaneous,LL,6,0.3048085169872871,0.823642298579216,0.0,0.10763239760567654
asymmetric_binary,instantaneous,LL,7,0.3048085169872871,2.823642298579216,0.0,0.11328000281714905
asymmetric_binary,instantaneous,LL,8,0.25462561908493797,1.823642298579216,0.0,0.11530221518669129
asymmetric_binary,instantaneous,LL,9,0.3648817128530848,1.823642298579216,0.0,0.11380834831853084
asymmetric_binary,instantaneous,LL,10,0.3048085169872871,1.323642298579216,0.0,0.10511508917749447
asymmetric_binary,instantaneous,LL,11,0.3048085169872871,2.323642298579216,0.0,0.10919587950321509
asymmetric_binary,instantaneous,LL,12,0.25462561908493797,1.323642298579216,0.0,0.11188793676789516
asymmetric_binary,instantaneous,LL,13,0.3648817128530848,1.323642298579216,0.0,0.11870637105304752
asymmetric_binary,instantaneous,LL,14,0.3048085169872871,0.823642298579216,0.0,0.10763239760567654
asymmetric_binary,instantaneous,LL,15,0.3048085169872871,1.823642298579216,0.0,0.10621301970437187
asymmetric_binary,instantaneous,LL,16,0.2785894063675965,1.323642298579216,0.0,0.10650892922167327
asymmetric_binary,instantaneous,LL,17,0.33349520801734156,1.323642298579216,0.0,0.10890959155692764
asymmetric_binary,instantaneous,LL,18,0.3048085169872871,1.073642298579216,0.0,0.10549417274891083
asymmetric_binary,instantaneous,LL,19,0.3048085169872871,1.573642298579216,0.0,0.10539426957203595
asymmetric_binary,instantaneous,LL,20,0.2914042274972615,1.323642298579216,0.0,0.10537158975492739
asymmetric_binary,instantaneous,LL,21,0.31882938976533,1.323642298579216,0.0,0.10589510500209506
asymmetric_binary,instantaneous,LL,22,0.3048085169872871,1.198642298579216,0.0,0.10516399320333328
asymmetric_binary,instantaneous,LL,23,0.3048085169872871,1.448642298579216,0.0,0.10515796098244944
asymmetric_binary,instantaneous,LL,24,0.29803102259205555,1.323642298579216,0.0,0.10515485982832798
asymmetric_binary,instantaneous,LL,25,0.31174013772103837,1.323642298579216,0.0,0.10524106171379237
asymmetric_binary,instantaneous,LL,26,0.3048085169872871,1.261142298579216,0.0,0.10513484716279758
asymmetric_binary,instantaneous,LL,27,0.3048085169872871,1.386142298579216,0.0,0.10510439291622907
asymmetric_binary,instantaneous,LL,28,0.29803102259205555,1.386142298579216,0.0,0.10525997063986228
asymmetric_binary,instantaneous,LL,29,0.31174013772103837,1.386142298579216,0.0,0.10521722186748253
asymmetric_binary,instantaneous,LL,30,0.3048085169872871,1.323642298579216,0.0,0.10511508917749447
asymmetric_binary,instantaneous,LL,31,0.3048085169872871,1.448642298579216,0.0,0.10515796098244944
asymmetric_binary,instantaneous,LL,32,0.3014007199933157,1.386142298579216,0.0,0.1051520923612326
asymmetric_binary,instantaneous,LL,33,0.30825484434824757,1.386142298579216,0.0,0.10508817920522101
asymmetric_binary,instantaneous,LL,34,0.3048085169872871,1.354892298579216,0.0,0.10510862846596958
asymmetric_binary,instantaneous,LL,35,0.3048085169872871,1.417392298579216,0.0,0.10510305620464987
asymmetric_binary,instantaneous,LL,36,0.3048085169872871,1.386142298579216,0.0,0.10510439291622907
asymmetric_binary,instantaneous,LL,37,0.31174013772103837,1.386142298579216,0.0,0.10521722186748253
asymmetric_binary,instantaneous,LL,38,0.30825484434824757,1.354892298579216,0.0,0.10509562968632277
asymmetric_binary,instantaneous,LL,39,0.30825484434824757,1.417392298579216,0.0,0.10508297147142101
asymmetric_binary,instantaneous,LL,40,0.3048085169872871,1.417392298579216,0.0,0.10510305620464987
asymmetric_binary,instantaneous,LL,41,0.31174013772103837,1.417392298579216,0.0,0.10520877383674786
asymmetric_binary,instantaneous,LL,42,0.30825484434824757,1.386142298579216,0.0,0.10508817920522101
asymmetric_binary,instantaneous,LL,43,0.30825484434824757,1.448642298579216,0.0,0.10507996655453772
asymmetric_binary,instantaneous,LL,44,0.3048085169872871,1.448642298579216,0.0,0.10515796098244944
asymmetric_binary,instantaneous,LL,45,0.31174013772103837,1.448642298579216,0.0,0.10520258621940896
asymmetric_binary,instantaneous,LL,46,0.30825484434824757,1.417392298579216,0.0,0.10508297147142101
asymmetric_binary,instantaneous,LL,47,0.30825484434824757,1.479892298579216,0.0,0.10511062939496063
asymmetric_binary,instantaneous,LL,48,0.30652683725888724,1.448642298579216,0.0,0.10510650710598057
asymmetric_binary,instantaneous,LL,49,0.30999259286360364,1.448642298579216,0.0,0.10513624016389653
asymmetric_binary,instantaneous,LL,50,0.30825484434824757,1.433017298579216,0.0,0.10508119614019132
asymmetric_binary,instantaneous,LL,51,0.30825484434824757,1.464267298579216,0.0,0.10508333973818784
asymmetric_binary,instantaneous,LL,52,0.3073896265455276,1.448642298579216,0.0,0.10508496825679722
asymmetric_binary,instantaneous,LL,53,0.3091224975026564,1.448642298579216,0.0,0.10510375492703437
asymmetric_binary,instantaneous,LL,54,0.30825484434824757,1.440829798579216,0.0,0.10508051343765532
asymmetric_binary,instantaneous,LL,55,0.30825484434824757,1.456454798579216,0.0,0.10507955487590256
asymmetric_binary,instantaneous,LL,56,0.3073896265455276,1.456454798579216,0.0,0.10509484588469875
asymmetric_binary,instantaneous,LL,57,0.3091224975026564,1.456454798579216,0.0,0.1051031484793037
asymmetric_binary,instantaneous,LL,58,0.30825484434824757,1.448642298579216,0.0,0.10507996655453772
asymmetric_binary,instantaneous,LL,59,0.30825484434824757,1.464267298579216,0.0,0.10508333973818784
asymmetric_binary,instantaneous,LL,60,0.3078219314556023,1.456454798579216,0.0,0.1050823068228036
asymmetric_binary,instantaneous,LL,61,0.30868836607851435,1.456454798579216,0.0,0.10508717449429951
asymmetric_binary,instantaneous,LL,62,0.30825484434824757,1.452548548579216,0.0,0.10507974385302962
asymmetric_binary,instantaneous,LL,63,0.30825484434824757,1.460361048579216,0.0,0.10507939954654458
asymmetric_binary,instantaneous,LL,64,0.3078219314556023,1.460361048579216,0.0,0.10508907340189022
asymmetric_binary,instantaneous,LL,65,0.30868836607851435,1.460361048579216,0.0,0.10508697071770827
asymmetric_binary,instantaneous,LL,66,0.30825484434824757,1.456454798579216,0.0,0.10507955487590256
asymmetric_binary,instantaneous,LL,67,0.30825484434824757,1.464267298579216,0.0,0.10508333973818784
asymmetric_binary,instantaneous,LL,68,0.30803831185069114,1.460361048579216,0.0,0.10508281801000513
asymmetric_binary,instantaneous,LL,69,0.3084715290551906,1.460361048579216,0.0,0.10507905051454654
asymmetric_binary,instantaneous,LL,70,0.30825484434824757,1.458407923579216,0.0,0.10507947301003676
asymmetric_binary,instantaneous,LL,71,0.30825484434824757,1.462314173579216,0.0,0.10507995901912237
asymmetric_binary,instantaneous,LL,72,0.30825484434824757,1.460361048579216,0.0,0.10507939954654458
asymmetric_binary,instantaneous,LL,73,0.30868836607851435,1.460361048579216,0.0,0.10508697071770827
asymmetric_binary,instantaneous,LL,74,0.3084715290551906,1.458407923579216,0.0,0.1050791360730489
asymmetric_binary,instantaneous,LL,75,0.3084715290551906,1.462314173579216,0.0,0.10507897336261805
asymmetric_binary,instantaneous,LL,76,0.30825484434824757,1.462314173579216,0.0,0.10507995901912237
asymmetric_binary,instantaneous,LL,77,0.30868836607851435,1.462314173579216,0.0,0.10508688146472409
asymmetric_binary,instantaneous,LL,78,0.3084715290551906,1.460361048579216,0.0,0.10507905051454654
asymmetric_binary,instantaneous,LL,79,0.3084715290551906,1.464267298579216,0.0,0.10507890460770004
asymmetric_binary,instantaneous,LL,80,0.30825484434824757,1.464267298579216,0.0,0.10508333973818784
asymmetric_binary,instantaneous,LL,81,0.30868836607851435,1.464267298579216,0.0,0.1050868006225152
asymmetric_binary,instantaneous,LL,82,0.3084715290551906,1.462314173579216,0.0,0.10507897336261805
asymmetric_binary,instantaneous,LL,83,0.3084715290551906,1.466220423579216,0.0,0.10508139696517176
asymmetric_binary,instantaneous,LL,84,0.3083631676688604,1.464267298579216,0.0,0.10508022193043479
asymmetric_binary,instantaneous,LL,85,0.30857992852061483,1.464267298579216,0.0,0.10508284908270966
asymmetric_binary,instantaneous,LL,86,0.3084715290551906,1.463290736079216,0.0,0.10507893793613017
asymmetric_binary,instantaneous,LL,87,0.3084715290551906,1.465243861079216,0.0,0.10507970724864305
asymmetric_binary,instantaneous,LL,88,0.3084173436029749,1.464267298579216,0.0,0.1050786651355313
asymmetric_binary,instantaneous,LL,89,0.30852572402717976,1.464267298579216,0.0,0.10508087596234345
asymmetric_binary,instantaneous,LL,90,0.3084715290551906,1.463779017329216,0.0,0.10507892100973255
asymmetric_binary,instantaneous,LL,91,0.3084715290551906,1.464755579829216,0.0,0.10507888872988337
asymmetric_binary,instantaneous,LL,92,0.3083631676688604,1.464267298579216,0.0,0.10508022193043479
asymmetric_binary,instantaneous,LL,93,0.3084715290551906,1.464267298579216,0.0,0.10507890460770004
asymmetric_binary,instantaneous,LL,94,0.3084173436029749,1.463779017329216,0.0,0.10507832902020371
asymmetric_binary,instantaneous,LL,95,0.3084173436029749,1.464755579829216,0.0,0.10507950954269424
asymmetric_binary,instantaneous,ML,0,0.10739645388747816,0.0,0.0,0.22242873840530294
asymmetric_binary,instantaneous,ML,1,0.45288709084978507,0.0,0.0,0.28452905880279866
asymmetric_binary,instantaneous,ML,2,0.22054130581068726,-2.0,0.0,0.2323507081769358
asymmetric_binary,instantaneous,ML,3,0.22054130581068726,2.0,0.0,0.2203094772268937
asymmetric_binary,instantaneous,ML,4,0.1539004684196305,0.0,0.0,0.20496093526050624
asymmetric_binary,instantaneous,ML,5,0.3160384634831889,0.0,0.0,0.22007169525986015
asymmetric_binary,instantaneous,ML,6,0.22054130581068726,-1.0,0.0,0.20570049014000527
asymmetric_binary,instantaneous,ML,7,0.22054130581068726,1.0,0.0,0.20233605468717636
asymmetric_binary,instantaneous,ML,8,0.18423194693142053,0.0,0.0,0.197093687884301
asymmetric_binary,instantaneous,ML,9,0.2640066957919547,0.0,0.0,0.2026095629816113
asymmetric_binary,instantaneous,ML,10,0.22054130581068726,-0.5,0.0,0.1976169314685526
asymmetric_binary,instantaneous,ML,11,0.22054130581068726,0.5,0.0,0.1971234785491875
asymmetric_binary,instantaneous,ML,12,0.20157071748719038,0.0,0.0,0.19517733561537087
asymmetric_binary,instantaneous,ML,13,0.24129728849019946,0.0,0.0,0.19688837729854536
asymmetric_binary,instantaneous,ML,14,0.22054130581068726,-0.25,0.0,0.19521692414697228
asymmetric_binary,instantaneous,ML,15,0.22054130581068726,0.25,0.0,0.19543420074566312
asymmetric_binary,instantaneous,ML,16,0.21084275953378645,0.0,0.0,0.19478503835460229
asymmetric_binary,instantaneous,ML,17,0.23068597506612037,0.0,0.0,0.19525364123602396
asymmetric_binary,instantaneous,ML,18,0.22054130581068726,-0.125,0.0,0.1947918441161059
asymmetric_binary,instantaneous,ML,19,0.22054130581068726,0.125,0.0,0.19493940868540144
asymmetric_binary,instantaneous,ML,20,0.20157071748719038,0.0,0.0,0.19517733561537087
asymmetric_binary,instantaneous,ML,21,0.22054130581068726,0.0,0.0,0.19479965052052894
asymmetric_binary,instantaneous,ML,22,0.21084275953378645,-0.125,0.0,0.19463244171380978
asymmetric_binary,instantaneous,ML,23,0.21084275953378645,0.125,0.0,0.19509413153242294
asymmetric_binary,instantaneous,ML,24,0.20157071748719038,-0.125,0.0,0.1949562271532605
asymmetric_binary,instantaneous,ML,25,0.22054130581068726,-0.125,0.0,0.1947918441161059
asymmetric_binary,instantaneous,ML,26,0.21084275953378645,-0.25,0.0,0.1947629264037646
asymmetric_binary,instantaneous,ML,27,0.21084275953378645,0.0,0.0,0.19478503835460229
asymmetric_binary,instantaneous,ML,28,0.20615461749911032,-0.125,0.0,0.19472898985426063
asymmetric_binary,instantaneous,ML,29,0.21563751414888363,-0.125,0.0,0.19469665757700896
asymmetric_binary,instantaneous,ML,30,0.21084275953378645,-0.1875,0.0,0.1946939593681613
asymmetric_binary,instantaneous,ML,31,0.21084275953378645,-0.0625,0.0,0.19464806762797862
asymmetric_binary,instantaneous,ML,32,0.20848551135305457,-0.125,0.0,0.19465940781735927
asymmetric_binary,instantaneous,ML,33,0.21322666001735466,-0.125,0.0,0.19465568734736463
asymmetric_binary,instantaneous,ML,34,0.21084275953378645,-0.15625,0.0,0.1946622941706656
asymmetric_binary,instantaneous,ML,35,0.21084275953378645,-0.09375,0.0,0.1946325481355063
asymmetric_binary,instantaneous,ML,36,0.20966082260758825,-0.125,0.0,0.19464547398140686
asymmetric_binary,instantaneous,ML,37,0.21203135948305277,-0.125,0.0,0.19463681610281786
asymmetric_binary,instantaneous,ML,38,0.21084275953378645,-0.140625,0.0,0.19464714443584535
asymmetric_binary,instantaneous,ML,39,0.21084275953378645,-0.109375,0.0,0.19462552649158663
asymmetric_binary,instantaneous,ML,40,0.20966082260758825,-0.109375,0.0,0.19463217483664907
asymmetric_binary,instantaneous,ML,41,0.21203135948305277,-0.109375,0.0,0.19464245633936045
asymmetric_binary,instantaneous,ML,42,0.21084275953378645,-0.125,0.0,0.19463244171380978
asymmetric_binary,instantaneous,ML,43,0.21084275953378645,-0.09375,0.0,0.1946325481355063
asymmetric_binary,instantaneous,ML,44,0.21025096053218778,-0.109375,0.0,0.1946250655143073
asymmetric_binary,instantaneous,ML,45,0.2114362242878621,-0.109375,0.0,0.19463386121444695
asymmetric_binary,instantaneous,ML,46,0.21084275953378645,-0.1171875,0.0,0.194625256059343
asymmetric_binary,instantaneous,ML,47,0.21084275953378645,-0.1015625,0.0,0.19462897517608457
asymmetric_binary,instantaneous,ML,48,0.20966082260758825,-0.109375,0.0,0.19463217483664907
asymmetric_binary,instantaneous,ML,49,0.21084275953378645,-0.109375,0.0,0.19462552649158663
asymmetric_binary,instantaneous,ML,50,0.21025096053218778,-0.1171875,0.0,0.19463190059666524
asymmetric_binary,instantaneous,ML,51,0.21025096053218778,-0.1015625,0.0,0.19462111630991402
asymmetric_binary,instantaneous,ML,52,0.20966082260758825,-0.1015625,0.0,0.1946256866062754
asymmetric_binary,instantaneous,ML,53,0.21084275953378645,-0.1015625,0.0,0.19462897517608457
asymmetric_binary,instantaneous,ML,54,0.21025096053218778,-0.109375,0.0,0.1946250655143073
asymmetric_binary,instantaneous,ML,55,0.21025096053218778,-0.09375,0.0,0.19462490548196398
asymmetric_binary,instantaneous,ML,56,0.20995568422696745,-0.1015625,0.0,0.19462198484398754
asymmetric_binary,instantaneous,ML,57,0.21054665210645288,-0.1015625,0.0,0.1946250136608487
asymmetric_binary,instantaneous,ML,58,0.21025096053218778,-0.10546875,0.0,0.19462168851829575
asymmetric_binary,instantaneous,ML,59,0.21025096053218778,-0.09765625,0.0,0.19462299549578432
asymmetric_binary,instantaneous,ML,60,0.21010327050741645,-0.1015625,0.0,0.19462015470564947
asymmetric_binary,instantaneous,ML,61,0.2103987543742075,-0.1015625,0.0,0.19462305697612792
asymmetric_binary,instantaneous,ML,62,0.21025096053218778,-0.103515625,0.0,0.1946201882964754
asymmetric_binary,instantaneous,ML,63,0.21025096053218778,-0.099609375,0.0,0.19462205204693528
asymmetric_binary,instantaneous,ML,64,0.20995568422696745,-0.1015625,0.0,0.19462198484398754
asymmetric_binary,instantaneous,ML,65,0.21025096053218778,-0.1015625,0.0,0.19462111630991402
asymmetric_binary,instantaneous,ML,66,0.21010327050741645,-0.103515625,0.0,0.1946218114456698
asymmetric_binary,instantaneous,ML,67,0.21010327050741645,-0.099609375,0.0,0.19462014084535148
asymmetric_binary,instantaneous,ML,68,0.20995568422696745,-0.099609375,0.0,0.19462034970950706
asymmetric_binary,instantaneous,ML,69,0.21025096053218778,-0.099609375,0.0,0.19462205204693528
asymmetric_binary,instantaneous,ML,70,0.21010327050741645,-0.1015625,0.0,0.19462015470564947
asymmetric_binary,instantaneous,ML,71,0.21010327050741645,-0.09765625,0.0,0.19462109775200637
asymmetric_binary,instantaneous,ML,72,0.21002946440370754,-0.099609375,0.0,0.1946194254554106
asymmetric_binary,instantaneous,ML,73,0.21017710254720515,-0.099609375,0.0,0.1946210944510989
asymmetric_binary,instantaneous,ML,74,0.21010327050741645,-0.1005859375,0.0,0.19461966527915042
asymmetric_binary,instantaneous,ML,75,0.21010327050741645,-0.0986328125,0.0,0.19462061833679262
asymmetric_binary,instantaneous,ML,76,0.20995568422696745,-0.099609375,0.0,0.19462034970950706
asymmetric_binary,instantaneous,ML,77,0.21010327050741645,-0.099609375,0.0,0.19462014084535148
asymmetric_binary,instantaneous,ML,78,0.21002946440370754,-0.1005859375,0.0,0.19462024591468263
asymmetric_binary,instantaneous,ML,79,0.21002946440370754,-0.0986328125,0.0,0.19461967207889197
asymmetric_binary,instantaneous,ML,80,0.2099925710750357,-0.099609375,0.0,0.19461988715068373
asymmetric_binary,instantaneous,ML,81,0.21006636421412153,-0.099609375,0.0,0.19461966553788207
asymmetric_binary,instantaneous,ML,82,0.21002946440370754,-0.10009765625,0.0,0.1946198354763898
asymmetric_binary,instantaneous,ML,83,0.21002946440370754,-0.09912109375,0.0,0.19461943141249233
asymmetric_binary,instantaneous,ML,84,0.210011016929225,-0.099609375,0.0,0.19461965619508195
asymmetric_binary,instantaneous,ML,85,0.2100479134986256,-0.099609375,0.0,0.1946194282578445
asymmetric_binary,instantaneous,ML,86,0.21002946440370754,-0.099853515625,0.0,0.1946196304137476
asymmetric_binary,instantaneous,ML,87,0.21002946440370754,-0.099365234375,0.0,0.19461931125957635
asymmetric_binary,instantaneous,ML,88,0.210011016929225,-0.099365234375,0.0,0.19461945157394495
asymmetric_binary,instantaneous,ML,89,0.2100479134986256,-0.099365234375,0.0,0.19461954808054457
asymmetric_binary,instantaneous,ML,90,0.21002946440370754,-0.099609375,0.0,0.1946194254554106
asymmetric_binary,instantaneous,ML,91,0.21002946440370754,-0.09912109375,0.0,0.19461943141249233
asymmetric_binary,instantaneous,ML,92,0.21002024046392073,-0.099365234375,0.0,0.1946193360606624
asymmetric_binary,instantaneous,ML,93,0.21003868874860324,-0.099365234375,0.0,0.194619429638935
asymmetric_binary,instantaneous,ML,94,0.21002946440370754,-0.0994873046875,0.0,0.1946193230153495
asymmetric_binary,instantaneous,ML,95,0.21002946440370754,-0.0992431640625,0.0,0.19461937132100826
asymmetric_binary,instantaneous,HL,0,0.13174739810671096,-0.5942186415195465,0.0,0.22732206150754683
asymmetric_binary,instantaneous,HL,1,0.5555741711741343,-0.5942186415195465,0.0,0.26961059796441084
asymmetric_binary,instantaneous,HL,2,0.2705465791827438,-2.5942186415195465,0.0,0.1796229865367488
asymmetric_binary,instantaneous,HL,3,0.2705465791827438,1.4057813584804535,0.0,0.19198972198824438
asymmetric_binary,instantaneous,HL,4,0.18879567758293025,-0.5942186415195465,0.0,0.20075487311354348
asymmetric_binary,instantaneous,HL,5,0.38769664880348165,-0.5942186415195465,0.0,0.19668659057957638
asymmetric_binary,instantaneous,HL,6,0.2705465791827438,-1.5942186415195465,0.0,0.17591494142430902
asymmetric_binary,instantaneous,HL,7,0.2705465791827438,0.4057813584804535,0.0,0.18081638905713443
asymmetric_binary,instantaneous,HL,8,0.18879567758293025,-1.5942186415195465,0.0,0.2042910345576702
asymmetric_binary,instantaneous,HL,9,0.38769664880348165,-1.5942186415195465,0.0,0.18991948791508861
asymmetric_binary,instantaneous,HL,10,0.2705465791827438,-2.5942186415195465,0.0,0.1796229865367488
asymmetric_binary,instantaneous,HL,11,0.2705465791827438,-0.5942186415195465,0.0,0.17592070372150365
asymmetric_binary,instantaneous,HL,12,0.22600447945682406,-1.5942186415195465,0.0,0.18944025373565318
asymmetric_binary,instantaneous,HL,13,0.3238672599914903,-1.5942186415195465,0.0,0.17528692667334944
asymmetric_binary,instantaneous,HL,14,0.2705465791827438,-2.0942186415195465,0.0,0.17775007361969714
asymmetric_binary,instantaneous,HL,15,0.2705465791827438,-1.0942186415195465,0.0,0.17542648533875077
asymmetric_binary,instantaneous,HL,16,0.2705465791827438,-1.5942186415195465,0.0,0.17591494142430902
asymmetric_binary,instantaneous,HL,17,0.38769664880348165,-1.5942186415195465,0.0,0.18991948791508861
asymmetric_binary,instantaneous,HL,18,0.3238672599914903,-2.0942186415195465,0.0,0.17533573379251927
asymmetric_binary,instantaneous,HL,19,0.3238672599914903,-1.0942186415195465,0.0,0.1764137318249715
asymmetric_binary,instantaneous,HL,20,0.29600874868825416,-1.5942186415195465,0.0,0.17411643804169247
asymmetric_binary,instantaneous,HL,21,0.3543476419504816,-1.5942186415195465,0.0,0.18075936682909682
asymmetric_binary,instantaneous,HL,22,0.3238672599914903,-1.8442186415195465,0.0,0.17516447637268964
asymmetric_binary,instantaneous,HL,23,0.3238672599914903,-1.3442186415195465,0.0,0.17559863969470696
asymmetric_binary,instantaneous,HL,24,0.2705465791827438,-1.5942186415195465,0.0,0.17591494142430902
asymmetric_binary,instantaneous,HL,25,0.3238672599914903,-1.5942186415195465,0.0,0.17528692667334944
asymmetric_binary,instantaneous,HL,26,0.29600874868825416,-1.8442186415195465,0.0,0.17436819573435144
asymmetric_binary,instantaneous,HL,27,0.29600874868825416,-1.3442186415195465,0.0,0.1741011551207156
asymmetric_binary,instantaneous,HL,28,0.2705465791827438,-1.3442186415195465,0.0,0.17557715532404838
asymmetric_binary,instantaneous,HL,29,0.3238672599914903,-1.3442186415195465,0.0,0.17559863969470696
asymmetric_binary,instantaneous,HL,30,0.29600874868825416,-1.5942186415195465,0.0,0.17411643804169247
asymmetric_binary,instantaneous,HL,31,0.29600874868825416,-1.0942186415195465,0.0,0.17426783534125231
asymmetric_binary,instantaneous,HL,32,0.2829914386792852,-1.3442186415195465,0.0,0.17443570781737672
asymmetric_binary,instantaneous,HL,33,0.3096248413341128,-1.3442186415195465,0.0,0.17414437748377123
asymmetric_binary,instantaneous,HL,34,0.29600874868825416,-1.4692186415195465,0.0,0.17403016166044466
asymmetric_binary,instantaneous,HL,35,0.29600874868825416,-1.2192186415195465,0.0,0.17416819226145888
asymmetric_binary,instantaneous,HL,36,0.2829914386792852,-1.4692186415195465,0.0,0.17452254354388838
asymmetric_binary,instantaneous,HL,37,0.3096248413341128,-1.4692186415195465,0.0,0.17407927241294469
asymmetric_binary,instantaneous,HL,38,0.29600874868825416,-1.5942186415195465,0.0,0.17411643804169247
asymmetric_binary,instantaneous,HL,39,0.29600874868825416,-1.3442186415195465,0.0,0.1741011551207156
asymmetric_binary,instantaneous,HL,40,0.289426919364706,-1.4692186415195465,0.0,0.17415511447166881
asymmetric_binary,instantaneous,HL,41,0.30274025475002486,-1.4692186415195465,0.0,0.17402669577569402
asymmetric_binary,instantaneous,HL,42,0.29600874868825416,-1.5317186415195465,0.0,0.17407235923483116
asymmetric_binary,instantaneous,HL,43,0.29600874868825416,-1.4067186415195465,0.0,0.17406611582991882
asymmetric_binary,instantaneous,HL,44,0.29600874868825416,-1.4692186415195465,0.0,0.17403016166044466
asymmetric_binary,instantaneous,HL,45,0.3096248413341128,-1.4692186415195465,0.0,0.17407927241294469
asymmetric_binary,instantaneous,HL,46,0.30274025475002486,-1.5317186415195465,0.0,0.17399113450802736
asymmetric_binary,instantaneous,HL,47,0.30274025475002486,-1.4067186415195465,0.0,0.17406131032679267
asymmetric_binary,instantaneous,HL,48,0.29600874868825416,-1.5317186415195465,0.0,0.17407235923483116
asymmetric_binary,instantaneous,HL,49,0.3096248413341128,-1.5317186415195465,0.0,0.17404509702304874
asymmetric_binary,instantaneous,HL,50,0.30274025475002486,-1.5942186415195465,0.0,0.17399750985694065
asymmetric_binary,instantaneous,HL,51,0.30274025475002486,-1.4692186415195465,0.0,0.17402669577569402
asymmetric_binary,instantaneous,HL,52,0.29935558118417993,-1.5317186415195465,0.0,0.17401101441506556
asymmetric_binary,instantaneous,HL,53,0.3061631972370705,-1.5317186415195465,0.0,0.1739925132617408
asymmetric_binary,instantaneous,HL,54,0.30274025475002486,-1.5629686415195465,0.0,0.17397438633170817
asymmetric_binary,instantaneous,HL,55,0.30274025475002486,-1.5004686415195465,0.0,0.17400902893151313
asymmetric_binary,instantaneous,HL,56,0.29935558118417993,-1.5629686415195465,0.0,0.17403393376178805
asymmetric_binary,instantaneous,HL,57,0.3061631972370705,-1.5629686415195465,0.0,0.17397471766993572
asymmetric_binary,instantaneous,HL,58,0.30274025475002486,-1.5942186415195465,0.0,0.17399750985694065
asymmetric_binary,instantaneous,HL,59,0.30274025475002486,-1.5317186415195465,0.0,0.17399113450802736
asymmetric_binary,instantaneous,HL,60,0.30104316120539987,-1.5629686415195465,0.0,0.17400401760852302
asymmetric_binary,instantaneous,HL,61,0.30444691544936503,-1.5629686415195465,0.0,0.17397365967115458
asymmetric_binary,instantaneous,HL,62,0.30274025475002486,-1.5785936415195465,0.0,0.17398600646480458
asymmetric_binary,instantaneous,HL,63,0.30274025475002486,-1.5473436415195465,0.0,0.17398210472891867
asymmetric_binary,instantaneous,HL,64,0.30274025475002486,-1.5629686415195465,0.0,0.17397438633170817
asymmetric_binary,instantaneous,HL,65,0.3061631972370705,-1.5629686415195465,0.0,0.17397471766993572
asymmetric_binary,instantaneous,HL,66,0.30444691544936503,-1.5785936415195465,0.0,0.17396459970145753
asymmetric_binary,instantaneous,HL,67,0.30444691544936503,-1.5473436415195465,0.0,0.1739826655751172
asymmetric_binary,instantaneous,HL,68,0.30274025475002486,-1.5785936415195465,0.0,0.17398600646480458
asymmetric_binary,instantaneous,HL,69,0.3061631972370705,-1.5785936415195465,0.0,0.17396573585209474
asymmetric_binary,instantaneous,HL,70,0.30444691544936503,-1.5942186415195465,0.0,0.17396850148681717
asymmetric_binary,instantaneous,HL,71,0.30444691544936503,-1.5629686415195465,0.0,0.17397365967115458
asymmetric_binary,instantaneous,HL,72,0.30359238584160847,-1.5785936415195465,0.0,0.17397138225944594
asymmetric_binary,instantaneous,HL,73,0.3053038503244623,-1.5785936415195465,0.0,0.17396511505228046
asymmetric_binary,instantaneous,HL,74,0.30444691544936503,-1.5864061415195465,0.0,0.17396268033534568
asymmetric_binary,instantaneous,HL,75,0.30444691544936503,-1.5707811415195465,0.0,0.17396913637660527
asymmetric_binary,instantaneous,HL,76,0.30359238584160847,-1.5864061415195465,0.0,0.17397719052284474
asymmetric_binary,instantaneous,HL,77,0.3053038503244623,-1.5864061415195465,0.0,0.17396058423610627
asymmetric_binary,instantaneous,HL,78,0.30444691544936503,-1.5942186415195465,0.0,0.17396850148681717
asymmetric_binary,instantaneous,HL,79,0.30444691544936503,-1.5785936415195465,0.0,0.17396459970145753
asymmetric_binary,instantaneous,HL,80,0.30444691544936503,-1.5864061415195465,0.0,0.17396268033534568
asymmetric_binary,instantaneous,HL,81,0.3061631972370705,-1.5864061415195465,0.0,0.17396122442065975
asymmetric_binary,instantaneous,HL,82,0.3053038503244623,-1.5942186415195465,0.0,0.17395604011509203
asymmetric_binary,instantaneous,HL,83,0.3053038503244623,-1.5785936415195465,0.0,0.17396511505228046
asymmetric_binary,instantaneous,HL,84,0.30444691544936503,-1.5942186415195465,0.0,0.17396850148681717
asymmetric_binary,instantaneous,HL,85,0.3061631972370705,-1.5942186415195465,0.0,0.17395669948953496
asymmetric_binary,instantaneous,HL,86,0.3053038503244623,-1.6020311415195465,0.0,0.17395993971610235
asymmetric_binary,instantaneous,HL,87,0.3053038503244623,-1.5864061415195465,0.0,0.17396058423610627
asymmetric_binary,instantaneous,HL,88,0.30487508180580647,-1.5942186415195465,0.0,0.17396129454467738
asymmetric_binary,instantaneous,HL,89,0.30573322185219814,-1.5942186415195465,0.0,0.1739563565535796
asymmetric_binary,instantaneous,HL,90,0.3053038503244623,-1.5981248915195465,0.0,0.1739570263630797
asymmetric_binary,instantaneous,HL,91,0.3053038503244623,-1.5903123915195465,0.0,0.1739583138302812
asymmetric_binary,instantaneous,HL,92,0.30508939074195635,-1.5942186415195465,0.0,0.1739576978414961
asymmetric_binary,instantaneous,HL,93,0.3055184606592196,-1.5942186415195465,0.0,0.1739561950218571
asymmetric_binary,instantaneous,HL,94,0.3053038503244623,-1.5961717665195465,0.0,0.17395556692729125
asymmetric_binary,instantaneous,HL,95,0.3053038503244623,-1.5922655165195465,0.0,0.1739571773853067
asymmetric_binary,finite_time,LL,0,0.15131243944198586,2.901878774166107,11.26568989329568,0.16489499247329048
asymmetric_binary,finite_time,LL,1,0.6380792663793453,2.901878774166107,11.26568989329568,0.2426698339823089
asymmetric_binary,finite_time,LL,2,0.31072388120839933,0.9018787741661072,11.26568989329568,0.11253064535117147
asymmetric_binary,finite_time,LL,3,0.31072388120839933,4.901878774166107,11.26568989329568,0.10760728574260967
asymmetric_binary,finite_time,LL,4,0.31072388120839933,2.901878774166107,6.022869425054245,0.10507557235037646
asymmetric_binary,finite_time,LL,5,0.31072388120839933,2.901878774166107,20.89042310348354,0.10469729724909471
asymmetric_binary,finite_time,LL,6,0.21683262775358494,2.901878774166107,11.26568989329568,0.12761415893446315
asymmetric_binary,finite_time,LL,7,0.445271227644453,2.901878774166107,11.26568989329568,0.1462591417580556
asymmetric_binary,finite_time,LL,8,0.31072388120839933,1.9018787741661072,11.26568989329568,0.10509804493526834
asymmetric_binary,finite_time,LL,9,0.31072388120839933,3.901878774166107,11.26568989329568,0.10455010668953102
asymmetric_binary,finite_time,LL,10,0.31072388120839933,2.901878774166107,8.249201082458317,0.10386180213183138
asymmetric_binary,finite_time,LL,11,0.31072388120839933,2.901878774166107,15.35277400569462,0.10328720424909803
asymmetric_binary,finite_time,LL,12,0.25956709280686946,2.901878774166107,11.26568989329568,0.10993007557297896
asymmetric_binary,finite_time,LL,13,0.3719629068121083,2.901878774166107,11.26568989329568,0.11654500213291749
asymmetric_binary,finite_time,LL,14,0.31072388120839933,2.401878774166107,11.26568989329568,0.10343828662869983
asymmetric_binary,finite_time,LL,15,0.31072388120839933,3.401878774166107,11.26568989329568,0.10360570737738342
asymmetric_binary,finite_time,LL,16,0.31072388120839933,2.901878774166107,9.643137217604583,0.10349855298807561
asymmetric_binary,finite_time,LL,17,0.31072388120839933,2.901878774166107,13.154354028626445,0.10316348744916473
asymmetric_binary,finite_time,LL,18,0.25956709280686946,2.901878774166107,13.154354028626445,0.10908264605511556
asymmetric_binary,finite_time,LL,19,0.3719629068121083,2.901878774166107,13.154354028626445,0.11828528750701754
asymmetric_binary,finite_time,LL,20,0.31072388120839933,2.401878774166107,13.154354028626445,0.10377686015698812
asymmetric_binary,finite_time,LL,21,0.31072388120839933,3.401878774166107,13.154354028626445,0.10327000268805084
asymmetric_binary,finite_time,LL,22,0.31072388120839933,2.901878774166107,11.26568989329568,0.1032686956525774
asymmetric_binary,finite_time,LL,23,0.31072388120839933,2.901878774166107,15.35277400569462,0.10328720424909803
asymmetric_binary,finite_time,LL,24,0.283995941011366,2.901878774166107,13.154354028626445,0.10426170252092486
asymmetric_binary,finite_time,LL,25,0.3399672897062546,2.901878774166107,13.154354028626445,0.10789209601955486
asymmetric_binary,finite_time,LL,26,0.31072388120839933,2.651878774166107,13.154354028626445,0.10334192160714284
asymmetric_binary,finite_time,LL,27,0.31072388120839933,3.151878774166107,13.154354028626445,0.10316906356401717
asymmetric_binary,finite_time,LL,28,0.31072388120839933,2.901878774166107,12.174185454733472,0.1031751359137168
asymmetric_binary,finite_time,LL,29,0.31072388120839933,2.901878774166107,14.211850040744467,0.10321796173700806
asymmetric_binary,finite_time,LL,30,0.29705945707632886,2.901878774166107,13.154354028626445,0.10348181125622224
asymmetric_binary,finite_time,LL,31,0.32501685454977214,2.901878774166107,13.154354028626445,0.10453305036107671
asymmetric_binary,finite_time,LL,32,0.31072388120839933,2.776878774166107,13.154354028626445,0.1032477646787355
asymmetric_binary,finite_time,LL,33,0.31072388120839933,3.026878774166107,13.154354028626445,0.10312898196970322
asymmetric_binary,finite_time,LL,34,0.31072388120839933,2.901878774166107,12.654967274369923,0.10314199668019078
asymmetric_binary,finite_time,LL,35,0.31072388120839933,2.901878774166107,13.673065677322812,0.10318883407512232
asymmetric_binary,finite_time,LL,36,0.29705945707632886,3.026878774166107,13.154354028626445,0.10353533043047305
asymmetric_binary,finite_time,LL,37,0.32501685454977214,3.026878774166107,13.154354028626445,0.1043700282478066
asymmetric_binary,finite_time,LL,38,0.31072388120839933,2.901878774166107,13.154354028626445,0.10316348744916473
asymmetric_binary,finite_time,LL,39,0.31072388120839933,3.151878774166107,13.154354028626445,0.10316906356401717
asymmetric_binary,finite_time,LL,40,0.31072388120839933,3.026878774166107,12.654967274369923,0.10317230991173906
asymmetric_binary,finite_time,LL,41,0.31072388120839933,3.026878774166107,13.673065677322812,0.10311009542254865
asymmetric_binary,finite_time,LL,42,0.29705945707632886,3.026878774166107,13.673065677322812,0.10348480062451731
asymmetric_binary,finite_time,LL,43,0.32501685454977214,3.026878774166107,13.673065677322812,0.10443387441332008
asymmetric_binary,finite_time,LL,44,0.31072388120839933,2.901878774166107,13.673065677322812,0.10318883407512232
asymmetric_binary,finite_time,LL,45,0.31072388120839933,3.151878774166107,13.673065677322812,0.10312387019730054
asymmetric_binary,finite_time,LL,46,0.31072388120839933,3.026878774166107,13.154354028626445,0.10312898196970322
asymmetric_binary,finite_time,LL,47,0.31072388120839933,3.026878774166107,14.211850040744467,0.10313544838742966
asymmetric_binary,finite_time,LL,48,0.3038148571949976,3.026878774166107,13.673065677322812,0.10322820828762122
asymmetric_binary,finite_time,LL,49,0.3177900226625295,3.026878774166107,13.673065677322812,0.1036308611902848
asymmetric_binary,finite_time,LL,50,0.31072388120839933,2.964378774166107,13.673065677322812,0.10314832771770589
asymmetric_binary,finite_time,LL,51,0.31072388120839933,3.089378774166107,13.673065677322812,0.10310580942220596
asymmetric_binary,finite_time,LL,52,0.31072388120839933,3.026878774166107,13.411248167815872,0.10310876361048302
asymmetric_binary,finite_time,LL,53,0.31072388120839933,3.026878774166107,13.939900913427085,0.10312227944255625
asymmetric_binary,finite_time,LL,54,0.3038148571949976,3.089378774166107,13.673065677322812,0.10324969426336376
asymmetric_binary,finite_time,LL,55,0.3177900226625295,3.089378774166107,13.673065677322812,0.1035882778965726
asymmetric_binary,finite_time,LL,56,0.31072388120839933,3.026878774166107,13.673065677322812,0.10311009542254865
asymmetric_binary,finite_time,LL,57,0.31072388120839933,3.151878774166107,13.673065677322812,0.10312387019730054
asymmetric_binary,finite_time,LL,58,0.31072388120839933,3.089378774166107,13.411248167815872,0.10312647435240521
asymmetric_binary,finite_time,LL,59,0.31072388120839933,3.089378774166107,13.939900913427085,0.10308612865373701
asymmetric_binary,finite_time,LL,60,0.3038148571949976,3.089378774166107,13.939900913427085,0.10322712200480315
asymmetric_binary,finite_time,LL,61,0.3177900226625295,3.089378774166107,13.939900913427085,0.10360318090414883
asymmetric_binary,finite_time,LL,62,0.31072388120839933,3.026878774166107,13.939900913427085,0.10312227944255625
asymmetric_binary,finite_time,LL,63,0.31072388120839933,3.151878774166107,13.939900913427085,0.10310278136864318
asymmetric_binary,finite_time,LL,64,0.31072388120839933,3.089378774166107,13.673065677322812,0.10310580942220596
asymmetric_binary,finite_time,LL,65,0.31072388120839933,3.089378774166107,14.211850040744467,0.10309747415727974
asymmetric_binary,finite_time,LL,66,0.30724994970936165,3.089378774166107,13.939900913427085,0.1031059160945535
asymmetric_binary,finite_time,LL,67,0.31423709082634776,3.089378774166107,13.939900913427085,0.10325640727065794
asymmetric_binary,finite_time,LL,68,0.31072388120839933,3.058128774166107,13.939900913427085,0.10310350671225563
asymmetric_binary,finite_time,LL,69,0.31072388120839933,3.120628774166107,13.939900913427085,0.10309423968264303
asymmetric_binary,finite_time,LL,70,0.31072388120839933,3.089378774166107,13.805850112047597,0.10309584608398095
asymmetric_binary,finite_time,LL,71,0.31072388120839933,3.089378774166107,14.075230158814387,0.10309125138141767
asymmetric_binary,finite_time,LL,72,0.30898203325562207,3.089378774166107,13.939900913427085,0.1030698675791734
asymmetric_binary,finite_time,LL,73,0.31247554861332605,3.089378774166107,13.939900913427085,0.10314309282171122
asymmetric_binary,finite_time,LL,74,0.31072388120839933,3.073753774166107,13.939900913427085,0.10309432532799598
asymmetric_binary,finite_time,LL,75,0.31072388120839933,3.105003774166107,13.939900913427085,0.1030901300448667
asymmetric_binary,finite_time,LL,76,0.31072388120839933,3.089378774166107,13.8727164647577,0.10309095664146903
asymmetric_binary,finite_time,LL,77,0.31072388120839933,3.089378774166107,14.007404971298728,0.1030882340939405
asymmetric_binary,finite_time,LL,78,0.30724994970936165,3.089378774166107,13.939900913427085,0.1031059160945535
asymmetric_binary,finite_time,LL,79,0.31072388120839933,3.089378774166107,13.939900913427085,0.10308612865373701
asymmetric_binary,finite_time,LL,80,0.30898203325562207,3.073753774166107,13.939900913427085,0.10306564658976165
asymmetric_binary,finite_time,LL,81,0.30898203325562207,3.105003774166107,13.939900913427085,0.10307419582428501
asymmetric_binary,finite_time,LL,82,0.30898203325562207,3.089378774166107,13.8727164647577,0.1030748809656819
asymmetric_binary,finite_time,LL,83,0.30898203325562207,3.089378774166107,14.007404971298728,0.10306491517007513
asymmetric_binary,finite_time,LL,84,0.30724994970936165,3.089378774166107,14.007404971298728,0.10310078051924407
asymmetric_binary,finite_time,LL,85,0.31072388120839933,3.089378774166107,14.007404971298728,0.1030882340939405
asymmetric_binary,finite_time,LL,86,0.30898203325562207,3.073753774166107,14.007404971298728,0.10306078064127816
asymmetric_binary,finite_time,LL,87,0.30898203325562207,3.105003774166107,14.007404971298728,0.1030691566603864
asymmetric_binary,finite_time,LL,88,0.30898203325562207,3.089378774166107,13.939900913427085,0.1030698675791734
asymmetric_binary,finite_time,LL,89,0.30898203325562207,3.089378774166107,14.075230158814387,0.10306002371257222
asymmetric_binary,finite_time,LL,90,0.30724994970936165,3.089378774166107,14.075230158814387,0.10309570545018579
asymmetric_binary,finite_time,LL,91,0.31072388120839933,3.089378774166107,14.075230158814387,0.10309125138141767
asymmetric_binary,finite_time,LL,92,0.30898203325562207,3.073753774166107,14.075230158814387,0.10305597530791183
asymmetric_binary,finite_time,LL,93,0.30898203325562207,3.105003774166107,14.075230158814387,0.10306417878343914
asymmetric_binary,finite_time,LL,94,0.30898203325562207,3.089378774166107,14.007404971298728,0.10306491517007513
asymmetric_binary,finite_time,LL,95,0.30898203325562207,3.089378774166107,14.14337800364889,0.10305519317768731
asymmetric_binary,finite_time,ML,0,0.10739645388747816,0.0,0.0,0.22242873840530294
asymmetric_binary,finite_time,ML,1,0.45288709084978507,0.0,0.0,0.28452905880279866
asymmetric_binary,finite_time,ML,2,0.22054130581068726,-2.0,0.0,0.2323507081769358
asymmetric_binary,finite_time,ML,3,0.22054130581068726,2.0,0.0,0.2203094772268937
asymmetric_binary,finite_time,ML,4,0.22054130581068726,0.0,0.0,0.19479965052052894
asymmetric_binary,finite_time,ML,5,0.22054130581068726,0.0,0.20894825449822332,0.19479965052052894
asymmetric_binary,finite_time,ML,6,0.1539004684196305,0.0,0.0,0.20496093526050624
asymmetric_binary,finite_time,ML,7,0.3160384634831889,0.0,0.0,0.22007169525986015
asymmetric_binary,finite_time,ML,8,0.22054130581068726,-1.0,0.0,0.20570049014000527
asymmetric_binary,finite_time,ML,9,0.22054130581068726,1.0,0.0,0.20233605468717636
asymmetric_binary,finite_time,ML,10,0.22054130581068726,0.0,0.0,0.19479965052052894
asymmetric_binary,finite_time,ML,11,0.22054130581068726,0.0,0.08872859876980543,0.19479965052052894
asymmetric_binary,finite_time,ML,12,0.18423194693142053,0.0,0.0,0.197093687884301
asymmetric_binary,finite_time,ML,13,0.2640066957919547,0.0,0.0,0.2026095629816113
asymmetric_binary,finite_time,ML,14,0.22054130581068726,-0.5,0.0,0.1976169314685526
asymmetric_binary,finite_time,ML,15,0.22054130581068726,0.5,0.0,0.1971234785491875
asymmetric_binary,finite_time,ML,16,0.22054130581068726,0.0,0.0,0.19479965052052894
asymmetric_binary,finite_time,ML,17,0.22054130581068726,0.0,0.041001975409878204,0.19479965052052894
asymmetric_binary,finite_time,ML,18,0.20157071748719038,0.0,0.0,0.19517733561537087
asymmetric_binary,finite_time,ML,19,0.24129728849019946,0.0,0.0,0.19688837729854536
asymmetric_binary,finite_time,ML,20,0.22054130581068726,-0.25,0.0,0.19521692414697228
asymmetric_binary,finite_time,ML,21,0.22054130581068726,0.25,0.0,0.19543420074566312
asymmetric_binary,finite_time,ML,22,0.22054130581068726,0.0,0.0,0.19479965052052894
asymmetric_binary,finite_time,ML,23,0.22054130581068726,0.0,0.01972299466762108,0.19479965052052894
asymmetric_binary,finite_time,ML,24,0.21084275953378645,0.0,0.0,0.19478503835460229
asymmetric_binary,finite_time,ML,25,0.23068597506612037,0.0,0.0,0.19525364123602396
asymmetric_binary,finite_time,ML,26,0.22054130581068726,-0.125,0.0,0.1947918441161059
asymmetric_binary,finite_time,ML,27,0.22054130581068726,0.125,0.0,0.19493940868540144
asymmetric_binary,finite_time,ML,28,0.22054130581068726,0.0,0.0,0.19479965052052894
asymmetric_binary,finite_time,ML,29,0.22054130581068726,0.0,0.009674312682069634,0.19479965052052894
asymmetric_binary,finite_time,ML,30,0.20157071748719038,0.0,0.0,0.19517733561537087
asymmetric_binary,finite_time,ML,31,0.22054130581068726,0.0,0.0,0.19479965052052894
asymmetric_binary,finite_time,ML,32,0.21084275953378645,-0.125,0.0,0.19463244171380978
asymmetric_binary,finite_time,ML,33,0.21084275953378645,0.125,0.0,0.19509413153242294
asymmetric_binary,finite_time,ML,34,0.21084275953378645,0.0,0.0,0.19478503835460229
asymmetric_binary,finite_time,ML,35,0.21084275953378645,0.0,0.009674312682069634,0.19478503835460229
asymmetric_binary,finite_time,ML,36,0.20157071748719038,-0.125,0.0,0.1949562271532605
asymmetric_binary,finite_time,ML,37,0.22054130581068726,-0.125,0.0,0.1947918441161059
asymmetric_binary,finite_time,ML,38,0.21084275953378645,-0.25,0.0,0.1947629264037646
asymmetric_binary,finite_time,ML,39,0.21084275953378645,0.0,0.0,0.19478503835460229
asymmetric_binary,finite_time,ML,40,0.21084275953378645,-0.125,0.0,0.19463244171380978
asymmetric_binary,finite_time,ML,41,0.21084275953378645,-0.125,0.009674312682069634,0.1946339208426615
asymmetric_binary,finite_time,ML,42,0.20615461749911032,-0.125,0.0,0.19472898985426063
asymmetric_binary,finite_time,ML,43,0.21563751414888363,-0.125,0.0,0.19469665757700896
asymmetric_binary,finite_time,ML,44,0.21084275953378645,-0.1875,0.0,0.1946939593681613
asymmetric_binary,finite_time,ML,45,0.21084275953378645,-0.0625,0.0,0.19464806762797862
asymmetric_binary,finite_time,ML,46,0.21084275953378645,-0.125,0.0,0.19463244171380978
asymmetric_binary,finite_time,ML,47,0.21084275953378645,-0.125,0.004791244297203841,0.194633920746081
asymmetric_binary,finite_time,ML,48,0.20848551135305457,-0.125,0.0,0.19465940781735927
asymmetric_binary,finite_time,ML,49,0.21322666001735466,-0.125,0.0,0.19465568734736463
asymmetric_binary,finite_time,ML,50,0.21084275953378645,-0.15625,0.0,0.1946622941706656
asymmetric_binary,finite_time,ML,51,0.21084275953378645,-0.09375,0.0,0.1946325481355063
asymmetric_binary,finite_time,ML,52,0.21084275953378645,-0.125,0.0,0.19463244171380978
asymmetric_binary,finite_time,ML,53,0.21084275953378645,-0.125,0.0023842528255298263,0.19463392074607846
asymmetric_binary,finite_time,ML,54,0.20966082260758825,-0.125,0.0,0.19464547398140686
asymmetric_binary,finite_time,ML,55,0.21203135948305277,-0.125,0.0,0.19463681610281786
asymmetric_binary,finite_time,ML,56,0.21084275953378645,-0.140625,0.0,0.19464714443584535
asymmetric_binary,finite_time,ML,57,0.21084275953378645,-0.109375,0.0,0.19462552649158663
asymmetric_binary,finite_time,ML,58,0.21084275953378645,-0.125,0.0,0.19463244171380978
asymmetric_binary,finite_time,ML,59,0.21084275953378645,-0.125,0.0011892975554142844,0.19463392074607846
asymmetric_binary,finite_time,ML,60,0.20966082260758825,-0.109375,0.0,0.19463217483664907
asymmetric_binary,finite_time,ML,61,0.21203135948305277,-0.109375,0.0,0.19464245633936045
asymmetric_binary,finite_time,ML,62,0.21084275953378645,-0.125,0.0,0.19463244171380978
asymmetric_binary,finite_time,ML,63,0.21084275953378645,-0.09375,0.0,0.1946325481355063
asymmetric_binary,finite_time,ML,64,0.21084275953378645,-0.109375,0.0,0.19462552649158663
asymmetric_binary,finite_time,ML,65,0.21084275953378645,-0.109375,0.0011892975554142844,0.19462718426651687
asymmetric_binary,finite_time,ML,66,0.21025096053218778,-0.109375,0.0,0.1946250655143073
asymmetric_binary,finite_time,ML,67,0.2114362242878621,-0.109375,0.0,0.19463386121444695
asymmetric_binary,finite_time,ML,68,0.21084275953378645,-0.1171875,0.0,0.194625256059343
asymmetric_binary,finite_time,ML,69,0.21084275953378645,-0.1015625,0.0,0.19462897517608457
asymmetric_binary,finite_time,ML,70,0.21084275953378645,-0.109375,0.0,0.19462552649158663
asymmetric_binary,finite_time,ML,71,0.21084275953378645,-0.109375,0.0005939432405611257,0.19462718426651687
asymmetric_binary,finite_time,ML,72,0.20966082260758825,-0.109375,0.0,0.19463217483664907
asymmetric_binary,finite_time,ML,73,0.21084275953378645,-0.109375,0.0,0.19462552649158663
asymmetric_binary,finite_time,ML,74,0.21025096053218778,-0.1171875,0.0,0.19463190059666524
asymmetric_binary,finite_time,ML,75,0.21025096053218778,-0.1015625,0.0,0.19462111630991402
asymmetric_binary,finite_time,ML,76,0.21025096053218778,-0.109375,0.0,0.1946250655143073
asymmetric_binary,finite_time,ML,77,0.21025096053218778,-0.109375,0.0005939432405611257,0.19462637013919354
asymmetric_binary,finite_time,ML,78,0.20966082260758825,-0.1015625,0.0,0.1946256866062754
asymmetric_binary,finite_time,ML,79,0.21084275953378645,-0.1015625,0.0,0.19462897517608457
asymmetric_binary,finite_time,ML,80,0.21025096053218778,-0.109375,0.0,0.1946250655143073
asymmetric_binary,finite_time,ML,81,0.21025096053218778,-0.09375,0.0,0.19462490548196398
asymmetric_binary,finite_time,ML,82,0.21025096053218778,-0.1015625,0.0,0.19462111630991402
asymmetric_binary,finite_time,ML,83,0.21025096053218778,-0.1015625,0.0005939432405611257,0.19462266158105984
asymmetric_binary,finite_time,ML,84,0.20995568422696745,-0.1015625,0.0,0.19462198484398754
asymmetric_binary,finite_time,ML,85,0.21054665210645288,-0.1015625,0.0,0.1946250136608487
asymmetric_binary,finite_time,ML,86,0.21025096053218778,-0.10546875,0.0,0.19462168851829575
asymmetric_binary,finite_time,ML,87,0.21025096053218778,-0.09765625,0.0,0.19462299549578432
asymmetric_binary,finite_time,ML,88,0.21025096053218778,-0.1015625,0.0,0.19462111630991402
asymmetric_binary,finite_time,ML,89,0.21025096053218778,-0.1015625,0.00029679544520797046,0.19462266158105984
asymmetric_binary,finite_time,ML,90,0.21010327050741645,-0.1015625,0.0,0.19462015470564947
asymmetric_binary,finite_time,ML,91,0.2103987543742075,-0.1015625,0.0,0.19462305697612792
asymmetric_binary,finite_time,ML,92,0.21025096053218778,-0.103515625,0.0,0.1946201882964754
asymmetric_binary,finite_time,ML,93,0.21025096053218778,-0.099609375,0.0,0.19462205204693528
asymmetric_binary,finite_time,ML,94,0.21025096053218778,-0.1015625,0.0,0.19462111630991402
asymmetric_binary,finite_time,ML,95,0.21025096053218778,-0.1015625,0.00014835370496043423,0.19462266158105984
asymmetric_binary,finite_time,HL,0,0.1436513475921648,-2.6228267401456833,16.993588008801876,0.22316658464180805
asymmetric_binary,finite_time,HL,1,0.6057727099241978,-2.6228267401456833,16.993588008801876,0.2813807401880615
asymmetric_binary,finite_time,HL,2,0.29499163736480494,-4.622826740145683,16.993588008801876,0.17538606932287454
asymmetric_binary,finite_time,HL,3,0.29499163736480494,-0.6228267401456833,16.993588008801876,0.17742647955333515
asymmetric_binary,finite_time,HL,4,0.29499163736480494,-2.6228267401456833,9.14299138835086,0.1746505810509418
asymmetric_binary,finite_time,HL,5,0.29499163736480494,-2.6228267401456833,31.40565847170448,0.1758557704921254
asymmetric_binary,finite_time,HL,6,0.1436513475921648,-2.6228267401456833,9.14299138835086,0.2243247681052537
asymmetric_binary,finite_time,HL,7,0.6057727099241978,-2.6228267401456833,9.14299138835086,0.2720997310163019
asymmetric_binary,finite_time,HL,8,0.29499163736480494,-4.622826740145683,9.14299138835086,0.17843571761118623
asymmetric_binary,finite_time,HL,9,0.29499163736480494,-0.6228267401456833,9.14299138835086,0.17695437154524185
asymmetric_binary,finite_time,HL,10,0.29499163736480494,-2.6228267401456833,4.866585201212057,0.1752173755621564
asymmetric_binary,finite_time,HL,11,0.29499163736480494,-2.6228267401456833,16.993588008801876,0.17491101179970123
asymmetric_binary,finite_time,HL,12,0.20585418683105142,-2.6228267401456833,9.14299138835086,0.19766041084692332
asymmetric_binary,finite_time,HL,13,0.42272672445854914,-2.6228267401456833,9.14299138835086,0.2012119382653275
asymmetric_binary,finite_time,HL,14,0.29499163736480494,-3.6228267401456833,9.14299138835086,0.17606392838382107
asymmetric_binary,finite_time,HL,15,0.29499163736480494,-1.6228267401456833,9.14299138835086,0.17496508651058468
asymmetric_binary,finite_time,HL,16,0.29499163736480494,-2.6228267401456833,6.682534942771532,0.1749560805919928
asymmetric_binary,finite_time,HL,17,0.29499163736480494,-2.6228267401456833,12.476699244931742,0.17473090209013278
asymmetric_binary,finite_time,HL,18,0.24642496552032286,-2.6228267401456833,9.14299138835086,0.1830510708329523
asymmetric_binary,finite_time,HL,19,0.3531300732108328,-2.6228267401456833,9.14299138835086,0.1813434875708104
asymmetric_binary,finite_time,HL,20,0.29499163736480494,-3.1228267401456833,9.14299138835086,0.17515943100220827
asymmetric_binary,finite_time,HL,21,0.29499163736480494,-2.1228267401456833,9.14299138835086,0.17467823971497248
asymmetric_binary,finite_time,HL,22,0.29499163736480494,-2.6228267401456833,7.819525451778092,0.1748159823643986
asymmetric_binary,finite_time,HL,23,0.29499163736480494,-2.6228267401456833,10.6835161960723,0.17466111853245217
asymmetric_binary,finite_time,HL,24,0.2696169580467921,-2.6228267401456833,9.14299138835086,0.1765830518990371
asymmetric_binary,finite_time,HL,25,0.32275442444561003,-2.6228267401456833,9.14299138835086,0.1758687015842295
asymmetric_binary,finite_time,HL,26,0.29499163736480494,-2.8728267401456833,9.14299138835086,0.17491451334917624
asymmetric_binary,finite_time,HL,27,0.29499163736480494,-2.3728267401456833,9.14299138835086,0.17463285293635059
asymmetric_binary,finite_time,HL,28,0.29499163736480494,-2.6228267401456833,8.456146281600699,0.1747358890246103
asymmetric_binary,finite_time,HL,29,0.29499163736480494,-2.6228267401456833,9.884023064612677,0.17462146079699864
asymmetric_binary,finite_time,HL,30,0.2696169580467921,-2.6228267401456833,9.884023064612677,0.1765044335366877
asymmetric_binary,finite_time,HL,31,0.32275442444561003,-2.6228267401456833,9.884023064612677,0.1759341389281303
asymmetric_binary,finite_time,HL,32,0.29499163736480494,-2.8728267401456833,9.884023064612677,0.17482066631104434
asymmetric_binary,finite_time,HL,33,0.29499163736480494,-2.3728267401456833,9.884023064612677,0.1746691548130385
asymmetric_binary,finite_time,HL,34,0.29499163736480494,-2.6228267401456833,9.14299138835086,0.1746505810509418
asymmetric_binary,finite_time,HL,35,0.29499163736480494,-2.6228267401456833,10.6835161960723,0.17466111853245217
asymmetric_binary,finite_time,HL,36,0.28201905594399307,-2.6228267401456833,9.884023064612677,0.17525018319612332
asymmetric_binary,finite_time,HL,37,0.3085609439542628,-2.6228267401456833,9.884023064612677,0.17466440413217893
asymmetric_binary,finite_time,HL,38,0.29499163736480494,-2.7478267401456833,9.884023064612677,0.17469100523959186
asymmetric_binary,finite_time,HL,39,0.29499163736480494,-2.4978267401456833,9.884023064612677,0.17464629003969093
asymmetric_binary,finite_time,HL,40,0.29499163736480494,-2.6228267401456833,9.506474331194433,0.17463356231601673
asymmetric_binary,finite_time,HL,41,0.29499163736480494,-2.6228267401456833,10.27618189603015,0.17464166675707538
asymmetric_binary,finite_time,HL,42,0.28843242376854067,-2.6228267401456833,9.884023064612677,0.17475158527792892
asymmetric_binary,finite_time,HL,43,0.30170001339724495,-2.6228267401456833,9.884023064612677,0.1746369984123537
asymmetric_binary,finite_time,HL,44,0.29499163736480494,-2.6853267401456833,9.884023064612677,0.1746467711143541
asymmetric_binary,finite_time,HL,45,0.29499163736480494,-2.5603267401456833,9.884023064612677,0.1746341117179765
asymmetric_binary,finite_time,HL,46,0.29499163736480494,-2.6228267401456833,9.69345693919504,0.17462467327378592
asymmetric_binary,finite_time,HL,47,0.29499163736480494,-2.6228267401456833,10.078241385476911,0.17463165628261323
asymmetric_binary,finite_time,HL,48,0.29169359430159086,-2.6228267401456833,9.884023064612677,0.17467019057159203
asymmetric_binary,finite_time,HL,49,0.29832696985863827,-2.6228267401456833,9.884023064612677,0.17462833189241297
asymmetric_binary,finite_time,HL,50,0.29499163736480494,-2.6540767401456833,9.884023064612677,0.1746312546512811
asymmetric_binary,finite_time,HL,51,0.29499163736480494,-2.5915767401456833,9.884023064612677,0.17462784420177857
asymmetric_binary,finite_time,HL,52,0.29499163736480494,-2.6228267401456833,9.788287800406275,0.17462013424721196
asymmetric_binary,finite_time,HL,53,0.29499163736480494,-2.6228267401456833,9.980671357115828,0.17462658143513818
asymmetric_binary,finite_time,HL,54,0.29169359430159086,-2.6228267401456833,9.788287800406275,0.17467464877476646
asymmetric_binary,finite_time,HL,55,0.29832696985863827,-2.6228267401456833,9.788287800406275,0.17462322555020676
asymmetric_binary,finite_time,HL,56,0.29499163736480494,-2.6540767401456833,9.788287800406275,0.17463583767758512
asymmetric_binary,finite_time,HL,57,0.29499163736480494,-2.5915767401456833,9.788287800406275,0.1746227757471196
asymmetric_binary,finite_time,HL,58,0.29499163736480494,-2.6228267401456833,9.69345693919504,0.17462467327378592
asymmetric_binary,finite_time,HL,59,0.29499163736480494,-2.6228267401456833,9.884023064612677,0.17462146079699864
asymmetric_binary,finite_time,HL,60,0.2933379808205058,-2.6228267401456833,9.788287800406275,0.17464723498160353
asymmetric_binary,finite_time,HL,61,0.2966546161931085,-2.6228267401456833,9.788287800406275,0.1746195353940608
asymmetric_binary,finite_time,HL,62,0.29499163736480494,-2.6384517401456833,9.788287800406275,0.17462801194091454
asymmetric_binary,finite_time,HL,63,0.29499163736480494,-2.6072017401456833,9.788287800406275,0.17461954964746135
asymmetric_binary,finite_time,HL,64,0.29499163736480494,-2.6228267401456833,9.740759855315645,0.17462241162143863
asymmetric_binary,finite_time,HL,65,0.29499163736480494,-2.6228267401456833,9.836041844972552,0.17461888345485188
asymmetric_binary,finite_time,HL,66,0.2933379808205058,-2.6228267401456833,9.836041844972552,0.1746449779915753
asymmetric_binary,finite_time,HL,67,0.2966546161931085,-2.6228267401456833,9.836041844972552,0.17462210943631182
asymmetric_binary,finite_time,HL,68,0.29499163736480494,-2.6384517401456833,9.836041844972552,0.17462572354143446
asymmetric_binary,finite_time,HL,69,0.29499163736480494,-2.6072017401456833,9.836041844972552,0.1746221138722785
asymmetric_binary,finite_time,HL,70,0.29499163736480494,-2.6228267401456833,9.788287800406275,0.17462013424721196
asymmetric_binary,finite_time,HL,71,0.29499163736480494,-2.6228267401456833,9.884023064612677,0.17462146079699864
asymmetric_binary,finite_time,HL,72,0.29416364708020387,-2.6228267401456833,9.836041844972552,0.17463137049433936
asymmetric_binary,finite_time,HL,73,0.2958219582158039,-2.6228267401456833,9.836041844972552,0.17462044033071655
asymmetric_binary,finite_time,HL,74,0.29499163736480494,-2.6306392401456833,9.836041844972552,0.17462178885689061
asymmetric_binary,finite_time,HL,75,0.29499163736480494,-2.6150142401456833,9.836041844972552,0.17462050223342684
asymmetric_binary,finite_time,HL,76,0.29499163736480494,-2.6228267401456833,9.812136493149712,0.1746189896702499
asymmetric_binary,finite_time,HL,77,0.29499163736480494,-2.6228267401456833,9.8600039904839,0.17462017353824785
asymmetric_binary,finite_time,HL,78,0.294577351310979,-2.6228267401456833,9.836041844972552,0.174624596058389
asymmetric_binary,finite_time,HL,79,0.2954065060599426,-2.6228267401456833,9.836041844972552,0.17461964786727852
asymmetric_binary,finite_time,HL,80,0.29499163736480494,-2.6267329901456833,9.836041844972552,0.17461981664114581
asymmetric_binary,finite_time,HL,81,0.29499163736480494,-2.6189204901456833,9.836041844972552,0.17461969373443237
asymmetric_binary,finite_time,HL,82,0.29499163736480494,-2.6228267401456833,9.824082078270623,0.17461841591036228
asymmetric_binary,finite_time,HL,83,0.29499163736480494,-2.6228267401456833,9.848015810091612,0.1746195288491567
asymmetric_binary,finite_time,HL,84,0.294577351310979,-2.6228267401456833,9.824082078270623,0.174625168526936
asymmetric_binary,finite_time,HL,85,0.2954065060599426,-2.6228267401456833,9.824082078270623,0.17461900267127525
asymmetric_binary,finite_time,HL,86,0.29499163736480494,-2.6267329901456833,9.824082078270623,0.1746203910928467
asymmetric_binary,finite_time,HL,87,0.29499163736480494,-2.6189204901456833,9.824082078270623,0.1746190491596748
asymmetric_binary,finite_time,HL,88,0.29499163736480494,-2.6228267401456833,9.812136493149712,0.1746189896702499
asymmetric_binary,finite_time,HL,89,0.29499163736480494,-2.6228267401456833,9.836041844972552,0.17461888345485188
asymmetric_binary,finite_time,HL,90,0.2947844215588963,-2.6228267401456833,9.824082078270623,0.17462178977392215
asymmetric_binary,finite_time,HL,91,0.2951989988310235,-2.6228267401456833,9.824082078270623,0.1746186165068527
asymmetric_binary,finite_time,HL,92,0.29499163736480494,-2.6247798651456833,9.824082078270623,0.17461940390904274
asymmetric_binary,finite_time,HL,93,0.29499163736480494,-2.6208736151456833,9.824082078270623,0.17461864348028985
asymmetric_binary,finite_time,HL,94,0.29499163736480494,-2.6228267401456833,9.81810751406402,0.1746187029128914
asymmetric_binary,finite_time,HL,95,0.29499163736480494,-2.6228267401456833,9.830060187872169,0.1746185604935414
broad_binary,size_only,LL,0,0.05724457814359136,0.0,0.0,0.1750158264219836
broad_binary,size_only,LL,1,0.2413983844339672,0.0,0.0,0.22728575097599282
broad_binary,size_only,LL,2,0.08203220005767851,0.0,0.0,0.1348337620312972
broad_binary,size_only,LL,3,0.16845517579378216,0.0,0.0,0.1417112213231077
broad_binary,size_only,LL,4,0.0981995187076779,0.0,0.0,0.11661563689732275
broad_binary,size_only,LL,5,0.14072114469932223,0.0,0.0,0.11989195407732263
broad_binary,size_only,LL,6,0.10744144961010312,0.0,0.0,0.11329912808718554
broad_binary,size_only,LL,7,0.12861655098301572,0.0,0.0,0.11399102343385656
broad_binary,size_only,LL,8,0.11238364384719719,0.0,0.0,0.11236198775053044
broad_binary,size_only,LL,9,0.12296049681620622,0.0,0.0,0.11277542541775504
broad_binary,size_only,LL,10,0.11493934932263913,0.0,0.0,0.11208127372985871
broad_binary,size_only,LL,11,0.12022643909943485,0.0,0.0,0.11229751995690819
broad_binary,size_only,LL,12,0.11623891479520802,0.0,0.0,0.1120092850904465
broad_binary,size_only,LL,13,0.11888229261098215,0.0,0.0,0.11209498385706601
broad_binary,size_only,LL,14,0.11689419728408199,0.0,0.0,0.11198577444668781
broad_binary,size_only,LL,15,0.11821586530838606,0.0,0.0,0.11201198431876008
broad_binary,size_only,LL,16,0.11623891479520802,0.0,0.0,0.1120092850904465
broad_binary,size_only,LL,17,0.11755317384684662,0.0,0.0,0.1119931842477723
broad_binary,size_only,LL,18,0.1165660955773961,0.0,0.0,0.11199578532177001
broad_binary,size_only,LL,19,0.11722322250741649,0.0,0.0,0.11198933698557881
broad_binary,size_only,LL,20,0.11673003115333815,0.0,0.0,0.11198912962860796
broad_binary,size_only,LL,21,0.11705859429387397,0.0,0.0,0.11198752017316892
broad_binary,size_only,LL,22,0.11681208537910513,0.0,0.0,0.1119858253729859
broad_binary,size_only,LL,23,0.11697636690881374,0.0,0.0,0.11198663843014853
broad_binary,size_only,LL,24,0.11685313411915892,0.0,0.0,0.11198534911105473
broad_binary,size_only,LL,25,0.11693527487894333,0.0,0.0,0.11198620421922019
broad_binary,size_only,LL,26,0.11681208537910513,0.0,0.0,0.1119858253729859
broad_binary,size_only,LL,27,0.11689419728408199,0.0,0.0,0.11198577444668781
broad_binary,size_only,LL,28,0.11683260794634011,0.0,0.0,0.11198513810660693
broad_binary,size_only,LL,29,0.11687366389819502,0.0,0.0,0.11198556122435244
broad_binary,size_only,LL,30,0.11681208537910513,0.0,0.0,0.1119858253729859
broad_binary,size_only,LL,31,0.11685313411915892,0.0,0.0,0.11198534911105473
broad_binary,size_only,LL,32,0.11682234621206422,0.0,0.0,0.11198541344775859
broad_binary,size_only,LL,33,0.11684287058201195,0.0,0.0,0.11198524347023625
broad_binary,size_only,LL,34,0.11682747696653262,0.0,0.0,0.11198520757740046
broad_binary,size_only,LL,35,0.11683773915149659,0.0,0.0,0.11198519075377447
broad_binary,size_only,LL,36,0.11683004242826836,0.0,0.0,0.11198511180900775
broad_binary,size_only,LL,37,0.11683517352074911,0.0,0.0,0.11198516442152913
broad_binary,size_only,LL,38,0.11682747696653262,0.0,0.0,0.11198520757740046
broad_binary,size_only,LL,39,0.11683260794634011,0.0,0.0,0.11198513810660693
broad_binary,size_only,LL,40,0.11682875969035857,0.0,0.0,0.11198515611942134
broad_binary,size_only,LL,41,0.11683132518026215,0.0,0.0,0.111985124955642
broad_binary,size_only,LL,42,0.11682940105755298,0.0,0.0,0.11198513039187337
broad_binary,size_only,LL,43,0.11683068380250475,0.0,0.0,0.11198511838178357
broad_binary,size_only,LL,44,0.11682972174247054,0.0,0.0,0.11198511752845983
broad_binary,size_only,LL,45,0.11683036311494643,0.0,0.0,0.11198511509526027
broad_binary,size_only,LL,46,0.11682988208525942,0.0,0.0,0.11198511109684323
broad_binary,size_only,LL,47,0.11683020277149736,0.0,0.0,0.11198511345210013
broad_binary,size_only,LL,48,0.11682972174247054,0.0,0.0,0.11198511752845983
broad_binary,size_only,LL,49,0.11683004242826836,0.0,0.0,0.11198511180900775
broad_binary,size_only,LL,50,0.11682980191383747,0.0,0.0,0.11198511431264399
broad_binary,size_only,LL,51,0.11682996225673638,0.0,0.0,0.11198511098748681
broad_binary,size_only,LL,52,0.11682988208525942,0.0,0.0,0.11198511109684323
broad_binary,size_only,LL,53,0.11683004242826836,0.0,0.0,0.11198511180900775
broad_binary,size_only,LL,54,0.11682992217099103,0.0,0.0,0.11198511057673277
broad_binary,size_only,LL,55,0.11683000234249549,0.0,0.0,0.11198511139824516
broad_binary,size_only,LL,56,0.11682988208525942,0.0,0.0,0.11198511109684323
broad_binary,size_only,LL,57,0.11682996225673638,0.0,0.0,0.11198511098748681
broad_binary,size_only,LL,58,0.11682990212812351,0.0,0.0,0.11198511037135735
broad_binary,size_only,LL,59,0.11682994221386199,0.0,0.0,0.11198511078210925
broad_binary,size_only,LL,60,0.11682988208525942,0.0,0.0,0.11198511109684323
broad_binary,size_only,LL,61,0.11682992217099103,0.0,0.0,0.11198511057673277
broad_binary,size_only,LL,62,0.11682989210669104,0.0,0.0,0.1119851106948691
broad_binary,size_only,LL,63,0.11682991214955683,0.0,0.0,0.11198511047404494
broad_binary,size_only,LL,64,0.11682989711740716,0.0,0.0,0.11198511049388221
broad_binary,size_only,LL,65,0.11682990713884006,0.0,0.0,0.11198511042270112
broad_binary,size_only,LL,66,0.11682989962276531,0.0,0.0,0.11198511039338875
broad_binary,size_only,LL,67,0.11682990463348175,0.0,0.0,0.11198511039702921
broad_binary,size_only,LL,68,0.1168299008754444,0.0,0.0,0.11198511035852143
broad_binary,size_only,LL,69,0.11682990338080262,0.0,0.0,0.11198511038419326
broad_binary,size_only,LL,70,0.11682989962276531,0.0,0.0,0.11198511039338875
broad_binary,size_only,LL,71,0.11682990212812351,0.0,0.0,0.11198511037135735
broad_binary,size_only,LL,72,0.11682990024910485,0.0,0.0,0.11198511036826533
broad_binary,size_only,LL,73,0.11682990150178395,0.0,0.0,0.11198511036493933
broad_binary,size_only,LL,74,0.11682990056227463,0.0,0.0,0.11198511035570372
broad_binary,size_only,LL,75,0.11682990118861418,0.0,0.0,0.1119851103617304
broad_binary,size_only,LL,76,0.11682990024910485,0.0,0.0,0.11198511036826533
broad_binary,size_only,LL,77,0.1168299008754444,0.0,0.0,0.11198511035852143
broad_binary,size_only,LL,78,0.11682990040568973,0.0,0.0,0.11198511036198458
broad_binary,size_only,LL,79,0.11682990071885951,0.0,0.0,0.11198511035691688
broad_binary,size_only,LL,80,0.11682990048398217,0.0,0.0,0.11198511035884412
broad_binary,size_only,LL,81,0.11682990064056707,0.0,0.0,0.11198511035611466
broad_binary,size_only,LL,82,0.1168299005231284,0.0,0.0,0.11198511035727393
broad_binary,size_only,LL,83,0.11682990060142084,0.0,0.0,0.11198511035571349
broad_binary,size_only,LL,84,0.11682990054270151,0.0,0.0,0.11198511035648884
broad_binary,size_only,LL,85,0.11682990058184774,0.0,0.0,0.11198511035551297
broad_binary,size_only,LL,86,0.11682990055248807,0.0,0.0,0.11198511035609628
broad_binary,size_only,LL,87,0.11682990057206118,0.0,0.0,0.1119851103554127
broad_binary,size_only,LL,88,0.11682990055738135,0.0,0.0,0.11198511035590003
broad_binary,size_only,LL,89,0.1168299005671679,0.0,0.0,0.11198511035550748
broad_binary,size_only,LL,90,0.11682990055982799,0.0,0.0,0.11198511035580185
broad_binary,size_only,LL,91,0.11682990056472126,0.0,0.0,0.11198511035560557
broad_binary,size_only,LL,92,0.1168299005610513,0.0,0.0,0.11198511035575281
broad_binary,size_only,LL,93,0.11682990056349794,0.0,0.0,0.11198511035565464
broad_binary,size_only,LL,94,0.11682990056166297,0.0,0.0,0.11198511035572825
broad_binary,size_only,LL,95,0.11682990056288628,0.0,0.0,0.1119851103556791
broad_binary,size_only,ML,0,0.05167990501129575,0.0,0.0,0.22941697298656197
broad_binary,size_only,ML,1,0.2179323524078468,0.0,0.0,0.2845223032067432
broad_binary,size_only,ML,2,0.07405795350983901,0.0,0.0,0.20942379306756262
broad_binary,size_only,ML,3,0.15207986094065423,0.0,0.0,0.21662224104452726
broad_binary,size_only,ML,4,0.08865366753577698,0.0,0.0,0.1983422922981623
broad_binary,size_only,ML,5,0.12704181997637695,0.0,0.0,0.2002235643139342
broad_binary,size_only,ML,6,0.0969972020092119,0.0,0.0,0.19451387873627962
broad_binary,size_only,ML,7,0.1161138985251979,0.0,0.0,0.19532180763894527
broad_binary,size_only,ML,8,0.10145897178729854,0.0,0.0,0.19403505751954322
broad_binary,size_only,ML,9,0.11100766223944439,0.0,0.0,0.194135782351686
broad_binary,size_only,ML,10,0.10376624036173687,0.0,0.0,0.19388473035346354
broad_binary,size_only,ML,11,0.10853937881976891,0.0,0.0,0.1938921168858138
broad_binary,size_only,ML,12,0.10493947671627604,0.0,0.0,0.19381222656767266
broad_binary,size_only,ML,13,0.10732589511358705,0.0,0.0,0.19377650482149103
broad_binary,size_only,ML,14,0.10553106002213299,0.0,0.0,0.19377665431276606
broad_binary,size_only,ML,15,0.10672425036727222,0.0,0.0,0.1937333739015355
broad_binary,size_only,ML,16,0.1061259783056239,0.0,0.0,0.19374154063315574
broad_binary,size_only,ML,17,0.10732589511358705,0.0,0.0,0.19377650482149103
broad_binary,size_only,ML,18,0.10642469393501258,0.0,0.0,0.19373478318015094
broad_binary,size_only,ML,19,0.10702464996903313,0.0,0.0,0.19374822208434425
broad_binary,size_only,ML,20,0.10657436690302505,0.0,0.0,0.19373405913818081
broad_binary,size_only,ML,21,0.10687434462379063,0.0,0.0,0.19373577814894866
broad_binary,size_only,ML,22,0.10664928230462677,0.0,0.0,0.1937337116649907
broad_binary,size_only,ML,23,0.10679927112797898,0.0,0.0,0.19373304585620077
broad_binary,size_only,ML,24,0.10672425036727222,0.0,0.0,0.1937333739015355
broad_binary,size_only,ML,25,0.10687434462379063,0.0,0.0,0.19373577814894866
broad_binary,size_only,ML,26,0.10676175415805332,0.0,0.0,0.19373320866357957
broad_binary,size_only,ML,27,0.10683680128168045,0.0,0.0,0.1937339492713407
broad_binary,size_only,ML,28,0.10678051099533367,0.0,0.0,0.19373312695600262
broad_binary,size_only,ML,29,0.10681803455656823,0.0,0.0,0.19373303597245867
broad_binary,size_only,ML,30,0.10679927112797898,0.0,0.0,0.19373304585620077
broad_binary,size_only,ML,31,0.10683680128168045,0.0,0.0,0.1937339492713407
broad_binary,size_only,ML,32,0.10680865243024443,0.0,0.0,0.19373300553425638
broad_binary,size_only,ML,33,0.10682741750702276,0.0,0.0,0.19373349252692074
broad_binary,size_only,ML,34,0.10679927112797898,0.0,0.0,0.19373304585620077
broad_binary,size_only,ML,35,0.10681803455656823,0.0,0.0,0.19373303597245867
broad_binary,size_only,ML,36,0.10680396167610894,0.0,0.0,0.19373302567623055
broad_binary,size_only,ML,37,0.1068133433903945,0.0,0.0,0.1937329854302805
broad_binary,size_only,ML,38,0.10680865243024443,0.0,0.0,0.19373300553425638
broad_binary,size_only,ML,39,0.10681803455656823,0.0,0.0,0.19373303597245867
broad_binary,size_only,ML,40,0.10681099788456708,0.0,0.0,0.1937329954775186
broad_binary,size_only,ML,41,0.10681568894772785,0.0,0.0,0.1937329753925425
broad_binary,size_only,ML,42,0.1068133433903945,0.0,0.0,0.1937329854302805
broad_binary,size_only,ML,43,0.10681803455656823,0.0,0.0,0.19373303597245867
broad_binary,size_only,ML,44,0.10681451616262286,0.0,0.0,0.19373298041022396
broad_binary,size_only,ML,45,0.10681686174570958,0.0,0.0,0.19373297891650643
broad_binary,size_only,ML,46,0.10681510255356577,0.0,0.0,0.19373297790108635
broad_binary,size_only,ML,47,0.10681627534510911,0.0,0.0,0.19373297288459237
broad_binary,size_only,ML,48,0.10681568894772785,0.0,0.0,0.1937329753925425
broad_binary,size_only,ML,49,0.10681686174570958,0.0,0.0,0.19373297891650643
broad_binary,size_only,ML,50,0.10681598214601608,0.0,0.0,0.19373297413849316
broad_binary,size_only,ML,51,0.10681656854500694,0.0,0.0,0.19373297163084005
broad_binary,size_only,ML,52,0.10681627534510911,0.0,0.0,0.19373297288459237
broad_binary,size_only,ML,53,0.10681686174570958,0.0,0.0,0.19373297891650643
broad_binary,size_only,ML,54,0.10681642194495743,0.0,0.0,0.19373297225769753
broad_binary,size_only,ML,55,0.10681671514525766,0.0,0.0,0.19373297178472107
broad_binary,size_only,ML,56,0.10681649524495704,0.0,0.0,0.19373297194426423
broad_binary,size_only,ML,57,0.10681664184510715,0.0,0.0,0.19373297131742512
broad_binary,size_only,ML,58,0.10681656854500694,0.0,0.0,0.19373297163084005
broad_binary,size_only,ML,59,0.10681671514525766,0.0,0.0,0.19373297178472107
broad_binary,size_only,ML,60,0.10681660519505076,0.0,0.0,0.19373297147413138
broad_binary,size_only,ML,61,0.10681667849517612,0.0,0.0,0.19373297116072113
broad_binary,size_only,ML,62,0.10681664184510715,0.0,0.0,0.19373297131742512
broad_binary,size_only,ML,63,0.10681671514525766,0.0,0.0,0.19373297178472107
broad_binary,size_only,ML,64,0.10681666017014006,0.0,0.0,0.19373297123907282
broad_binary,size_only,ML,65,0.10681669682021531,0.0,0.0,0.19373297108237003
broad_binary,size_only,ML,66,0.10681667849517612,0.0,0.0,0.19373297116072113
broad_binary,size_only,ML,67,0.10681671514525766,0.0,0.0,0.19373297178472107
broad_binary,size_only,ML,68,0.10681668765769532,0.0,0.0,0.19373297112154547
broad_binary,size_only,ML,69,0.1068167059827361,0.0,0.0,0.19373297133898604
broad_binary,size_only,ML,70,0.10681669223895522,0.0,0.0,0.1937329711019577
broad_binary,size_only,ML,71,0.1068167014014756,0.0,0.0,0.1937329711161186
broad_binary,size_only,ML,72,0.10681669452958524,0.0,0.0,0.19373297109216392
broad_binary,size_only,ML,73,0.10681669911084544,0.0,0.0,0.1937329710725762
broad_binary,size_only,ML,74,0.10681669682021531,0.0,0.0,0.19373297108237003
broad_binary,size_only,ML,75,0.1068167014014756,0.0,0.0,0.1937329711161186
broad_binary,size_only,ML,76,0.10681669796553037,0.0,0.0,0.1937329710774731
broad_binary,size_only,ML,77,0.10681670025616052,0.0,0.0,0.19373297106767925
broad_binary,size_only,ML,78,0.10681669911084544,0.0,0.0,0.1937329710725762
broad_binary,size_only,ML,79,0.1068167014014756,0.0,0.0,0.1937329711161186
broad_binary,size_only,ML,80,0.10681669968350298,0.0,0.0,0.1937329710701277
broad_binary,size_only,ML,81,0.10681670082881806,0.0,0.0,0.19373297108826015
broad_binary,size_only,ML,82,0.10681669996983174,0.0,0.0,0.1937329710689035
broad_binary,size_only,ML,83,0.10681670054248929,0.0,0.0,0.1937329710743309
broad_binary,size_only,ML,84,0.10681670011299613,0.0,0.0,0.19373297106829138
broad_binary,size_only,ML,85,0.10681670039932491,0.0,0.0,0.19373297106736637
broad_binary,size_only,ML,86,0.10681670018457833,0.0,0.0,0.19373297106798523
broad_binary,size_only,ML,87,0.10681670032774271,0.0,0.0,0.19373297106737314
broad_binary,size_only,ML,88,0.10681670022036942,0.0,0.0,0.19373297106783222
broad_binary,size_only,ML,89,0.10681670029195162,0.0,0.0,0.19373297106752613
broad_binary,size_only,ML,90,0.10681670023826496,0.0,0.0,0.19373297106775572
broad_binary,size_only,ML,91,0.10681670027405607,0.0,0.0,0.19373297106760273
broad_binary,size_only,ML,92,0.10681670024721274,0.0,0.0,0.19373297106771759
broad_binary,size_only,ML,93,0.1068167002651083,0.0,0.0,0.19373297106764092
broad_binary,size_only,ML,94,0.10681670025168663,0.0,0.0,0.19373297106769843
broad_binary,size_only,ML,95,0.1068167002606344,0.0,0.0,0.19373297106766005
broad_binary,size_only,HL,0,0.058813165277146494,0.0,0.0,0.24272247444517409
broad_binary,size_only,HL,1,0.2480130615293998,0.0,0.0,0.28887258497545454
broad_binary,size_only,HL,2,0.08428000513757498,0.0,0.0,0.21728032535791253
broad_binary,size_only,HL,3,0.17307109977994709,0.0,0.0,0.22118201124100345
broad_binary,size_only,HL,4,0.10089033252029422,0.0,0.0,0.20607105297955725
broad_binary,size_only,HL,5,0.14457711471696866,0.0,0.0,0.20744884886036752
broad_binary,size_only,HL,6,0.11038550616417848,0.0,0.0,0.20383279449225536
broad_binary,size_only,HL,7,0.1321408370128322,0.0,0.0,0.2032812784372739
broad_binary,size_only,HL,8,0.1154631239215995,0.0,0.0,0.20306011931905033
broad_binary,size_only,HL,9,0.12632979849500706,0.0,0.0,0.20289447070639233
broad_binary,size_only,HL,10,0.11808885955283854,0.0,0.0,0.20276181974323387
broad_binary,size_only,HL,11,0.12352082350404131,0.0,0.0,0.20280777553595694
broad_binary,size_only,HL,12,0.11942403506474375,0.0,0.0,0.20274309267720053
broad_binary,size_only,HL,13,0.12213984538968142,0.0,0.0,0.2027637198803631
broad_binary,size_only,HL,14,0.12009727327473968,0.0,0.0,0.20273486779053213
broad_binary,size_only,HL,15,0.1214551569813841,0.0,0.0,0.20274155432007296
broad_binary,size_only,HL,16,0.12043531428172873,0.0,0.0,0.2027306981504809
broad_binary,size_only,HL,17,0.12111425345308877,0.0,0.0,0.202730441805781
broad_binary,size_only,HL,18,0.12060469142791123,0.0,0.0,0.20272859850333974
broad_binary,size_only,HL,19,0.12094416067834649,0.0,0.0,0.20272487868954148
broad_binary,size_only,HL,20,0.12077430678178075,0.0,0.0,0.2027264887679293
broad_binary,size_only,HL,21,0.12111425345308877,0.0,0.0,0.202730441805781
broad_binary,size_only,HL,22,0.12085920389127013,0.0,0.0,0.2027254300691023
broad_binary,size_only,HL,23,0.1210291771849596,0.0,0.0,0.20272766080232069
broad_binary,size_only,HL,24,0.12090167482248876,0.0,0.0,0.2027248997534704
broad_binary,size_only,HL,25,0.12098666146408794,0.0,0.0,0.20272626988333114
broad_binary,size_only,HL,26,0.12092291588450998,0.0,0.0,0.20272463435304225
broad_binary,size_only,HL,27,0.12096540920465389,0.0,0.0,0.20272557432062838
broad_binary,size_only,HL,28,0.12090167482248876,0.0,0.0,0.2027248997534704
broad_binary,size_only,HL,29,0.12094416067834649,0.0,0.0,0.20272487868954148
broad_binary,size_only,HL,30,0.12091229488706344,0.0,0.0,0.20272476707350562
broad_binary,size_only,HL,31,0.12093353781491036,0.0,0.0,0.20272453084845218
broad_binary,size_only,HL,32,0.12092291588450998,0.0,0.0,0.20272463435304225
broad_binary,size_only,HL,33,0.12094416067834649,0.0,0.0,0.20272487868954148
broad_binary,size_only,HL,34,0.12092822673308581,0.0,0.0,0.20272456797761187
broad_binary,size_only,HL,35,0.12093884912999382,0.0,0.0,0.20272470477112145
broad_binary,size_only,HL,36,0.12093088224484136,0.0,0.0,0.202724534786095
broad_binary,size_only,HL,37,0.12093619344329408,0.0,0.0,0.20272461781031767
broad_binary,size_only,HL,38,0.1209322100225866,0.0,0.0,0.2027245181893858
broad_binary,size_only,HL,39,0.1209348656218128,0.0,0.0,0.20272457432951754
broad_binary,size_only,HL,40,0.12093088224484136,0.0,0.0,0.202724534786095
broad_binary,size_only,HL,41,0.12093353781491036,0.0,0.0,0.20272453084845218
broad_binary,size_only,HL,42,0.12093154613189167,0.0,0.0,0.20272452648781966
broad_binary,size_only,HL,43,0.12093287391692614,0.0,0.0,0.20272450989079355
broad_binary,size_only,HL,44,0.1209322100225866,0.0,0.0,0.2027245181893858
broad_binary,size_only,HL,45,0.12093353781491036,0.0,0.0,0.20272453084845218
broad_binary,size_only,HL,46,0.1209325419693008,0.0,0.0,0.20272451404010938
broad_binary,size_only,HL,47,0.12093320586546266,0.0,0.0,0.20272451997814434
broad_binary,size_only,HL,48,0.12093270794299957,0.0,0.0,0.20272451196545643
broad_binary,size_only,HL,49,0.12093303989108051,0.0,0.0,0.20272451454298418
broad_binary,size_only,HL,50,0.12093279092993439,0.0,0.0,0.20272451092812616
broad_binary,size_only,HL,51,0.12093295690397486,0.0,0.0,0.2027245118254027
broad_binary,size_only,HL,52,0.12093283242342315,0.0,0.0,0.20272451040946024
broad_binary,size_only,HL,53,0.12093291541044339,0.0,0.0,0.20272451046661144
broad_binary,size_only,HL,54,0.12093285317017287,0.0,0.0,0.20272451015012688
broad_binary,size_only,HL,55,0.12093289466368298,0.0,0.0,0.2027245097872157
broad_binary,size_only,HL,56,0.12093287391692614,0.0,0.0,0.20272450989079355
broad_binary,size_only,HL,57,0.12093291541044339,0.0,0.0,0.20272451046661144
broad_binary,size_only,HL,58,0.12093288429030412,0.0,0.0,0.2027245097611267
broad_binary,size_only,HL,59,0.12093290503706274,0.0,0.0,0.20272451012691356
broad_binary,size_only,HL,60,0.12093287391692614,0.0,0.0,0.20272450989079355
broad_binary,size_only,HL,61,0.12093289466368298,0.0,0.0,0.2027245097872157
broad_binary,size_only,HL,62,0.12093287910361503,0.0,0.0,0.20272450982596016
broad_binary,size_only,HL,63,0.12093288947699345,0.0,0.0,0.20272450969629335
broad_binary,size_only,HL,64,0.12093288429030412,0.0,0.0,0.2027245097611267
broad_binary,size_only,HL,65,0.12093289466368298,0.0,0.0,0.2027245097872157
broad_binary,size_only,HL,66,0.12093288688364875,0.0,0.0,0.20272450972871003
broad_binary,size_only,HL,67,0.12093289207033818,0.0,0.0,0.20272450970229125
broad_binary,size_only,HL,68,0.1209328881803211,0.0,0.0,0.20272450971250167
broad_binary,size_only,HL,69,0.12093289077366581,0.0,0.0,0.20272450968008504
broad_binary,size_only,HL,70,0.12093288947699345,0.0,0.0,0.20272450969629335
broad_binary,size_only,HL,71,0.12093289207033818,0.0,0.0,0.20272450970229125
broad_binary,size_only,HL,72,0.12093289012532962,0.0,0.0,0.20272450968818914
broad_binary,size_only,HL,73,0.12093289142200199,0.0,0.0,0.20272450968106018
broad_binary,size_only,HL,74,0.12093289044949772,0.0,0.0,0.20272450968413708
broad_binary,size_only,HL,75,0.1209328910978339,0.0,0.0,0.2027245096760329
broad_binary,size_only,HL,76,0.12093289077366581,0.0,0.0,0.20272450968008504
broad_binary,size_only,HL,77,0.12093289142200199,0.0,0.0,0.20272450968106018
broad_binary,size_only,HL,78,0.12093289093574985,0.0,0.0,0.20272450967805902
broad_binary,size_only,HL,79,0.12093289125991795,0.0,0.0,0.20272450967575242
broad_binary,size_only,HL,80,0.12093289101679187,0.0,0.0,0.20272450967704594
broad_binary,size_only,HL,81,0.12093289117887593,0.0,0.0,0.20272450967501987
broad_binary,size_only,HL,82,0.1209328910978339,0.0,0.0,0.2027245096760329
broad_binary,size_only,HL,83,0.12093289125991795,0.0,0.0,0.20272450967575242
broad_binary,size_only,HL,84,0.12093289113835491,0.0,0.0,0.20272450967552638
broad_binary,size_only,HL,85,0.12093289121939693,0.0,0.0,0.20272450967451333
broad_binary,size_only,HL,86,0.12093289115861541,0.0,0.0,0.2027245096752731
broad_binary,size_only,HL,87,0.12093289119913643,0.0,0.0,0.20272450967476663
broad_binary,size_only,HL,88,0.12093289116874567,0.0,0.0,0.20272450967514644
broad_binary,size_only,HL,89,0.12093289118900617,0.0,0.0,0.2027245096748933
broad_binary,size_only,HL,90,0.1209328911738108,0.0,0.0,0.2027245096750832
broad_binary,size_only,HL,91,0.12093289118394104,0.0,0.0,0.20272450967495653
broad_binary,size_only,HL,92,0.12093289117634336,0.0,0.0,0.20272450967505162
broad_binary,size_only,HL,93,0.12093289118140849,0.0,0.0,0.20272450967498823
broad_binary,size_only,HL,94,0.12093289117760964,0.0,0.0,0.20272450967503575
broad_binary,size_only,HL,95,0.12093289118014221,0.0,0.0,0.20272450967500405
broad_binary,instantaneous,LL,0,0.05654441412123512,0.3661205917596817,0.0,0.18017858933574143
broad_binary,instantaneous,LL,1,0.238445817233426,0.3661205917596817,0.0,0.20871892060692088
broad_binary,instantaneous,LL,2,0.11611536950431318,-1.6338794082403183,0.0,0.14076578480350657
broad_binary,instantaneous,LL,3,0.11611536950431318,2.3661205917596817,0.0,0.13182703695601758
broad_binary,instantaneous,LL,4,0.08102885621241436,0.3661205917596817,0.0,0.14123975790231225
broad_binary,instantaneous,LL,5,0.16639478409739047,0.3661205917596817,0.0,0.13123712903911974
broad_binary,instantaneous,LL,6,0.11611536950431318,-0.6338794082403183,0.0,0.11886687604399637
broad_binary,instantaneous,LL,7,0.11611536950431318,1.3661205917596817,0.0,0.11879706130415625
broad_binary,instantaneous,LL,8,0.09699843081007216,0.3661205917596817,0.0,0.1205959331748692
broad_binary,instantaneous,LL,9,0.1389999706440937,0.3661205917596817,0.0,0.11395166752107326
broad_binary,instantaneous,LL,10,0.11611536950431318,-0.1338794082403183,0.0,0.1130110679074878
broad_binary,instantaneous,LL,11,0.11611536950431318,0.8661205917596817,0.0,0.11255166616485943
broad_binary,instantaneous,LL,12,0.10612732275361554,0.3661205917596817,0.0,0.1140749397156916
broad_binary,instantaneous,LL,13,0.12704342939494204,0.3661205917596817,0.0,0.11030812873222189
broad_binary,instantaneous,LL,14,0.11611536950431318,0.1161205917596817,0.0,0.11152447307460647
broad_binary,instantaneous,LL,15,0.11611536950431318,0.6161205917596817,0.0,0.11150573796748564
broad_binary,instantaneous,LL,16,0.11611536950431318,0.3661205917596817,0.0,0.11121375314178514
broad_binary,instantaneous,LL,17,0.1389999706440937,0.3661205917596817,0.0,0.11395166752107326
broad_binary,instantaneous,LL,18,0.12704342939494204,0.1161205917596817,0.0,0.1123844127413815
broad_binary,instantaneous,LL,19,0.12704342939494204,0.6161205917596817,0.0,0.10958225670488056
broad_binary,instantaneous,LL,20,0.11611536950431318,0.6161205917596817,0.0,0.11150573796748564
broad_binary,instantaneous,LL,21,0.1389999706440937,0.6161205917596817,0.0,0.11145694173660656
broad_binary,instantaneous,LL,22,0.12704342939494204,0.3661205917596817,0.0,0.11030812873222189
broad_binary,instantaneous,LL,23,0.12704342939494204,0.8661205917596817,0.0,0.10969770909087895
broad_binary,instantaneous,LL,24,0.12145655497867877,0.6161205917596817,0.0,0.11036351619845414
broad_binary,instantaneous,LL,25,0.1328872941872997,0.6161205917596817,0.0,0.10959698983804833
broad_binary,instantaneous,LL,26,0.12704342939494204,0.4911205917596817,0.0,0.10979999860196776
broad_binary,instantaneous,LL,27,0.12704342939494204,0.7411205917596817,0.0,0.10955890644389493
broad_binary,instantaneous,LL,28,0.12145655497867877,0.7411205917596817,0.0,0.11051082838150475
broad_binary,instantaneous,LL,29,0.1328872941872997,0.7411205917596817,0.0,0.10921531896134981
broad_binary,instantaneous,LL,30,0.12704342939494204,0.6161205917596817,0.0,0.10958225670488056
broad_binary,instantaneous,LL,31,0.12704342939494204,0.8661205917596817,0.0,0.10969770909087895
broad_binary,instantaneous,LL,32,0.12704342939494204,0.7411205917596817,0.0,0.10955890644389493
broad_binary,instantaneous,LL,33,0.1389999706440937,0.7411205917596817,0.0,0.1105985395917377
broad_binary,instantaneous,LL,34,0.1328872941872997,0.6161205917596817,0.0,0.10959698983804833
broad_binary,instantaneous,LL,35,0.1328872941872997,0.8661205917596817,0.0,0.10914520993974641
broad_binary,instantaneous,LL,36,0.12704342939494204,0.8661205917596817,0.0,0.10969770909087895
broad_binary,instantaneous,LL,37,0.1389999706440937,0.8661205917596817,0.0,0.11012264000524742
broad_binary,instantaneous,LL,38,0.1328872941872997,0.7411205917596817,0.0,0.10921531896134981
broad_binary,instantaneous,LL,39,0.1328872941872997,0.9911205917596817,0.0,0.1092333818273778
broad_binary,instantaneous,LL,40,0.12993251162264624,0.8661205917596817,0.0,0.10921205280090848
broad_binary,instantaneous,LL,41,0.13590927117385224,0.8661205917596817,0.0,0.1094300674967908
broad_binary,instantaneous,LL,42,0.1328872941872997,0.8036205917596817,0.0,0.10917698256099997
broad_binary,instantaneous,LL,43,0.1328872941872997,0.9286205917596817,0.0,0.1091658302824414
broad_binary,instantaneous,LL,44,0.13140159776994087,0.8661205917596817,0.0,0.10904104313000043
broad_binary,instantaneous,LL,45,0.13438978867927873,0.8661205917596817,0.0,0.10927637481099342
broad_binary,instantaneous,LL,46,0.1328872941872997,0.8348705917596817,0.0,0.1091602857792317
broad_binary,instantaneous,LL,47,0.1328872941872997,0.8973705917596817,0.0,0.10913393786905537
broad_binary,instantaneous,LL,48,0.12993251162264624,0.8661205917596817,0.0,0.10921205280090848
broad_binary,instantaneous,LL,49,0.1328872941872997,0.8661205917596817,0.0,0.10914520993974641
broad_binary,instantaneous,LL,50,0.13140159776994087,0.8348705917596817,0.0,0.10903235436514534
broad_binary,instantaneous,LL,51,0.13140159776994087,0.8973705917596817,0.0,0.1090734920880573
broad_binary,instantaneous,LL,52,0.12993251162264624,0.8348705917596817,0.0,0.1091790510206278
broad_binary,instantaneous,LL,53,0.1328872941872997,0.8348705917596817,0.0,0.1091602857792317
broad_binary,instantaneous,LL,54,0.13140159776994087,0.8036205917596817,0.0,0.10904672476383848
broad_binary,instantaneous,LL,55,0.13140159776994087,0.8661205917596817,0.0,0.10904104313000043
broad_binary,instantaneous,LL,56,0.1306649900680252,0.8348705917596817,0.0,0.10905893467702837
broad_binary,instantaneous,LL,57,0.1321423580065656,0.8348705917596817,0.0,0.10909562579933493
broad_binary,instantaneous,LL,58,0.13140159776994087,0.8192455917596817,0.0,0.10903933930286377
broad_binary,instantaneous,LL,59,0.13140159776994087,0.8504955917596817,0.0,0.10902576743686047
broad_binary,instantaneous,LL,60,0.1306649900680252,0.8504955917596817,0.0,0.10907482307697355
broad_binary,instantaneous,LL,61,0.1321423580065656,0.8504955917596817,0.0,0.10908846529497135
broad_binary,instantaneous,LL,62,0.13140159776994087,0.8348705917596817,0.0,0.10903235436514534
broad_binary,instantaneous,LL,63,0.13140159776994087,0.8661205917596817,0.0,0.10904104313000043
broad_binary,instantaneous,LL,64,0.1310327763100972,0.8504955917596817,0.0,0.10901459665445656
broad_binary,instantaneous,LL,65,0.13177145736141138,0.8504955917596817,0.0,0.10905694374590222
broad_binary,instantaneous,LL,66,0.13140159776994087,0.8426830917596817,0.0,0.10902901130704691
broad_binary,instantaneous,LL,67,0.13140159776994087,0.8583080917596817,0.0,0.1090331290169338
broad_binary,instantaneous,LL,68,0.1306649900680252,0.8504955917596817,0.0,0.10907482307697355
broad_binary,instantaneous,LL,69,0.13140159776994087,0.8504955917596817,0.0,0.10902576743686047
broad_binary,instantaneous,LL,70,0.1310327763100972,0.8426830917596817,0.0,0.10900672729300204
broad_binary,instantaneous,LL,71,0.1310327763100972,0.8583080917596817,0.0,0.10902254573728984
broad_binary,instantaneous,LL,72,0.1306649900680252,0.8426830917596817,0.0,0.10906683908253148
broad_binary,instantaneous,LL,73,0.13140159776994087,0.8426830917596817,0.0,0.10902901130704691
broad_binary,instantaneous,LL,74,0.1310327763100972,0.8348705917596817,0.0,0.10900557691897153
broad_binary,instantaneous,LL,75,0.1310327763100972,0.8504955917596817,0.0,0.10901459665445656
broad_binary,instantaneous,LL,76,0.1306649900680252,0.8348705917596817,0.0,0.10905893467702837
broad_binary,instantaneous,LL,77,0.13140159776994087,0.8348705917596817,0.0,0.10903235436514534
broad_binary,instantaneous,LL,78,0.1310327763100972,0.8270580917596817,0.0,0.10900887638336432
broad_binary,instantaneous,LL,79,0.1310327763100972,0.8426830917596817,0.0,0.10900672729300204
broad_binary,instantaneous,LL,80,0.13084875396863593,0.8348705917596817,0.0,0.10902893121273353
broad_binary,instantaneous,LL,81,0.13121705745587356,0.8348705917596817,0.0,0.10901675290533672
broad_binary,instantaneous,LL,82,0.1310327763100972,0.8309643417596817,0.0,0.10900721425028367
broad_binary,instantaneous,LL,83,0.1310327763100972,0.8387768417596817,0.0,0.10900396435010282
broad_binary,instantaneous,LL,84,0.13084875396863593,0.8387768417596817,0.0,0.10903284469317426
broad_binary,instantaneous,LL,85,0.13121705745587356,0.8387768417596817,0.0,0.1090151046880212
broad_binary,instantaneous,LL,86,0.1310327763100972,0.8348705917596817,0.0,0.10900557691897153
broad_binary,instantaneous,LL,87,0.1310327763100972,0.8426830917596817,0.0,0.10900672729300204
broad_binary,instantaneous,LL,88,0.1309407328115557,0.8387768417596817,0.0,0.10901783238299452
broad_binary,instantaneous,LL,89,0.1311248845097095,0.8387768417596817,0.0,0.10900735419962845
broad_binary,instantaneous,LL,90,0.1310327763100972,0.8368237167596817,0.0,0.10900476754168992
broad_binary,instantaneous,LL,91,0.1310327763100972,0.8407299667596817,0.0,0.10900477244444645
broad_binary,instantaneous,LL,92,0.1309867464760339,0.8387768417596817,0.0,0.10901032717653932
broad_binary,instantaneous,LL,93,0.1310788223194277,0.8387768417596817,0.0,0.10900348704532205
broad_binary,instantaneous,LL,94,0.1310327763100972,0.8378002792596817,0.0,0.10900436517299186
broad_binary,instantaneous,LL,95,0.1310327763100972,0.8397534042596817,0.0,0.1090037968971794
broad_binary,instantaneous,ML,0,0.052321160195659515,-0.08486948907375336,0.0,0.2280478294672848
broad_binary,instantaneous,ML,1,0.22063650309836333,-0.08486948907375336,0.0,0.28907720211855903
broad_binary,instantaneous,ML,2,0.10744281187506027,-2.0848694890737534,0.0,0.23109695590013546
broad_binary,instantaneous,ML,3,0.10744281187506027,1.9151305109262466,0.0,0.225503303026807
broad_binary,instantaneous,ML,4,0.0749768802497619,-0.08486948907375336,0.0,0.2077605984205323
broad_binary,instantaneous,ML,5,0.15396689999856658,-0.08486948907375336,0.0,0.2192402223334214
broad_binary,instantaneous,ML,6,0.10744281187506027,-1.0848694890737534,0.0,0.20500084844843774
broad_binary,instantaneous,ML,7,0.10744281187506027,0.9151305109262466,0.0,0.2031264689918956
broad_binary,instantaneous,ML,8,0.08975370098026092,-0.08486948907375336,0.0,0.19674797824136647
broad_binary,instantaneous,ML,9,0.1286181817300035,-0.08486948907375336,0.0,0.2016916685619326
broad_binary,instantaneous,ML,10,0.10744281187506027,-0.5848694890737534,0.0,0.19750395824904904
broad_binary,instantaneous,ML,11,0.10744281187506027,0.41513051092624664,0.0,0.19536982455221957
broad_binary,instantaneous,ML,12,0.09820076379291857,-0.08486948907375336,0.0,0.19436594280296168
broad_binary,instantaneous,ML,13,0.11755466431974991,-0.08486948907375336,0.0,0.19619323067580963
broad_binary,instantaneous,ML,14,0.10744281187506027,-0.33486948907375336,0.0,0.19487195721643696
broad_binary,instantaneous,ML,15,0.10744281187506027,0.16513051092624664,0.0,0.19423862546266232
broad_binary,instantaneous,ML,16,0.10271789615344437,-0.08486948907375336,0.0,0.19389812412225216
broad_binary,instantaneous,ML,17,0.11238506877491668,-0.08486948907375336,0.0,0.19454247216343795
broad_binary,instantaneous,ML,18,0.10744281187506027,-0.20986948907375336,0.0,0.19419738563390185
broad_binary,instantaneous,ML,19,0.10744281187506027,0.04013051092624664,0.0,0.1938520690234029
broad_binary,instantaneous,ML,20,0.105053793804015,-0.08486948907375336,0.0,0.19382153148315473
broad_binary,instantaneous,ML,21,0.10988615837287735,-0.08486948907375336,0.0,0.1940289502131947
broad_binary,instantaneous,ML,22,0.10744281187506027,-0.14736948907375336,0.0,0.19394542877940402
broad_binary,instantaneous,ML,23,0.10744281187506027,-0.022369489073753357,0.0,0.19375589021328338
broad_binary,instantaneous,ML,24,0.105053793804015,-0.022369489073753357,0.0,0.19379382573203985
broad_binary,instantaneous,ML,25,0.10988615837287735,-0.022369489073753357,0.0,0.19399170083792389
broad_binary,instantaneous,ML,26,0.10744281187506027,-0.08486948907375336,0.0,0.19382441247453264
broad_binary,instantaneous,ML,27,0.10744281187506027,0.04013051092624664,0.0,0.1938520690234029
broad_binary,instantaneous,ML,28,0.10624158792321468,-0.022369489073753357,0.0,0.19375749433236233
broad_binary,instantaneous,ML,29,0.10865761750438918,-0.022369489073753357,0.0,0.19387028613140572
broad_binary,instantaneous,ML,30,0.10744281187506027,-0.05361948907375336,0.0,0.19378880871127202
broad_binary,instantaneous,ML,31,0.10744281187506027,0.008880510926246643,0.0,0.19380153933795435
broad_binary,instantaneous,ML,32,0.10684051171976683,-0.022369489073753357,0.0,0.1937556630155905
broad_binary,instantaneous,ML,33,0.10804850742289938,-0.022369489073753357,0.0,0.19381109825480486
broad_binary,instantaneous,ML,34,0.10744281187506027,-0.03799448907375336,0.0,0.19377148116742088
broad_binary,instantaneous,ML,35,0.10744281187506027,-0.006744489073753357,0.0,0.19377698780283528
broad_binary,instantaneous,ML,36,0.10624158792321468,-0.022369489073753357,0.0,0.19375749433236233
broad_binary,instantaneous,ML,37,0.10744281187506027,-0.022369489073753357,0.0,0.19375589021328338
broad_binary,instantaneous,ML,38,0.10684051171976683,-0.03799448907375336,0.0,0.19377195523552163
broad_binary,instantaneous,ML,39,0.10684051171976683,-0.006744489073753357,0.0,0.19373967663484393
broad_binary,instantaneous,ML,40,0.10624158792321468,-0.006744489073753357,0.0,0.19374222231291205
broad_binary,instantaneous,ML,41,0.10744281187506027,-0.006744489073753357,0.0,0.19377698780283528
broad_binary,instantaneous,ML,42,0.10684051171976683,-0.022369489073753357,0.0,0.1937556630155905
broad_binary,instantaneous,ML,43,0.10684051171976683,0.008880510926246643,0.0,0.19374529467049395
broad_binary,instantaneous,ML,44,0.1065406289620859,-0.006744489073753357,0.0,0.19374087149319488
broad_binary,instantaneous,ML,45,0.10714123856546591,-0.006744489073753357,0.0,0.19374850791295267
broad_binary,instantaneous,ML,46,0.10684051171976683,-0.014556989073753357,0.0,0.19374763181871515
broad_binary,instantaneous,ML,47,0.10684051171976683,0.001068010926246643,0.0,0.19373456702708314
broad_binary,instantaneous,ML,48,0.1065406289620859,0.001068010926246643,0.0,0.19373317053743538
broad_binary,instantaneous,ML,49,0.10714123856546591,0.001068010926246643,0.0,0.19376084134401006
broad_binary,instantaneous,ML,50,0.10684051171976683,-0.006744489073753357,0.0,0.19373967663484393
broad_binary,instantaneous,ML,51,0.10684051171976683,0.008880510926246643,0.0,0.19374529467049395
broad_binary,instantaneous,ML,52,0.10624158792321468,0.001068010926246643,0.0,0.19373527132295937
broad_binary,instantaneous,ML,53,0.10684051171976683,0.001068010926246643,0.0,0.19373456702708314
broad_binary,instantaneous,ML,54,0.1065406289620859,-0.006744489073753357,0.0,0.19374087149319488
broad_binary,instantaneous,ML,55,0.1065406289620859,0.008880510926246643,0.0,0.1937255444390456
broad_binary,instantaneous,ML,56,0.10624158792321468,0.008880510926246643,0.0,0.193738800175765
broad_binary,instantaneous,ML,57,0.10684051171976683,0.008880510926246643,0.0,0.19374529467049395
broad_binary,instantaneous,ML,58,0.1065406289620859,0.001068010926246643,0.0,0.19373317053743538
broad_binary,instantaneous,ML,59,0.1065406289620859,0.016693010926246643,0.0,0.19373707485839503
broad_binary,instantaneous,ML,60,0.10639100337561462,0.008880510926246643,0.0,0.1937300308901041
broad_binary,instantaneous,ML,61,0.1066904649781557,0.008880510926246643,0.0,0.1937313870694981
broad_binary,instantaneous,ML,62,0.1065406289620859,0.004974260926246643,0.0,0.19372934815910337
broad_binary,instantaneous,ML,63,0.1065406289620859,0.012786760926246643,0.0,0.1937264430099235
broad_binary,instantaneous,ML,64,0.10646578988363063,0.008880510926246643,0.0,0.1937259565200788
broad_binary,instantaneous,ML,65,0.10661552064793431,0.008880510926246643,0.0,0.1937270357147076
broad_binary,instantaneous,ML,66,0.1065406289620859,0.006927385926246643,0.0,0.19372744397029723
broad_binary,instantaneous,ML,67,0.1065406289620859,0.010833635926246643,0.0,0.19372433095445513
broad_binary,instantaneous,ML,68,0.10646578988363063,0.010833635926246643,0.0,0.19372651974975952
broad_binary,instantaneous,ML,69,0.10661552064793431,0.010833635926246643,0.0,0.1937278914013132
broad_binary,instantaneous,ML,70,0.1065406289620859,0.008880510926246643,0.0,0.1937255444390456
broad_binary,instantaneous,ML,71,0.1065406289620859,0.012786760926246643,0.0,0.1937264430099235
broad_binary,instantaneous,ML,72,0.10650320284924435,0.010833635926246643,0.0,0.19372433081206675
broad_binary,instantaneous,ML,73,0.10657806822677533,0.010833635926246643,0.0,0.19372610967174073
broad_binary,instantaneous,ML,74,0.1065406289620859,0.009857073426246643,0.0,0.1937245964178095
broad_binary,instantaneous,ML,75,0.1065406289620859,0.011810198426246643,0.0,0.1937247656947414
broad_binary,instantaneous,ML,76,0.10646578988363063,0.010833635926246643,0.0,0.19372651974975952
broad_binary,instantaneous,ML,77,0.1065406289620859,0.010833635926246643,0.0,0.19372433095445513
broad_binary,instantaneous,ML,78,0.10650320284924435,0.009857073426246643,0.0,0.1937248040320187
broad_binary,instantaneous,ML,79,0.10650320284924435,0.011810198426246643,0.0,0.1937248364354008
broad_binary,instantaneous,ML,80,0.10648449472332269,0.010833635926246643,0.0,0.19372542505628432
broad_binary,instantaneous,ML,81,0.10652191426197292,0.010833635926246643,0.0,0.19372375445327034
broad_binary,instantaneous,ML,82,0.10650320284924435,0.010345354676246643,0.0,0.193724331845478
broad_binary,instantaneous,ML,83,0.10650320284924435,0.011321917176246643,0.0,0.19372454585711835
broad_binary,instantaneous,ML,84,0.10650320284924435,0.010833635926246643,0.0,0.19372433081206675
broad_binary,instantaneous,ML,85,0.1065406289620859,0.010833635926246643,0.0,0.19372433095445513
broad_binary,instantaneous,ML,86,0.10652191426197292,0.010345354676246643,0.0,0.19372422704361308
broad_binary,instantaneous,ML,87,0.10652191426197292,0.011321917176246643,0.0,0.19372382982273365
broad_binary,instantaneous,ML,88,0.10651255814472169,0.010833635926246643,0.0,0.19372380712609713
broad_binary,instantaneous,ML,89,0.10653127120107027,0.010833635926246643,0.0,0.19372388674567195
broad_binary,instantaneous,ML,90,0.10652191426197292,0.010589495301246643,0.0,0.19372399071216523
broad_binary,instantaneous,ML,91,0.10652191426197292,0.011077776551246643,0.0,0.19372355156824528
broad_binary,instantaneous,ML,92,0.10651255814472169,0.011077776551246643,0.0,0.19372389120670652
broad_binary,instantaneous,ML,93,0.10653127120107027,0.011077776551246643,0.0,0.1937239954416733
broad_binary,instantaneous,ML,94,0.10652191426197292,0.010833635926246643,0.0,0.19372375445327034
broad_binary,instantaneous,ML,95,0.10652191426197292,0.011321917176246643,0.0,0.19372382982273365
broad_binary,instantaneous,HL,0,0.06372186745016424,-0.14126598834991455,0.0,0.23795321268401454
broad_binary,instantaneous,HL,1,0.26871288695673845,-0.14126598834991455,0.0,0.30597668604794737
broad_binary,instantaneous,HL,2,0.13085444954149728,-2.1412659883499146,0.0,0.20199431163601478
broad_binary,instantaneous,HL,3,0.13085444954149728,1.8587340116500854,0.0,0.22652867079806982
broad_binary,instantaneous,HL,4,0.06372186745016424,-2.1412659883499146,0.0,0.24071516456703185
broad_binary,instantaneous,HL,5,0.26871288695673845,-2.1412659883499146,0.0,0.26510564153692906
broad_binary,instantaneous,HL,6,0.13085444954149728,-4.1412659883499146,0.0,0.2057263378634474
broad_binary,instantaneous,HL,7,0.13085444954149728,-0.14126598834991455,0.0,0.2022908191867483
broad_binary,instantaneous,HL,8,0.09131423705505891,-2.1412659883499146,0.0,0.21571914861384944
broad_binary,instantaneous,HL,9,0.18751607106440396,-2.1412659883499146,0.0,0.21340180033291153
broad_binary,instantaneous,HL,10,0.13085444954149728,-3.1412659883499146,0.0,0.20418223113440348
broad_binary,instantaneous,HL,11,0.13085444954149728,-1.1412659883499146,0.0,0.2002501680666139
broad_binary,instantaneous,HL,12,0.09131423705505891,-1.1412659883499146,0.0,0.21384556123212645
broad_binary,instantaneous,HL,13,0.18751607106440396,-1.1412659883499146,0.0,0.21807595302280972
broad_binary,instantaneous,HL,14,0.13085444954149728,-2.1412659883499146,0.0,0.20199431163601478
broad_binary,instantaneous,HL,15,0.13085444954149728,-0.14126598834991455,0.0,0.2022908191867483
broad_binary,instantaneous,HL,16,0.10931090624974951,-1.1412659883499146,0.0,0.2053113428826111
broad_binary,instantaneous,HL,17,0.1566439027198852,-1.1412659883499146,0.0,0.20513694631453555
broad_binary,instantaneous,HL,18,0.13085444954149728,-1.6412659883499146,0.0,0.20109613318335606
broad_binary,instantaneous,HL,19,0.13085444954149728,-0.6412659883499146,0.0,0.20037075671329818
broad_binary,instantaneous,HL,20,0.11959857217455895,-1.1412659883499146,0.0,0.20231672830543518
broad_binary,instantaneous,HL,21,0.14316966041882767,-1.1412659883499146,0.0,0.2016920946987595
broad_binary,instantaneous,HL,22,0.13085444954149728,-1.3912659883499146,0.0,0.200650859762185
broad_binary,instantaneous,HL,23,0.13085444954149728,-0.8912659883499146,0.0,0.2000647201480903
broad_binary,instantaneous,HL,24,0.11959857217455895,-0.8912659883499146,0.0,0.2019327315577809
broad_binary,instantaneous,HL,25,0.14316966041882767,-0.8912659883499146,0.0,0.20223000703393681
broad_binary,instantaneous,HL,26,0.13085444954149728,-1.1412659883499146,0.0,0.2002501680666139
broad_binary,instantaneous,HL,27,0.13085444954149728,-0.6412659883499146,0.0,0.20037075671329818
broad_binary,instantaneous,HL,28,0.12509998132634131,-0.8912659883499146,0.0,0.20091862691666484
broad_binary,instantaneous,HL,29,0.13687361727209807,-0.8912659883499146,0.0,0.20073501976311758
broad_binary,instantaneous,HL,30,0.13085444954149728,-1.0162659883499146,0.0,0.20012777896034367
broad_binary,instantaneous,HL,31,0.13085444954149728,-0.7662659883499146,0.0,0.20011104941575752
broad_binary,instantaneous,HL,32,0.12794486779120912,-0.8912659883499146,0.0,0.20049686122937171
broad_binary,instantaneous,HL,33,0.1338301978063769,-0.8912659883499146,0.0,0.2002124224424044
broad_binary,instantaneous,HL,34,0.13085444954149728,-0.9537659883499146,0.0,0.20009696199855548
broad_binary,instantaneous,HL,35,0.13085444954149728,-0.8287659883499146,0.0,0.20003098918696283
broad_binary,instantaneous,HL,36,0.12794486779120912,-0.8287659883499146,0.0,0.2004652528248912
broad_binary,instantaneous,HL,37,0.1338301978063769,-0.8287659883499146,0.0,0.20034103518012425
broad_binary,instantaneous,HL,38,0.13085444954149728,-0.8912659883499146,0.0,0.2000647201480903
broad_binary,instantaneous,HL,39,0.13085444954149728,-0.7662659883499146,0.0,0.20011104941575752
broad_binary,instantaneous,HL,40,0.12939148057920316,-0.8287659883499146,0.0,0.20024947842374238
broad_binary,instantaneous,HL,41,0.13233395960970543,-0.8287659883499146,0.0,0.20014023120527516
broad_binary,instantaneous,HL,42,0.13085444954149728,-0.8600159883499146,0.0,0.2000480449229896
broad_binary,instantaneous,HL,43,0.13085444954149728,-0.7975159883499146,0.0,0.2000468560053716
broad_binary,instantaneous,HL,44,0.1301209090290679,-0.8287659883499146,0.0,0.20014057886377845
broad_binary,instantaneous,HL,45,0.13159212529773479,-0.8287659883499146,0.0,0.2000408951243498
broad_binary,instantaneous,HL,46,0.13085444954149728,-0.8443909883499146,0.0,0.2000395651425883
broad_binary,instantaneous,HL,47,0.13085444954149728,-0.8131409883499146,0.0,0.20002231599531461
broad_binary,instantaneous,HL,48,0.1301209090290679,-0.8131409883499146,0.0,0.20013204527020373
broad_binary,instantaneous,HL,49,0.13159212529773479,-0.8131409883499146,0.0,0.20007291164284502
broad_binary,instantaneous,HL,50,0.13085444954149728,-0.8287659883499146,0.0,0.20003098918696283
broad_binary,instantaneous,HL,51,0.13085444954149728,-0.7975159883499146,0.0,0.2000468560053716
broad_binary,instantaneous,HL,52,0.13048716383168854,-0.8131409883499146,0.0,0.2000772678974972
broad_binary,instantaneous,HL,53,0.13122276906021615,-0.8131409883499146,0.0,0.20002345727434367
broad_binary,instantaneous,HL,54,0.13085444954149728,-0.8209534883499146,0.0,0.20002666481236042
broad_binary,instantaneous,HL,55,0.13085444954149728,-0.8053284883499146,0.0,0.20003085492732797
broad_binary,instantaneous,HL,56,0.13067067764202792,-0.8131409883499146,0.0,0.2000498138541732
broad_binary,instantaneous,HL,57,0.13103847989306655,-0.8131409883499146,0.0,0.20000197353374707
broad_binary,instantaneous,HL,58,0.13085444954149728,-0.8170472383499146,0.0,0.20002449346751966
broad_binary,instantaneous,HL,59,0.13085444954149728,-0.8092347383499146,0.0,0.20002387955254824
broad_binary,instantaneous,HL,60,0.13085444954149728,-0.8131409883499146,0.0,0.20002231599531461
broad_binary,instantaneous,HL,61,0.13122276906021615,-0.8131409883499146,0.0,0.20002345727434367
broad_binary,instantaneous,HL,62,0.13103847989306655,-0.8170472383499146,0.0,0.19999761017016873
broad_binary,instantaneous,HL,63,0.13103847989306655,-0.8092347383499146,0.0,0.20000996902241852
broad_binary,instantaneous,HL,64,0.13085444954149728,-0.8170472383499146,0.0,0.20002449346751966
broad_binary,instantaneous,HL,65,0.13122276906021615,-0.8170472383499146,0.0,0.2000154596934577
broad_binary,instantaneous,HL,66,0.13103847989306655,-0.8209534883499146,0.0,0.19999914062452193
broad_binary,instantaneous,HL,67,0.13103847989306655,-0.8131409883499146,0.0,0.20000197353374707
broad_binary,instantaneous,HL,68,0.13094643238806386,-0.8170472383499146,0.0,0.2000107324691136
broad_binary,instantaneous,HL,69,0.13113059210195632,-0.8170472383499146,0.0,0.20000340703052363
broad_binary,instantaneous,HL,70,0.13103847989306655,-0.8190003633499146,0.0,0.19999805130834747
broad_binary,instantaneous,HL,71,0.13103847989306655,-0.8150941133499146,0.0,0.19999927893771377
broad_binary,instantaneous,HL,72,0.13099244805542076,-0.8170472383499146,0.0,0.20000384784098585
broad_binary,instantaneous,HL,73,0.13108452790668362,-0.8170472383499146,0.0,0.1999989195041783
broad_binary,instantaneous,HL,74,0.13103847989306655,-0.8180238008499146,0.0,0.19999750607447211
broad_binary,instantaneous,HL,75,0.13103847989306655,-0.8160706758499146,0.0,0.1999984445997719
broad_binary,instantaneous,HL,76,0.13099244805542076,-0.8180238008499146,0.0,0.20000439290623212
broad_binary,instantaneous,HL,77,0.13108452790668362,-0.8180238008499146,0.0,0.19999808511479578
broad_binary,instantaneous,HL,78,0.13103847989306655,-0.8190003633499146,0.0,0.19999805130834747
broad_binary,instantaneous,HL,79,0.13103847989306655,-0.8170472383499146,0.0,0.19999761017016873
broad_binary,instantaneous,HL,80,0.13101546195260244,-0.8180238008499146,0.0,0.2000009498350237
broad_binary,instantaneous,HL,81,0.13106150187752344,-0.8180238008499146,0.0,0.19999584203546686
broad_binary,instantaneous,HL,82,0.13103847989306655,-0.8185120820999146,0.0,0.19999777873941957
broad_binary,instantaneous,HL,83,0.13103847989306655,-0.8175355195999146,0.0,0.19999723331347224
broad_binary,instantaneous,HL,84,0.13103847989306655,-0.8180238008499146,0.0,0.19999750607447211
broad_binary,instantaneous,HL,85,0.13108452790668362,-0.8180238008499146,0.0,0.19999808511479578
broad_binary,instantaneous,HL,86,0.13106150187752344,-0.8185120820999146,0.0,0.19999585220363167
broad_binary,instantaneous,HL,87,0.13106150187752344,-0.8175355195999146,0.0,0.19999625927453424
broad_binary,instantaneous,HL,88,0.13104999037975149,-0.8180238008499146,0.0,0.19999578393557949
broad_binary,instantaneous,HL,89,0.1310730143864712,-0.8180238008499146,0.0,0.1999969635126215
broad_binary,instantaneous,HL,90,0.13106150187752344,-0.8182679414749146,0.0,0.19999571581404785
broad_binary,instantaneous,HL,91,0.13106150187752344,-0.8177796602249146,0.0,0.19999605065785722
broad_binary,instantaneous,HL,92,0.13104999037975149,-0.8182679414749146,0.0,0.1999959203146165
broad_binary,instantaneous,HL,93,0.1310730143864712,-0.8182679414749146,0.0,0.1999967548927394
broad_binary,instantaneous,HL,94,0.13106150187752344,-0.8185120820999146,0.0,0.19999585220363167
broad_binary,instantaneous,HL,95,0.13106150187752344,-0.8180238008499146,0.0,0.19999584203546686
broad_binary,finite_time,LL,0,0.05654441412123512,0.3661205917596817,1.4089572502938186,0.17990603856776965
broad_binary,finite_time,LL,1,0.238445817233426,0.3661205917596817,1.4089572502938186,0.20954231678261492
broad_binary,finite_time,LL,2,0.11611536950431318,-1.6338794082403183,1.4089572502938186,0.13833966206463916
broad_binary,finite_time,LL,3,0.11611536950431318,2.3661205917596817,1.4089572502938186,0.12943817277223194
broad_binary,finite_time,LL,4,0.11611536950431318,0.3661205917596817,0.6536733629739957,0.11117573976870088
broad_binary,finite_time,LL,5,0.11611536950431318,0.3661205917596817,2.7955021372380813,0.11112926913097251
broad_binary,finite_time,LL,6,0.05654441412123512,0.3661205917596817,2.7955021372380813,0.17963685625835252
broad_binary,finite_time,LL,7,0.238445817233426,0.3661205917596817,2.7955021372380813,0.21040211128887515
broad_binary,finite_time,LL,8,0.11611536950431318,-1.6338794082403183,2.7955021372380813,0.1358935282625256
broad_binary,finite_time,LL,9,0.11611536950431318,2.3661205917596817,2.7955021372380813,0.12710515750167603
broad_binary,finite_time,LL,10,0.11611536950431318,0.3661205917596817,1.408957250293819,0.1111537621739318
broad_binary,finite_time,LL,11,0.11611536950431318,0.3661205917596817,5.3409115598241055,0.11112515611185483
broad_binary,finite_time,LL,12,0.05654441412123512,0.3661205917596817,5.3409115598241055,0.179164518336663
broad_binary,finite_time,LL,13,0.238445817233426,0.3661205917596817,5.3409115598241055,0.21203480893652632
broad_binary,finite_time,LL,14,0.11611536950431318,-1.6338794082403183,5.3409115598241055,0.1314782369146496
broad_binary,finite_time,LL,15,0.11611536950431318,2.3661205917596817,5.3409115598241055,0.12329382937943925
broad_binary,finite_time,LL,16,0.11611536950431318,0.3661205917596817,2.7955021372380813,0.11112926913097251
broad_binary,finite_time,LL,17,0.11611536950431318,0.3661205917596817,10.01375640574085,0.11116572842682812
broad_binary,finite_time,LL,18,0.08102885621241436,0.3661205917596817,5.3409115598241055,0.13998303081155777
broad_binary,finite_time,LL,19,0.16639478409739047,0.3661205917596817,5.3409115598241055,0.13301708227999404
broad_binary,finite_time,LL,20,0.11611536950431318,-0.6338794082403183,5.3409115598241055,0.11712320517571448
broad_binary,finite_time,LL,21,0.11611536950431318,1.3661205917596817,5.3409115598241055,0.11377916180158612
broad_binary,finite_time,LL,22,0.11611536950431318,0.3661205917596817,3.876394685988413,0.11112259003717576
broad_binary,finite_time,LL,23,0.11611536950431318,0.3661205917596817,7.325206554020504,0.11113966499704839
broad_binary,finite_time,LL,24,0.08102885621241436,0.3661205917596817,3.876394685988413,0.14031040249215038
broad_binary,finite_time,LL,25,0.16639478409739047,0.3661205917596817,3.876394685988413,0.13250840136164518
broad_binary,finite_time,LL,26,0.11611536950431318,-0.6338794082403183,3.876394685988413,0.1176418380547069
broad_binary,finite_time,LL,27,0.11611536950431318,1.3661205917596817,3.876394685988413,0.11501733954756485
broad_binary,finite_time,LL,28,0.11611536950431318,0.3661205917596817,2.7955021372380813,0.11112926913097251
broad_binary,finite_time,LL,29,0.11611536950431318,0.3661205917596817,5.3409115598241055,0.11112515611185483
broad_binary,finite_time,LL,30,0.09699843081007216,0.3661205917596817,3.876394685988413,0.11963631414918316
broad_binary,finite_time,LL,31,0.1389999706440937,0.3661205917596817,3.876394685988413,0.11453484861127282
broad_binary,finite_time,LL,32,0.11611536950431318,-0.1338794082403183,3.876394685988413,0.1128734944116863
broad_binary,finite_time,LL,33,0.11611536950431318,0.8661205917596817,3.876394685988413,0.11139071773365306
broad_binary,finite_time,LL,34,0.11611536950431318,0.3661205917596817,3.2949885522051514,0.1111250316039574
broad_binary,finite_time,LL,35,0.11611536950431318,0.3661205917596817,4.553156019773808,0.11112248611312177
broad_binary,finite_time,LL,36,0.09699843081007216,0.3661205917596817,4.553156019773808,0.11947709283115483
broad_binary,finite_time,LL,37,0.1389999706440937,0.3661205917596817,4.553156019773808,0.11467083649350526
broad_binary,finite_time,LL,38,0.11611536950431318,-0.1338794082403183,4.553156019773808,0.11284257740602195
broad_binary,finite_time,LL,39,0.11611536950431318,0.8661205917596817,4.553156019773808,0.11132986066448877
broad_binary,finite_time,LL,40,0.11611536950431318,0.3661205917596817,3.876394685988413,0.11112259003717576
broad_binary,finite_time,LL,41,0.11611536950431318,0.3661205917596817,5.3409115598241055,0.11112515611185483
broad_binary,finite_time,LL,42,0.10612732275361554,0.3661205917596817,4.553156019773808,0.11383092364780781
broad_binary,finite_time,LL,43,0.12704342939494204,0.3661205917596817,4.553156019773808,0.11065197566867901
broad_binary,finite_time,LL,44,0.11611536950431318,0.1161205917596817,4.553156019773808,0.11156580086887197
broad_binary,finite_time,LL,45,0.11611536950431318,0.6161205917596817,4.553156019773808,0.11113775761204236
broad_binary,finite_time,LL,46,0.11611536950431318,0.3661205917596817,4.20193412754141,0.11112221523992044
broad_binary,finite_time,LL,47,0.11611536950431318,0.3661205917596817,4.932086502036813,0.11112345321519407
broad_binary,finite_time,LL,48,0.11611536950431318,0.3661205917596817,4.553156019773808,0.11112248611312177
broad_binary,finite_time,LL,49,0.1389999706440937,0.3661205917596817,4.553156019773808,0.11467083649350526
broad_binary,finite_time,LL,50,0.12704342939494204,0.1161205917596817,4.553156019773808,0.1125852739547341
broad_binary,finite_time,LL,51,0.12704342939494204,0.6161205917596817,4.553156019773808,0.10956966462460893
broad_binary,finite_time,LL,52,0.12704342939494204,0.3661205917596817,4.20193412754141,0.11061330443869791
broad_binary,finite_time,LL,53,0.12704342939494204,0.3661205917596817,4.932086502036813,0.11069411460872083
broad_binary,finite_time,LL,54,0.11611536950431318,0.6161205917596817,4.553156019773808,0.11113775761204236
broad_binary,finite_time,LL,55,0.1389999706440937,0.6161205917596817,4.553156019773808,0.11235029691195139
broad_binary,finite_time,LL,56,0.12704342939494204,0.3661205917596817,4.553156019773808,0.11065197566867901
broad_binary,finite_time,LL,57,0.12704342939494204,0.8661205917596817,4.553156019773808,0.10927502099472752
broad_binary,finite_time,LL,58,0.12704342939494204,0.6161205917596817,4.20193412754141,0.10954123354770859
broad_binary,finite_time,LL,59,0.12704342939494204,0.6161205917596817,4.932086502036813,0.10960149793342994
broad_binary,finite_time,LL,60,0.11611536950431318,0.8661205917596817,4.553156019773808,0.11132986066448877
broad_binary,finite_time,LL,61,0.1389999706440937,0.8661205917596817,4.553156019773808,0.11055198662911252
broad_binary,finite_time,LL,62,0.12704342939494204,0.6161205917596817,4.553156019773808,0.10956966462460893
broad_binary,finite_time,LL,63,0.12704342939494204,1.1161205917596817,4.553156019773808,0.10932545709357794
broad_binary,finite_time,LL,64,0.12704342939494204,0.8661205917596817,4.20193412754141,0.10927517123454233
broad_binary,finite_time,LL,65,0.12704342939494204,0.8661205917596817,4.932086502036813,0.10927673382474817
broad_binary,finite_time,LL,66,0.12145655497867877,0.8661205917596817,4.553156019773808,0.11014409773704194
broad_binary,finite_time,LL,67,0.1328872941872997,0.8661205917596817,4.553156019773808,0.10900781744257937
broad_binary,finite_time,LL,68,0.12704342939494204,0.7411205917596817,4.553156019773808,0.10937094194158764
broad_binary,finite_time,LL,69,0.12704342939494204,0.9911205917596817,4.553156019773808,0.10926048961000359
broad_binary,finite_time,LL,70,0.12704342939494204,0.8661205917596817,4.37421173870066,0.1092748726302795
broad_binary,finite_time,LL,71,0.12704342939494204,0.8661205917596817,4.739024952558037,0.10927563552159006
broad_binary,finite_time,LL,72,0.12704342939494204,0.8661205917596817,4.553156019773808,0.10927502099472752
broad_binary,finite_time,LL,73,0.1389999706440937,0.8661205917596817,4.553156019773808,0.11055198662911252
broad_binary,finite_time,LL,74,0.1328872941872997,0.7411205917596817,4.553156019773808,0.10941656531585905
broad_binary,finite_time,LL,75,0.1328872941872997,0.9911205917596817,4.553156019773808,0.10887804278208696
broad_binary,finite_time,LL,76,0.1328872941872997,0.8661205917596817,4.37421173870066,0.10898750667211946
broad_binary,finite_time,LL,77,0.1328872941872997,0.8661205917596817,4.739024952558037,0.10902935726155236
broad_binary,finite_time,LL,78,0.12704342939494204,0.9911205917596817,4.553156019773808,0.10926048961000359
broad_binary,finite_time,LL,79,0.1389999706440937,0.9911205917596817,4.553156019773808,0.11002974317651981
broad_binary,finite_time,LL,80,0.1328872941872997,0.8661205917596817,4.553156019773808,0.10900781744257937
broad_binary,finite_time,LL,81,0.1328872941872997,1.1161205917596817,4.553156019773808,0.10878324329794432
broad_binary,finite_time,LL,82,0.1328872941872997,0.9911205917596817,4.37421173870066,0.10887668031242442
broad_binary,finite_time,LL,83,0.1328872941872997,0.9911205917596817,4.739024952558037,0.10887999581938348
broad_binary,finite_time,LL,84,0.12704342939494204,1.1161205917596817,4.553156019773808,0.10932545709357794
broad_binary,finite_time,LL,85,0.1389999706440937,1.1161205917596817,4.553156019773808,0.10967103101351587
broad_binary,finite_time,LL,86,0.1328872941872997,0.9911205917596817,4.553156019773808,0.10887804278208696
broad_binary,finite_time,LL,87,0.1328872941872997,1.2411205917596817,4.553156019773808,0.10878374253869814
broad_binary,finite_time,LL,88,0.1328872941872997,1.1161205917596817,4.37421173870066,0.10878327225430365
broad_binary,finite_time,LL,89,0.1328872941872997,1.1161205917596817,4.739024952558037,0.10878385091725773
broad_binary,finite_time,LL,90,0.12993251162264624,1.1161205917596817,4.553156019773808,0.10883921329930407
broad_binary,finite_time,LL,91,0.13590927117385224,1.1161205917596817,4.553156019773808,0.1090685915350412
broad_binary,finite_time,LL,92,0.1328872941872997,1.0536205917596817,4.553156019773808,0.1088287261570278
broad_binary,finite_time,LL,93,0.1328872941872997,1.1786205917596817,4.553156019773808,0.10875554438277146
broad_binary,finite_time,LL,94,0.1328872941872997,1.1161205917596817,4.462834651189111,0.10878317990894099
broad_binary,finite_time,LL,95,0.1328872941872997,1.1161205917596817,4.645208395327095,0.10878346586210541
broad_binary,finite_time,ML,0,0.052321160195659515,-0.08486948907375336,0.3025459113757252,0.22806059433050063
broad_binary,finite_time,ML,1,0.22063650309836333,-0.08486948907375336,0.3025459113757252,0.2890650219443785
broad_binary,finite_time,ML,2,0.10744281187506027,-2.0848694890737534,0.3025459113757252,0.23039006223033054
broad_binary,finite_time,ML,3,0.10744281187506027,1.9151305109262466,0.3025459113757252,0.22471719627824494
broad_binary,finite_time,ML,4,0.10744281187506027,-0.08486948907375336,0.05098486374015838,0.19382503398786619
broad_binary,finite_time,ML,5,0.10744281187506027,-0.08486948907375336,0.764359926224076,0.19383091019454346
broad_binary,finite_time,ML,6,0.052321160195659515,-0.08486948907375336,0.05098486374015838,0.22805059533904115
broad_binary,finite_time,ML,7,0.22063650309836333,-0.08486948907375336,0.05098486374015838,0.2890746289008625
broad_binary,finite_time,ML,8,0.10744281187506027,-2.0848694890737534,0.05098486374015838,0.23095272516805276
broad_binary,finite_time,ML,9,0.10744281187506027,1.9151305109262466,0.05098486374015838,0.22533067585411568
broad_binary,finite_time,ML,10,0.10744281187506027,-0.08486948907375336,0.0,0.19382441247453264
broad_binary,finite_time,ML,11,0.10744281187506027,-0.08486948907375336,0.3025459113757252,0.19382717950100936
broad_binary,finite_time,ML,12,0.052321160195659515,-0.08486948907375336,0.0,0.2280478294672848
broad_binary,finite_time,ML,13,0.22063650309836333,-0.08486948907375336,0.0,0.28907720211855903
broad_binary,finite_time,ML,14,0.10744281187506027,-2.0848694890737534,0.0,0.23109695590013546
broad_binary,finite_time,ML,15,0.10744281187506027,1.9151305109262466,0.0,0.225503303026807
broad_binary,finite_time,ML,16,0.10744281187506027,-0.08486948907375336,0.0,0.19382441247453264
broad_binary,finite_time,ML,17,0.10744281187506027,-0.08486948907375336,0.20894825449822332,0.19382636665199385
broad_binary,finite_time,ML,18,0.0749768802497619,-0.08486948907375336,0.0,0.2077605984205323
broad_binary,finite_time,ML,19,0.15396689999856658,-0.08486948907375336,0.0,0.2192402223334214
broad_binary,finite_time,ML,20,0.10744281187506027,-1.0848694890737534,0.0,0.20500084844843774
broad_binary,finite_time,ML,21,0.10744281187506027,0.9151305109262466,0.0,0.2031264689918956
broad_binary,finite_time,ML,22,0.10744281187506027,-0.08486948907375336,0.0,0.19382441247453264
broad_binary,finite_time,ML,23,0.10744281187506027,-0.08486948907375336,0.08872859876980543,0.1938253255417583
broad_binary,finite_time,ML,24,0.08975370098026092,-0.08486948907375336,0.0,0.19674797824136647
broad_binary,finite_time,ML,25,0.1286181817300035,-0.08486948907375336,0.0,0.2016916685619326
broad_binary,finite_time,ML,26,0.10744281187506027,-0.5848694890737534,0.0,0.19750395824904904
broad_binary,finite_time,ML,27,0.10744281187506027,0.41513051092624664,0.0,0.19536982455221957
broad_binary,finite_time,ML,28,0.10744281187506027,-0.08486948907375336,0.0,0.19382441247453264
broad_binary,finite_time,ML,29,0.10744281187506027,-0.08486948907375336,0.041001975409878204,0.1938249707070015
broad_binary,finite_time,ML,30,0.09820076379291857,-0.08486948907375336,0.0,0.19436594280296168
broad_binary,finite_time,ML,31,0.11755466431974991,-0.08486948907375336,0.0,0.19619323067580963
broad_binary,finite_time,ML,32,0.10744281187506027,-0.33486948907375336,0.0,0.19487195721643696
broad_binary,finite_time,ML,33,0.10744281187506027,0.16513051092624664,0.0,0.19423862546266232
broad_binary,finite_time,ML,34,0.10744281187506027,-0.08486948907375336,0.0,0.19382441247453264
broad_binary,finite_time,ML,35,0.10744281187506027,-0.08486948907375336,0.01972299466762108,0.19382488751063878
broad_binary,finite_time,ML,36,0.10271789615344437,-0.08486948907375336,0.0,0.19389812412225216
broad_binary,finite_time,ML,37,0.11238506877491668,-0.08486948907375336,0.0,0.19454247216343795
broad_binary,finite_time,ML,38,0.10744281187506027,-0.20986948907375336,0.0,0.19419738563390185
broad_binary,finite_time,ML,39,0.10744281187506027,0.04013051092624664,0.0,0.1938520690234029
broad_binary,finite_time,ML,40,0.10744281187506027,-0.08486948907375336,0.0,0.19382441247453264
broad_binary,finite_time,ML,41,0.10744281187506027,-0.08486948907375336,0.009674312682069634,0.19382488163990275
broad_binary,finite_time,ML,42,0.105053793804015,-0.08486948907375336,0.0,0.19382153148315473
broad_binary,finite_time,ML,43,0.10988615837287735,-0.08486948907375336,0.0,0.1940289502131947
broad_binary,finite_time,ML,44,0.10744281187506027,-0.14736948907375336,0.0,0.19394542877940402
broad_binary,finite_time,ML,45,0.10744281187506027,-0.022369489073753357,0.0,0.19375589021328338
broad_binary,finite_time,ML,46,0.10744281187506027,-0.08486948907375336,0.0,0.19382441247453264
broad_binary,finite_time,ML,47,0.10744281187506027,-0.08486948907375336,0.004791244297203841,0.1938248816096288
broad_binary,finite_time,ML,48,0.105053793804015,-0.022369489073753357,0.0,0.19379382573203985
broad_binary,finite_time,ML,49,0.10988615837287735,-0.022369489073753357,0.0,0.19399170083792389
broad_binary,finite_time,ML,50,0.10744281187506027,-0.08486948907375336,0.0,0.19382441247453264
broad_binary,finite_time,ML,51,0.10744281187506027,0.04013051092624664,0.0,0.1938520690234029
broad_binary,finite_time,ML,52,0.10744281187506027,-0.022369489073753357,0.0,0.19375589021328338
broad_binary,finite_time,ML,53,0.10744281187506027,-0.022369489073753357,0.004791244297203841,0.19375609678436695
broad_binary,finite_time,ML,54,0.10624158792321468,-0.022369489073753357,0.0,0.19375749433236233
broad_binary,finite_time,ML,55,0.10865761750438918,-0.022369489073753357,0.0,0.19387028613140572
broad_binary,finite_time,ML,56,0.10744281187506027,-0.05361948907375336,0.0,0.19378880871127202
broad_binary,finite_time,ML,57,0.10744281187506027,0.008880510926246643,0.0,0.19380153933795435
broad_binary,finite_time,ML,58,0.10744281187506027,-0.022369489073753357,0.0,0.19375589021328338
broad_binary,finite_time,ML,59,0.10744281187506027,-0.022369489073753357,0.0023842528255298263,0.19375609678436662
broad_binary,finite_time,ML,60,0.10684051171976683,-0.022369489073753357,0.0,0.1937556630155905
broad_binary,finite_time,ML,61,0.10804850742289938,-0.022369489073753357,0.0,0.19381109825480486
broad_binary,finite_time,ML,62,0.10744281187506027,-0.03799448907375336,0.0,0.19377148116742088
broad_binary,finite_time,ML,63,0.10744281187506027,-0.006744489073753357,0.0,0.19377698780283528
broad_binary,finite_time,ML,64,0.10744281187506027,-0.022369489073753357,0.0,0.19375589021328338
broad_binary,finite_time,ML,65,0.10744281187506027,-0.022369489073753357,0.0011892975554142844,0.19375609678436662
broad_binary,finite_time,ML,66,0.10624158792321468,-0.022369489073753357,0.0,0.19375749433236233
broad_binary,finite_time,ML,67,0.10744281187506027,-0.022369489073753357,0.0,0.19375589021328338
broad_binary,finite_time,ML,68,0.10684051171976683,-0.03799448907375336,0.0,0.19377195523552163
broad_binary,finite_time,ML,69,0.10684051171976683,-0.006744489073753357,0.0,0.19373967663484393
broad_binary,finite_time,ML,70,0.10684051171976683,-0.022369489073753357,0.0,0.1937556630155905
broad_binary,finite_time,ML,71,0.10684051171976683,-0.022369489073753357,0.0011892975554142844,0.19375579480365404
broad_binary,finite_time,ML,72,0.10624158792321468,-0.006744489073753357,0.0,0.19374222231291205
broad_binary,finite_time,ML,73,0.10744281187506027,-0.006744489073753357,0.0,0.19377698780283528
broad_binary,finite_time,ML,74,0.10684051171976683,-0.022369489073753357,0.0,0.1937556630155905
broad_binary,finite_time,ML,75,0.10684051171976683,0.008880510926246643,0.0,0.19374529467049395
broad_binary,finite_time,ML,76,0.10684051171976683,-0.006744489073753357,0.0,0.19373967663484393
broad_binary,finite_time,ML,77,0.10684051171976683,-0.006744489073753357,0.0011892975554142844,0.193739716822252
broad_binary,finite_time,ML,78,0.1065406289620859,-0.006744489073753357,0.0,0.19374087149319488
broad_binary,finite_time,ML,79,0.10714123856546591,-0.006744489073753357,0.0,0.19374850791295267
broad_binary,finite_time,ML,80,0.10684051171976683,-0.014556989073753357,0.0,0.19374763181871515
broad_binary,finite_time,ML,81,0.10684051171976683,0.001068010926246643,0.0,0.19373456702708314
broad_binary,finite_time,ML,82,0.10684051171976683,-0.006744489073753357,0.0,0.19373967663484393
broad_binary,finite_time,ML,83,0.10684051171976683,-0.006744489073753357,0.0005939432405611257,0.193739716822252
broad_binary,finite_time,ML,84,0.1065406289620859,0.001068010926246643,0.0,0.19373317053743538
broad_binary,finite_time,ML,85,0.10714123856546591,0.001068010926246643,0.0,0.19376084134401006
broad_binary,finite_time,ML,86,0.10684051171976683,-0.006744489073753357,0.0,0.19373967663484393
broad_binary,finite_time,ML,87,0.10684051171976683,0.008880510926246643,0.0,0.19374529467049395
broad_binary,finite_time,ML,88,0.10684051171976683,0.001068010926246643,0.0,0.19373456702708314
broad_binary,finite_time,ML,89,0.10684051171976683,0.001068010926246643,0.0005939432405611257,0.19373455697165054
broad_binary,finite_time,ML,90,0.10624158792321468,0.001068010926246643,0.0,0.19373527132295937
broad_binary,finite_time,ML,91,0.10684051171976683,0.001068010926246643,0.0,0.19373456702708314
broad_binary,finite_time,ML,92,0.1065406289620859,-0.006744489073753357,0.0,0.19374087149319488
broad_binary,finite_time,ML,93,0.1065406289620859,0.008880510926246643,0.0,0.1937255444390456
broad_binary,finite_time,ML,94,0.1065406289620859,0.001068010926246643,0.0,0.19373317053743538
broad_binary,finite_time,ML,95,0.1065406289620859,0.001068010926246643,0.0005939432405611257,0.19373316409117933
broad_binary,finite_time,HL,0,0.06372186745016424,-0.14126598834991455,1.0818384000265384,0.2379459599566104
broad_binary,finite_time,HL,1,0.26871288695673845,-0.14126598834991455,1.0818384000265384,0.30620148454972324
broad_binary,finite_time,HL,2,0.13085444954149728,-2.1412659883499146,1.0818384000265384,0.20188521836245382
broad_binary,finite_time,HL,3,0.13085444954149728,1.8587340116500854,1.0818384000265384,0.2245723469703202
broad_binary,finite_time,HL,4,0.13085444954149728,-0.14126598834991455,0.4754839663148202,0.20231091038776972
broad_binary,finite_time,HL,5,0.13085444954149728,-0.14126598834991455,2.194979635863546,0.20238292301277988
broad_binary,finite_time,HL,6,0.06372186745016424,-2.1412659883499146,1.0818384000265384,0.24065482694704965
broad_binary,finite_time,HL,7,0.26871288695673845,-2.1412659883499146,1.0818384000265384,0.26649358899137254
broad_binary,finite_time,HL,8,0.13085444954149728,-4.1412659883499146,1.0818384000265384,0.2055421104120344
broad_binary,finite_time,HL,9,0.13085444954149728,-0.14126598834991455,1.0818384000265384,0.2023364022798974
broad_binary,finite_time,HL,10,0.13085444954149728,-2.1412659883499146,0.4754839663148202,0.20194582964374963
broad_binary,finite_time,HL,11,0.13085444954149728,-2.1412659883499146,2.194979635863546,0.2017587015764653
broad_binary,finite_time,HL,12,0.06372186745016424,-2.1412659883499146,2.194979635863546,0.24058121873184357
broad_binary,finite_time,HL,13,0.26871288695673845,-2.1412659883499146,2.194979635863546,0.26800909093979375
broad_binary,finite_time,HL,14,0.13085444954149728,-4.1412659883499146,2.194979635863546,0.20531940313611102
broad_binary,finite_time,HL,15,0.13085444954149728,-0.14126598834991455,2.194979635863546,0.20238292301277988
broad_binary,finite_time,HL,16,0.13085444954149728,-2.1412659883499146,1.0818384000265384,0.20188521836245382
broad_binary,finite_time,HL,17,0.13085444954149728,-2.1412659883499146,4.2384765446531025,0.20146907484590348
broad_binary,finite_time,HL,18,0.06372186745016424,-2.1412659883499146,4.2384765446531025,0.24041122667665737
broad_binary,finite_time,HL,19,0.26871288695673845,-2.1412659883499146,4.2384765446531025,0.2710376171294502
broad_binary,finite_time,HL,20,0.13085444954149728,-4.1412659883499146,4.2384765446531025,0.20480700203819596
broad_binary,finite_time,HL,21,0.13085444954149728,-0.14126598834991455,4.2384765446531025,0.2024640064521983
broad_binary,finite_time,HL,22,0.13085444954149728,-2.1412659883499146,2.1949796358635445,0.2017587015764653
broad_binary,finite_time,HL,23,0.13085444954149728,-2.1412659883499146,7.989913902099033,0.20086568834527807
broad_binary,finite_time,HL,24,0.06372186745016424,-2.1412659883499146,7.989913902099033,0.2400589095203
broad_binary,finite_time,HL,25,0.26871288695673845,-2.1412659883499146,7.989913902099033,0.27681414783143293
broad_binary,finite_time,HL,26,0.13085444954149728,-4.1412659883499146,7.989913902099033,0.20370766255936362
broad_binary,finite_time,HL,27,0.13085444954149728,-0.14126598834991455,7.989913902099033,0.2025833197931583
broad_binary,finite_time,HL,28,0.13085444954149728,-2.1412659883499146,4.2384765446531025,0.20146907484590348
broad_binary,finite_time,HL,29,0.13085444954149728,-2.1412659883499146,14.876776410335978,0.20038171745046002
broad_binary,finite_time,HL,30,0.06372186745016424,-2.1412659883499146,14.876776410335978,0.23953625859309102
broad_binary,finite_time,HL,31,0.26871288695673845,-2.1412659883499146,14.876776410335978,0.2850183853367583
broad_binary,finite_time,HL,32,0.13085444954149728,-4.1412659883499146,14.876776410335978,0.20197711021863474
broad_binary,finite_time,HL,33,0.13085444954149728,-0.14126598834991455,14.876776410335978,0.2027155383268684
broad_binary,finite_time,HL,34,0.13085444954149728,-2.1412659883499146,7.989913902099033,0.20086568834527807
broad_binary,finite_time,HL,35,0.13085444954149728,-2.1412659883499146,27.519630518834404,0.20062709167471704
broad_binary,finite_time,HL,36,0.09131423705505891,-2.1412659883499146,14.876776410335978,0.21378461802795373
broad_binary,finite_time,HL,37,0.18751607106440396,-2.1412659883499146,14.876776410335978,0.21986570713283834
broad_binary,finite_time,HL,38,0.13085444954149728,-3.1412659883499146,14.876776410335978,0.20107044097011945
broad_binary,finite_time,HL,39,0.13085444954149728,-1.1412659883499146,14.876776410335978,0.20084760111591732
broad_binary,finite_time,HL,40,0.13085444954149728,-2.1412659883499146,10.914377960167378,0.20055461869094576
broad_binary,finite_time,HL,41,0.13085444954149728,-2.1412659883499146,20.245487109509018,0.2003304789999546
broad_binary,finite_time,HL,42,0.09131423705505891,-2.1412659883499146,20.245487109509018,0.213316270311514
broad_binary,finite_time,HL,43,0.18751607106440396,-2.1412659883499146,20.245487109509018,0.2212729689903147
broad_binary,finite_time,HL,44,0.13085444954149728,-3.1412659883499146,20.245487109509018,0.2005699406680918
broad_binary,finite_time,HL,45,0.13085444954149728,-1.1412659883499146,20.245487109509018,0.20118166868754772
broad_binary,finite_time,HL,46,0.13085444954149728,-2.1412659883499146,14.876776410335978,0.20038171745046002
broad_binary,finite_time,HL,47,0.13085444954149728,-2.1412659883499146,27.519630518834404,0.20062709167471704
broad_binary,finite_time,HL,48,0.10931090624974951,-2.1412659883499146,20.245487109509018,0.20489216025570134
broad_binary,finite_time,HL,49,0.1566439027198852,-2.1412659883499146,20.245487109509018,0.20721473542122137
broad_binary,finite_time,HL,50,0.13085444954149728,-2.6412659883499146,20.245487109509018,0.20040075285179532
broad_binary,finite_time,HL,51,0.13085444954149728,-1.6412659883499146,20.245487109509018,0.20065335765487652
broad_binary,finite_time,HL,52,0.13085444954149728,-2.1412659883499146,17.357687267965275,0.20032564557480265
broad_binary,finite_time,HL,53,0.13085444954149728,-2.1412659883499146,23.60690894341927,0.20047993928694263
broad_binary,finite_time,HL,54,0.10931090624974951,-2.1412659883499146,17.357687267965275,0.2050835413705426
broad_binary,finite_time,HL,55,0.1566439027198852,-2.1412659883499146,17.357687267965275,0.20677836342681055
broad_binary,finite_time,HL,56,0.13085444954149728,-2.6412659883499146,17.357687267965275,0.20046348610998976
broad_binary,finite_time,HL,57,0.13085444954149728,-1.6412659883499146,17.357687267965275,0.20052031937526005
broad_binary,finite_time,HL,58,0.13085444954149728,-2.1412659883499146,14.876776410335978,0.20038171745046002
broad_binary,finite_time,HL,59,0.13085444954149728,-2.1412659883499146,20.245487109509018,0.2003304789999546
broad_binary,finite_time,HL,60,0.11959857217455895,-2.1412659883499146,17.357687267965275,0.20213321688537184
broad_binary,finite_time,HL,61,0.14316966041882767,-2.1412659883499146,17.357687267965275,0.2026328946260369
broad_binary,finite_time,HL,62,0.13085444954149728,-2.3912659883499146,17.357687267965275,0.20039736846632633
broad_binary,finite_time,HL,63,0.13085444954149728,-1.8912659883499146,17.357687267965275,0.20033443634572196
broad_binary,finite_time,HL,64,0.13085444954149728,-2.1412659883499146,16.070157732253385,0.2003542418254572
broad_binary,finite_time,HL,65,0.13085444954149728,-2.1412659883499146,18.746792556346147,0.20030039817430034
broad_binary,finite_time,HL,66,0.11959857217455895,-2.1412659883499146,18.746792556346147,0.20205549327298317
broad_binary,finite_time,HL,67,0.14316966041882767,-2.1412659883499146,18.746792556346147,0.2027869089970136
broad_binary,finite_time,HL,68,0.13085444954149728,-2.3912659883499146,18.746792556346147,0.20036702455742195
broad_binary,finite_time,HL,69,0.13085444954149728,-1.8912659883499146,18.746792556346147,0.20041160210682785
broad_binary,finite_time,HL,70,0.13085444954149728,-2.1412659883499146,17.357687267965275,0.20032564557480265
broad_binary,finite_time,HL,71,0.13085444954149728,-2.1412659883499146,20.245487109509018,0.2003304789999546
broad_binary,finite_time,HL,72,0.12509998132634131,-2.1412659883499146,18.746792556346147,0.20113679568211168
broad_binary,finite_time,HL,73,0.13687361727209807,-2.1412659883499146,18.746792556346147,0.20114039728594763
broad_binary,finite_time,HL,74,0.13085444954149728,-2.2662659883499146,18.746792556346147,0.20033224376327774
broad_binary,finite_time,HL,75,0.13085444954149728,-2.0162659883499146,18.746792556346147,0.20032842586516053
broad_binary,finite_time,HL,76,0.13085444954149728,-2.1412659883499146,18.039056356918834,0.20031097994875002
broad_binary,finite_time,HL,77,0.13085444954149728,-2.1412659883499146,19.481916200932158,0.2003156795615033
broad_binary,finite_time,HL,78,0.12794486779120912,-2.1412659883499146,18.746792556346147,0.20072154342696308
broad_binary,finite_time,HL,79,0.1338301978063769,-2.1412659883499146,18.746792556346147,0.20060534188814017
broad_binary,finite_time,HL,80,0.13085444954149728,-2.2037659883499146,18.746792556346147,0.20031434468378523
broad_binary,finite_time,HL,81,0.13085444954149728,-2.0787659883499146,18.746792556346147,0.20031448647806605
broad_binary,finite_time,HL,82,0.13085444954149728,-2.1412659883499146,18.389565704804145,0.2003035646989223
broad_binary,finite_time,HL,83,0.13085444954149728,-2.1412659883499146,19.110865652349162,0.2003080991190312
broad_binary,finite_time,HL,84,0.12939148057920316,-2.1412659883499146,18.746792556346147,0.20051013833518525
broad_binary,finite_time,HL,85,0.13233395960970543,-2.1412659883499146,18.746792556346147,0.20040890497258906
broad_binary,finite_time,HL,86,0.13085444954149728,-2.1725159883499146,18.746792556346147,0.20030526523747944
broad_binary,finite_time,HL,87,0.13085444954149728,-2.1100159883499146,18.746792556346147,0.20030746059283577
broad_binary,finite_time,HL,88,0.13085444954149728,-2.1412659883499146,18.56733145359745,0.20029983765679416
broad_binary,finite_time,HL,89,0.13085444954149728,-2.1412659883499146,18.927965181660028,0.20030426370592297
broad_binary,finite_time,HL,90,0.12939148057920316,-2.1412659883499146,18.56733145359745,0.20051376953660782
broad_binary,finite_time,HL,91,0.13233395960970543,-2.1412659883499146,18.56733145359745,0.20040504655287522
broad_binary,finite_time,HL,92,0.13085444954149728,-2.1725159883499146,18.56733145359745,0.20030902096672631
broad_binary,finite_time,HL,93,0.13085444954149728,-2.1100159883499146,18.56733145359745,0.2003036362912502
broad_binary,finite_time,HL,94,0.13085444954149728,-2.1412659883499146,18.389565704804145,0.2003035646989223
broad_binary,finite_time,HL,95,0.13085444954149728,-2.1412659883499146,18.746792556346147,0.20030039817430034
