case,law,growth,model,held_out,candidate,beta,eta,tau,training_TV,held_out_TV,budget,condition,replicate,role,TV,W1_mm
primary,retained_satellites,0.07,size_only,LL,463,0.15343090660549968,0.0,0.0,0.23251306284671597,0.16855236098707715,512,LL,1,test,0.12689839051626045,0.0867997676712186
primary,retained_satellites,0.07,size_only,LL,463,0.15343090660549968,0.0,0.0,0.23251306284671597,0.16855236098707715,512,LL,2,test,0.21020633145789386,0.18152678749664883
primary,retained_satellites,0.07,size_only,LL,463,0.15343090660549968,0.0,0.0,0.23251306284671597,0.16855236098707715,512,ML,1,training,0.2219389427489465,0.09928625817559958
primary,retained_satellites,0.07,size_only,LL,463,0.15343090660549968,0.0,0.0,0.23251306284671597,0.16855236098707715,512,HL,1,training,0.21131784323859448,0.08178886989489301
primary,retained_satellites,0.07,size_only,LL,463,0.15343090660549968,0.0,0.0,0.23251306284671597,0.16855236098707715,512,HL,2,training,0.2748565226503762,0.10304513448314254
primary,retained_satellites,0.07,size_only,ML,95,0.19244836752929778,0.0,0.0,0.2017208716830035,0.2196773639272178,512,LL,1,training,0.12270266813527514,0.0576852726461385
primary,retained_satellites,0.07,size_only,ML,95,0.19244836752929778,0.0,0.0,0.2017208716830035,0.2196773639272178,512,LL,2,training,0.1795406987393588,0.1524018734751375
primary,retained_satellites,0.07,size_only,ML,95,0.19244836752929778,0.0,0.0,0.2017208716830035,0.2196773639272178,512,ML,1,test,0.2196773639272178,0.08391004197188419
primary,retained_satellites,0.07,size_only,ML,95,0.19244836752929778,0.0,0.0,0.2017208716830035,0.2196773639272178,512,HL,1,training,0.218898209761792,0.07582549607294499
primary,retained_satellites,0.07,size_only,ML,95,0.19244836752929778,0.0,0.0,0.2017208716830035,0.2196773639272178,512,HL,2,training,0.2857419100955883,0.09741729095308746
primary,retained_satellites,0.07,size_only,HL,511,0.21768594166938854,0.0,0.0,0.1834242686539065,0.2613765572178285,512,LL,1,training,0.12383837399505257,0.043348059857060375
primary,retained_satellites,0.07,size_only,HL,511,0.21768594166938854,0.0,0.0,0.1834242686539065,0.2613765572178285,512,LL,2,training,0.16708933336027795,0.13503077100078997
primary,retained_satellites,0.07,size_only,HL,511,0.21768594166938854,0.0,0.0,0.1834242686539065,0.2613765572178285,512,ML,1,training,0.22138468363014785,0.0776377638876338
primary,retained_satellites,0.07,size_only,HL,511,0.21768594166938854,0.0,0.0,0.1834242686539065,0.2613765572178285,512,HL,1,test,0.22833886499230402,0.07569700611782011
primary,retained_satellites,0.07,size_only,HL,511,0.21768594166938854,0.0,0.0,0.1834242686539065,0.2613765572178285,512,HL,2,test,0.294414249443353,0.09637358192621602
primary,retained_satellites,0.07,instantaneous,LL,288,0.18901715194749785,2.1455107778310776,0.0,0.22839251071985783,0.1473769778068053,512,LL,1,test,0.1513391035639795,0.04597314461069455
primary,retained_satellites,0.07,instantaneous,LL,288,0.18901715194749785,2.1455107778310776,0.0,0.22839251071985783,0.1473769778068053,512,LL,2,test,0.14341485204963114,0.07325893904132148
primary,retained_satellites,0.07,instantaneous,LL,288,0.18901715194749785,2.1455107778310776,0.0,0.22839251071985783,0.1473769778068053,512,ML,1,training,0.21959368038625612,0.08495297892379916
primary,retained_satellites,0.07,instantaneous,LL,288,0.18901715194749785,2.1455107778310776,0.0,0.22839251071985783,0.1473769778068053,512,HL,1,training,0.20911971828601555,0.09675926449080152
primary,retained_satellites,0.07,instantaneous,LL,288,0.18901715194749785,2.1455107778310776,0.0,0.22839251071985783,0.1473769778068053,512,HL,2,training,0.2652629638209036,0.1167240971866729
primary,retained_satellites,0.07,instantaneous,ML,48,0.1524119183189997,2.354815512895584,0.0,0.18999271613828977,0.22211909178524922,512,LL,1,training,0.1360290878185094,0.037968505469643955
primary,retained_satellites,0.07,instantaneous,ML,48,0.1524119183189997,2.354815512895584,0.0,0.18999271613828977,0.22211909178524922,512,LL,2,training,0.15069040696050745,0.09968352957792784
primary,retained_satellites,0.07,instantaneous,ML,48,0.1524119183189997,2.354815512895584,0.0,0.18999271613828977,0.22211909178524922,512,ML,1,test,0.2221190917852492,0.09981595056814703
primary,retained_satellites,0.07,instantaneous,ML,48,0.1524119183189997,2.354815512895584,0.0,0.18999271613828977,0.22211909178524922,512,HL,1,training,0.2087703636970324,0.11065806378647222
primary,retained_satellites,0.07,instantaneous,ML,48,0.1524119183189997,2.354815512895584,0.0,0.18999271613828977,0.22211909178524922,512,HL,2,training,0.26448100607710995,0.12937487345729742
primary,retained_satellites,0.07,instantaneous,HL,160,0.19593215944447884,0.9872315376996994,0.0,0.18139750602864063,0.24302702432708206,512,LL,1,training,0.13065554296854906,0.03759119523343211
primary,retained_satellites,0.07,instantaneous,HL,160,0.19593215944447884,0.9872315376996994,0.0,0.18139750602864063,0.24302702432708206,512,LL,2,training,0.15538649194442117,0.11386160424324139
primary,retained_satellites,0.07,instantaneous,HL,160,0.19593215944447884,0.9872315376996994,0.0,0.18139750602864063,0.24302702432708206,512,ML,1,training,0.2197739946007962,0.08286561574699954
primary,retained_satellites,0.07,instantaneous,HL,160,0.19593215944447884,0.9872315376996994,0.0,0.18139750602864063,0.24302702432708206,512,HL,1,test,0.2112924530107677,0.0818756745679515
primary,retained_satellites,0.07,instantaneous,HL,160,0.19593215944447884,0.9872315376996994,0.0,0.18139750602864063,0.24302702432708206,512,HL,2,test,0.27476159564339653,0.10313272932122597
primary,retained_satellites,0.07,finite_time,LL,224,0.1771425837540777,7.907413810491562,15.252945637964608,0.2264517793992318,0.18473397148788417,512,LL,1,test,0.216480126855079,0.08996336997480286
primary,retained_satellites,0.07,finite_time,LL,224,0.1771425837540777,7.907413810491562,15.252945637964608,0.2264517793992318,0.18473397148788417,512,LL,2,test,0.15298781612068937,0.038893515157115546
primary,retained_satellites,0.07,finite_time,LL,224,0.1771425837540777,7.907413810491562,15.252945637964608,0.2264517793992318,0.18473397148788417,512,ML,1,training,0.21968661030565112,0.089104416054245
primary,retained_satellites,0.07,finite_time,LL,224,0.1771425837540777,7.907413810491562,15.252945637964608,0.2264517793992318,0.18473397148788417,512,HL,1,training,0.20536729044539528,0.11323435811630576
primary,retained_satellites,0.07,finite_time,LL,224,0.1771425837540777,7.907413810491562,15.252945637964608,0.2264517793992318,0.18473397148788417,512,HL,2,training,0.2610666065402298,0.13141462292072356
primary,retained_satellites,0.07,finite_time,ML,112,0.140817810478024,5.305210217833519,22.956243194386403,0.18906571759408097,0.2249448289717597,512,LL,1,training,0.12399285327022327,0.04120875454569348
primary,retained_satellites,0.07,finite_time,ML,112,0.140817810478024,5.305210217833519,22.956243194386403,0.18906571759408097,0.2249448289717597,512,LL,2,training,0.1631829412186341,0.12928731473542654
primary,retained_satellites,0.07,finite_time,ML,112,0.140817810478024,5.305210217833519,22.956243194386403,0.18906571759408097,0.2249448289717597,512,ML,1,test,0.2249448289717597,0.10596437381743788
primary,retained_satellites,0.07,finite_time,ML,112,0.140817810478024,5.305210217833519,22.956243194386403,0.18906571759408097,0.2249448289717597,512,HL,1,training,0.20669103638172848,0.10591139236832788
primary,retained_satellites,0.07,finite_time,ML,112,0.140817810478024,5.305210217833519,22.956243194386403,0.18906571759408097,0.2249448289717597,512,HL,2,training,0.2623960395057378,0.12462534108151208
primary,retained_satellites,0.07,finite_time,HL,160,0.19593215944447884,0.9872315376996994,0.5231955473648926,0.18142437955137786,0.24304316524933733,512,LL,1,training,0.13030886130535776,0.03767867214365112
primary,retained_satellites,0.07,finite_time,HL,160,0.19593215944447884,0.9872315376996994,0.5231955473648926,0.18142437955137786,0.24304316524933733,512,LL,2,training,0.15584066769856134,0.1147245942476301
primary,retained_satellites,0.07,finite_time,HL,160,0.19593215944447884,0.9872315376996994,0.5231955473648926,0.18142437955137786,0.24304316524933733,512,ML,1,training,0.2197739946007962,0.08286561574699954
primary,retained_satellites,0.07,finite_time,HL,160,0.19593215944447884,0.9872315376996994,0.5231955473648926,0.18142437955137786,0.24304316524933733,512,HL,1,test,0.21120424601212429,0.08157408864737607
primary,retained_satellites,0.07,finite_time,HL,160,0.19593215944447884,0.9872315376996994,0.5231955473648926,0.18142437955137786,0.24304316524933733,512,HL,2,test,0.27488208448655044,0.10282995210771355
primary,asymmetric_binary,0.07,size_only,LL,436,0.2648158931441952,0.0,0.0,0.11279034443574111,0.26845567267010784,512,LL,1,test,0.23538899840397273,0.05579274074640142
primary,asymmetric_binary,0.07,size_only,LL,436,0.2648158931441952,0.0,0.0,0.11279034443574111,0.26845567267010784,512,LL,2,test,0.3015223469362429,0.14960294112308242
primary,asymmetric_binary,0.07,size_only,LL,436,0.2648158931441952,0.0,0.0,0.11279034443574111,0.26845567267010784,512,ML,1,training,0.08837887555581789,0.04265278375565864
primary,asymmetric_binary,0.07,size_only,LL,436,0.2648158931441952,0.0,0.0,0.11279034443574111,0.26845567267010784,512,HL,1,training,0.09748281704703778,0.040341923771794574
primary,asymmetric_binary,0.07,size_only,LL,436,0.2648158931441952,0.0,0.0,0.11279034443574111,0.26845567267010784,512,HL,2,training,0.17692080958429082,0.06151658920110765
primary,asymmetric_binary,0.07,size_only,ML,192,0.21634040493531345,0.0,0.0,0.19474276335566632,0.11471318295320311,512,LL,1,training,0.21750959438250647,0.08084434786225982
primary,asymmetric_binary,0.07,size_only,ML,192,0.21634040493531345,0.0,0.0,0.19474276335566632,0.11471318295320311,512,LL,2,training,0.30992368187921293,0.17560114725833473
primary,asymmetric_binary,0.07,size_only,ML,192,0.21634040493531345,0.0,0.0,0.19474276335566632,0.11471318295320311,512,ML,1,test,0.11471318295320307,0.06760245629146586
primary,asymmetric_binary,0.07,size_only,ML,192,0.21634040493531345,0.0,0.0,0.19474276335566632,0.11471318295320311,512,HL,1,training,0.08680829267357937,0.04493015452641135
primary,asymmetric_binary,0.07,size_only,ML,192,0.21634040493531345,0.0,0.0,0.19474276335566632,0.11471318295320311,512,HL,2,training,0.1647294844873666,0.0672810899713549
primary,asymmetric_binary,0.07,size_only,HL,308,0.2792218809017711,0.0,0.0,0.17814106653982656,0.14370119460631392,512,LL,1,training,0.24180609895138117,0.0525217937277925
primary,asymmetric_binary,0.07,size_only,HL,308,0.2792218809017711,0.0,0.0,0.17814106653982656,0.14370119460631392,512,LL,2,training,0.29890249886978115,0.14236292132657974
primary,asymmetric_binary,0.07,size_only,HL,308,0.2792218809017711,0.0,0.0,0.17814106653982656,0.14370119460631392,512,ML,1,training,0.08592783416907196,0.038484773930922964
primary,asymmetric_binary,0.07,size_only,HL,308,0.2792218809017711,0.0,0.0,0.17814106653982656,0.14370119460631392,512,HL,1,test,0.10503457592407268,0.04100836215988298
primary,asymmetric_binary,0.07,size_only,HL,308,0.2792218809017711,0.0,0.0,0.17814106653982656,0.14370119460631392,512,HL,2,test,0.1823678132885552,0.06089608520817283
primary,asymmetric_binary,0.07,instantaneous,LL,340,0.3048085169872871,1.823642298579216,0.0,0.10621301970437187,0.3330909259518977,512,LL,1,test,0.3435449289729615,0.07823243424883292
primary,asymmetric_binary,0.07,instantaneous,LL,340,0.3048085169872871,1.823642298579216,0.0,0.10621301970437187,0.3330909259518977,512,LL,2,test,0.3226369229308339,0.06400472280527782
primary,asymmetric_binary,0.07,instantaneous,LL,340,0.3048085169872871,1.823642298579216,0.0,0.10621301970437187,0.3330909259518977,512,ML,1,training,0.08444336475118201,0.034725024126282186
primary,asymmetric_binary,0.07,instantaneous,LL,340,0.3048085169872871,1.823642298579216,0.0,0.10621301970437187,0.3330909259518977,512,HL,1,training,0.09261845196271778,0.05095760523146275
primary,asymmetric_binary,0.07,instantaneous,LL,340,0.3048085169872871,1.823642298579216,0.0,0.10621301970437187,0.3330909259518977,512,HL,2,training,0.16334689735240568,0.07288610016449469
primary,asymmetric_binary,0.07,instantaneous,ML,0,0.22054130581068726,0.0,0.0,0.19479965052052894,0.11210397327830109,512,LL,1,training,0.21837047170468296,0.07848782950135937
primary,asymmetric_binary,0.07,instantaneous,ML,0,0.22054130581068726,0.0,0.0,0.19479965052052894,0.11210397327830109,512,LL,2,training,0.309222110834027,0.1732446022591226
primary,asymmetric_binary,0.07,instantaneous,ML,0,0.22054130581068726,0.0,0.0,0.19479965052052894,0.11210397327830109,512,ML,1,test,0.11210397327830107,0.0652967794346315
primary,asymmetric_binary,0.07,instantaneous,ML,0,0.22054130581068726,0.0,0.0,0.19479965052052894,0.11210397327830109,512,HL,1,training,0.08653955302178364,0.04417114908037953
primary,asymmetric_binary,0.07,instantaneous,ML,0,0.22054130581068726,0.0,0.0,0.19479965052052894,0.11210397327830109,512,HL,2,training,0.16506646652162213,0.06652156344114896
primary,asymmetric_binary,0.07,instantaneous,HL,331,0.2705465791827438,-0.5942186415195465,0.0,0.17592070372150365,0.16156522842709287,512,LL,1,training,0.22188938048325818,0.07150887008134711
primary,asymmetric_binary,0.07,instantaneous,HL,331,0.2705465791827438,-0.5942186415195465,0.0,0.17592070372150365,0.16156522842709287,512,LL,2,training,0.30707718008708773,0.16626556256317326
primary,asymmetric_binary,0.07,instantaneous,HL,331,0.2705465791827438,-0.5942186415195465,0.0,0.17592070372150365,0.16156522842709287,512,ML,1,training,0.08735812715783434,0.040556788406729355
primary,asymmetric_binary,0.07,instantaneous,HL,331,0.2705465791827438,-0.5942186415195465,0.0,0.17592070372150365,0.16156522842709287,512,HL,1,test,0.12506027509168238,0.04517856262486668
primary,asymmetric_binary,0.07,instantaneous,HL,331,0.2705465791827438,-0.5942186415195465,0.0,0.17592070372150365,0.16156522842709287,512,HL,2,test,0.19807018176250343,0.06192484781171537
primary,asymmetric_binary,0.07,finite_time,LL,404,0.31072388120839933,2.901878774166107,11.265689893295672,0.1032686956525774,0.32707787917881015,512,LL,1,test,0.33621637473337274,0.07472285455860612
primary,asymmetric_binary,0.07,finite_time,LL,404,0.31072388120839933,2.901878774166107,11.265689893295672,0.1032686956525774,0.32707787917881015,512,LL,2,test,0.31793938362424745,0.06627126224545261
primary,asymmetric_binary,0.07,finite_time,LL,404,0.31072388120839933,2.901878774166107,11.265689893295672,0.1032686956525774,0.32707787917881015,512,ML,1,training,0.0845588781273654,0.03410762300799914
primary,asymmetric_binary,0.07,finite_time,LL,404,0.31072388120839933,2.901878774166107,11.265689893295672,0.1032686956525774,0.32707787917881015,512,HL,1,training,0.0837206208599874,0.04436955387703267
primary,asymmetric_binary,0.07,finite_time,LL,404,0.31072388120839933,2.901878774166107,11.265689893295672,0.1032686956525774,0.32707787917881015,512,HL,2,training,0.16023640549559137,0.06672209238933978
primary,asymmetric_binary,0.07,finite_time,ML,0,0.22054130581068726,0.0,0.0,0.19479965052052894,0.11210397327830109,512,LL,1,training,0.21837047170468296,0.07848782950135937
primary,asymmetric_binary,0.07,finite_time,ML,0,0.22054130581068726,0.0,0.0,0.19479965052052894,0.11210397327830109,512,LL,2,training,0.309222110834027,0.1732446022591226
primary,asymmetric_binary,0.07,finite_time,ML,0,0.22054130581068726,0.0,0.0,0.19479965052052894,0.11210397327830109,512,ML,1,test,0.11210397327830107,0.0652967794346315
primary,asymmetric_binary,0.07,finite_time,ML,0,0.22054130581068726,0.0,0.0,0.19479965052052894,0.11210397327830109,512,HL,1,training,0.08653955302178364,0.04417114908037953
primary,asymmetric_binary,0.07,finite_time,ML,0,0.22054130581068726,0.0,0.0,0.19479965052052894,0.11210397327830109,512,HL,2,training,0.16506646652162213,0.06652156344114896
primary,asymmetric_binary,0.07,finite_time,HL,299,0.29499163736480494,-2.6228267401456833,16.993588008801876,0.17491101179970123,0.21235625890159016,512,LL,1,training,0.22051299945736844,0.0757224747482782
primary,asymmetric_binary,0.07,finite_time,HL,299,0.29499163736480494,-2.6228267401456833,16.993588008801876,0.17491101179970123,0.21235625890159016,512,LL,2,training,0.3099281774135799,0.17047922773089577
primary,asymmetric_binary,0.07,finite_time,HL,299,0.29499163736480494,-2.6228267401456833,16.993588008801876,0.17491101179970123,0.21235625890159016,512,ML,1,training,0.08460143516392823,0.03580674414669727
primary,asymmetric_binary,0.07,finite_time,HL,299,0.29499163736480494,-2.6228267401456833,16.993588008801876,0.17491101179970123,0.21235625890159016,512,HL,1,test,0.17905397828563746,0.06594599998470708
primary,asymmetric_binary,0.07,finite_time,HL,299,0.29499163736480494,-2.6228267401456833,16.993588008801876,0.17491101179970123,0.21235625890159016,512,HL,2,test,0.24565853951754293,0.07186345214100462
primary,broad_binary,0.07,size_only,LL,431,0.11755317384684662,0.0,0.0,0.1119931842477723,0.28664994898813123,512,LL,1,test,0.23657133393170837,0.071917219659144
primary,broad_binary,0.07,size_only,LL,431,0.11755317384684662,0.0,0.0,0.1119931842477723,0.28664994898813123,512,LL,2,test,0.3367285640445539,0.1666743904228089
primary,broad_binary,0.07,size_only,LL,431,0.11755317384684662,0.0,0.0,0.1119931842477723,0.28664994898813123,512,ML,1,training,0.1189955964648157,0.057789389137127715
primary,broad_binary,0.07,size_only,LL,431,0.11755317384684662,0.0,0.0,0.1119931842477723,0.28664994898813123,512,HL,1,training,0.0744943721811196,0.02889780471456372
primary,broad_binary,0.07,size_only,LL,431,0.11755317384684662,0.0,0.0,0.1119931842477723,0.28664994898813123,512,HL,2,training,0.1354871718803382,0.05112160775973944
primary,broad_binary,0.07,size_only,ML,136,0.1061259783056239,0.0,0.0,0.19374154063315574,0.12446339081734197,512,LL,1,training,0.2303815353761103,0.08452798400781553
primary,broad_binary,0.07,size_only,ML,136,0.1061259783056239,0.0,0.0,0.19374154063315574,0.12446339081734197,512,LL,2,training,0.3391115639687493,0.1792852517958731
primary,broad_binary,0.07,size_only,ML,136,0.1061259783056239,0.0,0.0,0.19374154063315574,0.12446339081734197,512,ML,1,test,0.12446339081734195,0.07037875856639644
primary,broad_binary,0.07,size_only,ML,136,0.1061259783056239,0.0,0.0,0.19374154063315574,0.12446339081734197,512,HL,1,training,0.07383517180308065,0.03374421071234381
primary,broad_binary,0.07,size_only,ML,136,0.1061259783056239,0.0,0.0,0.19374154063315574,0.12446339081734197,512,HL,2,training,0.1316378913846827,0.05586015635614947
primary,broad_binary,0.07,size_only,HL,336,0.12077430678178075,0.0,0.0,0.2027264887679293,0.10674996590068327,512,LL,1,training,0.23884970874035164,0.06846776763145718
primary,broad_binary,0.07,size_only,HL,336,0.12077430678178075,0.0,0.0,0.2027264887679293,0.10674996590068327,512,LL,2,training,0.3360305742492133,0.16322491104289008
primary,broad_binary,0.07,size_only,HL,336,0.12077430678178075,0.0,0.0,0.2027264887679293,0.10674996590068327,512,ML,1,training,0.1180128360410761,0.054346176570516436
primary,broad_binary,0.07,size_only,HL,336,0.12077430678178075,0.0,0.0,0.2027264887679293,0.10674996590068327,512,HL,1,test,0.07591899789803486,0.028309880979430026
primary,broad_binary,0.07,size_only,HL,336,0.12077430678178075,0.0,0.0,0.2027264887679293,0.10674996590068327,512,HL,2,test,0.13758093390333165,0.04989392540963483
primary,broad_binary,0.07,instantaneous,LL,80,0.11611536950431318,0.3661205917596817,0.0,0.11121375314178514,0.2895597098505576,512,LL,1,test,0.2445259488506863,0.06167505478655696
primary,broad_binary,0.07,instantaneous,LL,80,0.11611536950431318,0.3661205917596817,0.0,0.11121375314178514,0.2895597098505576,512,LL,2,test,0.3345934708504288,0.15643214324849603
primary,broad_binary,0.07,instantaneous,LL,80,0.11611536950431318,0.3661205917596817,0.0,0.11121375314178514,0.2895597098505576,512,ML,1,training,0.11967830376850988,0.05934113364032274
primary,broad_binary,0.07,instantaneous,LL,80,0.11611536950431318,0.3661205917596817,0.0,0.11121375314178514,0.2895597098505576,512,HL,1,training,0.07390350666394849,0.03385027619900279
primary,broad_binary,0.07,instantaneous,LL,80,0.11611536950431318,0.3661205917596817,0.0,0.11121375314178514,0.2895597098505576,512,HL,2,training,0.13159489836617225,0.05593388225709474
primary,broad_binary,0.07,instantaneous,ML,375,0.10744281187506027,-0.08486948907375336,0.0,0.19382441247453264,0.12382784725409364,512,LL,1,training,0.23026917456757034,0.08559039747518271
primary,broad_binary,0.07,instantaneous,ML,375,0.10744281187506027,-0.08486948907375336,0.0,0.19382441247453264,0.12382784725409364,512,LL,2,training,0.33930089266434027,0.1803476732336596
primary,broad_binary,0.07,instantaneous,ML,375,0.10744281187506027,-0.08486948907375336,0.0,0.19382441247453264,0.12382784725409364,512,ML,1,test,0.12382784725409368,0.06889777698665432
primary,broad_binary,0.07,instantaneous,ML,375,0.10744281187506027,-0.08486948907375336,0.0,0.19382441247453264,0.12382784725409364,512,HL,1,training,0.07312203992076576,0.0319291198879237
primary,broad_binary,0.07,instantaneous,ML,375,0.10744281187506027,-0.08486948907375336,0.0,0.19382441247453264,0.12382784725409364,512,HL,2,training,0.13260554274545422,0.05429245305484547
primary,broad_binary,0.07,instantaneous,HL,239,0.13085444954149728,-0.14126598834991455,0.0,0.2022908191867483,0.11764945452315995,512,LL,1,training,0.24370929478380632,0.06264149508025163
primary,broad_binary,0.07,instantaneous,HL,239,0.13085444954149728,-0.14126598834991455,0.0,0.2022908191867483,0.11764945452315995,512,LL,2,training,0.3348031667819851,0.15739859145049523
primary,broad_binary,0.07,instantaneous,HL,239,0.13085444954149728,-0.14126598834991455,0.0,0.2022908191867483,0.11764945452315995,512,ML,1,training,0.11532540759060086,0.04386260542924095
primary,broad_binary,0.07,instantaneous,HL,239,0.13085444954149728,-0.14126598834991455,0.0,0.2022908191867483,0.11764945452315995,512,HL,1,test,0.08403495817673307,0.02765967697833064
primary,broad_binary,0.07,instantaneous,HL,239,0.13085444954149728,-0.14126598834991455,0.0,0.2022908191867483,0.11764945452315995,512,HL,2,test,0.15126395086958683,0.047603346112065154
primary,broad_binary,0.07,finite_time,LL,80,0.11611536950431318,0.3661205917596817,1.4089572502938186,0.1111537621739318,0.2892599965271899,512,LL,1,test,0.24382968024367194,0.06244578022126247
primary,broad_binary,0.07,finite_time,LL,80,0.11611536950431318,0.3661205917596817,1.4089572502938186,0.1111537621739318,0.2892599965271899,512,LL,2,test,0.3346903128107079,0.15720287462057103
primary,broad_binary,0.07,finite_time,LL,80,0.11611536950431318,0.3661205917596817,1.4089572502938186,0.1111537621739318,0.2892599965271899,512,ML,1,training,0.11967830376850988,0.05934113364032274
primary,broad_binary,0.07,finite_time,LL,80,0.11611536950431318,0.3661205917596817,1.4089572502938186,0.1111537621739318,0.2892599965271899,512,HL,1,training,0.07365372210354826,0.03337150503995049
primary,broad_binary,0.07,finite_time,LL,80,0.11611536950431318,0.3661205917596817,1.4089572502938186,0.1111537621739318,0.2892599965271899,512,HL,2,training,0.13160471905515916,0.05557861306215921
primary,broad_binary,0.07,finite_time,ML,375,0.10744281187506027,-0.08486948907375336,0.3025459113757252,0.19382717950100936,0.12382784725409364,512,LL,1,training,0.23027412028868313,0.08555463288161874
primary,broad_binary,0.07,finite_time,ML,375,0.10744281187506027,-0.08486948907375336,0.3025459113757252,0.19382717950100936,0.12382784725409364,512,LL,2,training,0.3392975452275989,0.18031190839056713
primary,broad_binary,0.07,finite_time,ML,375,0.10744281187506027,-0.08486948907375336,0.3025459113757252,0.19382717950100936,0.12382784725409364,512,ML,1,test,0.12382784725409368,0.06889777698665432
primary,broad_binary,0.07,finite_time,ML,375,0.10744281187506027,-0.08486948907375336,0.3025459113757252,0.19382717950100936,0.12382784725409364,512,HL,1,training,0.0731317571167825,0.031946702816556975
primary,broad_binary,0.07,finite_time,ML,375,0.10744281187506027,-0.08486948907375336,0.3025459113757252,0.19382717950100936,0.12382784725409364,512,HL,2,training,0.132605295370973,0.054310038085558024
primary,broad_binary,0.07,finite_time,HL,239,0.13085444954149728,-0.14126598834991455,1.0818384000265384,0.2023364022798974,0.1175115671805258,512,LL,1,training,0.24392030008559157,0.062407757220196765
primary,broad_binary,0.07,finite_time,HL,239,0.13085444954149728,-0.14126598834991455,1.0818384000265384,0.2023364022798974,0.1175115671805258,512,LL,2,training,0.33477449385279645,0.15716485179648756
primary,broad_binary,0.07,finite_time,HL,239,0.13085444954149728,-0.14126598834991455,1.0818384000265384,0.2023364022798974,0.1175115671805258,512,ML,1,training,0.11532540759060086,0.04386260542924095
primary,broad_binary,0.07,finite_time,HL,239,0.13085444954149728,-0.14126598834991455,1.0818384000265384,0.2023364022798974,0.1175115671805258,512,HL,1,test,0.08391058347074484,0.027663148310289938
primary,broad_binary,0.07,finite_time,HL,239,0.13085444954149728,-0.14126598834991455,1.0818384000265384,0.2023364022798974,0.1175115671805258,512,HL,2,test,0.15111255089030676,0.04765446808157025
growth_sensitivity,retained_satellites,0.0,size_only,LL,198,0.0031848929766040823,0.0,0.0,0.11256312161502591,0.23570127476559113,256,LL,1,test,0.21505743641891342,0.03818914528251245
growth_sensitivity,retained_satellites,0.0,size_only,LL,198,0.0031848929766040823,0.0,0.0,0.11256312161502591,0.23570127476559113,256,LL,2,test,0.2563451131122688,0.10227195400612214
growth_sensitivity,retained_satellites,0.0,size_only,LL,198,0.0031848929766040823,0.0,0.0,0.11256312161502591,0.23570127476559113,256,ML,1,training,0.08508053514359687,0.020322960026637055
growth_sensitivity,retained_satellites,0.0,size_only,LL,198,0.0031848929766040823,0.0,0.0,0.11256312161502591,0.23570127476559113,256,HL,1,training,0.11180945762498506,0.052443102736347
growth_sensitivity,retained_satellites,0.0,size_only,LL,198,0.0031848929766040823,0.0,0.0,0.11256312161502591,0.23570127476559113,256,HL,2,training,0.1682819585479248,0.04711932156560479
growth_sensitivity,retained_satellites,0.0,size_only,ML,198,0.0031848929766040823,0.0,0.0,0.18787349142602305,0.08508053514359686,256,LL,1,training,0.21505743641891342,0.03818914528251245
growth_sensitivity,retained_satellites,0.0,size_only,ML,198,0.0031848929766040823,0.0,0.0,0.18787349142602305,0.08508053514359686,256,LL,2,training,0.2563451131122688,0.10227195400612214
growth_sensitivity,retained_satellites,0.0,size_only,ML,198,0.0031848929766040823,0.0,0.0,0.18787349142602305,0.08508053514359686,256,ML,1,test,0.08508053514359687,0.020322960026637055
growth_sensitivity,retained_satellites,0.0,size_only,ML,198,0.0031848929766040823,0.0,0.0,0.18787349142602305,0.08508053514359686,256,HL,1,training,0.11180945762498506,0.052443102736347
growth_sensitivity,retained_satellites,0.0,size_only,ML,198,0.0031848929766040823,0.0,0.0,0.18787349142602305,0.08508053514359686,256,HL,2,training,0.1682819585479248,0.04711932156560479
growth_sensitivity,retained_satellites,0.0,size_only,HL,22,0.0063501416951800916,0.0,0.0,0.1601408593258703,0.14357311396107728,256,LL,1,training,0.21423315089993583,0.03871298396242976
growth_sensitivity,retained_satellites,0.0,size_only,HL,22,0.0063501416951800916,0.0,0.0,0.1601408593258703,0.14357311396107728,256,LL,2,training,0.25324250497780293,0.10027032035187541
growth_sensitivity,retained_satellites,0.0,size_only,HL,22,0.0063501416951800916,0.0,0.0,0.1601408593258703,0.14357311396107728,256,ML,1,training,0.08654389071287119,0.02104450179928718
growth_sensitivity,retained_satellites,0.0,size_only,HL,22,0.0063501416951800916,0.0,0.0,0.1601408593258703,0.14357311396107728,256,HL,1,test,0.11561643343225282,0.05444473850647437
growth_sensitivity,retained_satellites,0.0,size_only,HL,22,0.0063501416951800916,0.0,0.0,0.1601408593258703,0.14357311396107728,256,HL,2,test,0.17152979448990174,0.04846506898339728
growth_sensitivity,retained_satellites,0.0,instantaneous,LL,134,0.003525199201836526,7.823885604739189,0.0,0.11113686119774682,0.22445833714975288,256,LL,1,test,0.2132050258543928,0.04170244379529483
growth_sensitivity,retained_satellites,0.0,instantaneous,LL,134,0.003525199201836526,7.823885604739189,0.0,0.11113686119774682,0.22445833714975288,256,LL,2,test,0.23571164844511305,0.0888334380470322
growth_sensitivity,retained_satellites,0.0,instantaneous,LL,134,0.003525199201836526,7.823885604739189,0.0,0.11113686119774682,0.22445833714975288,256,ML,1,training,0.08523751581142948,0.02038808627241158
growth_sensitivity,retained_satellites,0.0,instantaneous,LL,134,0.003525199201836526,7.823885604739189,0.0,0.11113686119774682,0.22445833714975288,256,HL,1,training,0.10856002044337137,0.050732006565281595
growth_sensitivity,retained_satellites,0.0,instantaneous,LL,134,0.003525199201836526,7.823885604739189,0.0,0.11113686119774682,0.22445833714975288,256,HL,2,training,0.165512392724757,0.04617025930098484
growth_sensitivity,retained_satellites,0.0,instantaneous,ML,74,0.016884701080293846,7.993404239416122,0.0,0.16900338851744745,0.09248167990280581,256,LL,1,training,0.22107533993391099,0.06743252743642589
growth_sensitivity,retained_satellites,0.0,instantaneous,ML,74,0.016884701080293846,7.993404239416122,0.0,0.16900338851744745,0.09248167990280581,256,LL,2,training,0.17685120304091148,0.03575522186295939
growth_sensitivity,retained_satellites,0.0,instantaneous,ML,74,0.016884701080293846,7.993404239416122,0.0,0.16900338851744745,0.09248167990280581,256,ML,1,test,0.09248167990280579,0.024603050886313867
growth_sensitivity,retained_satellites,0.0,instantaneous,ML,74,0.016884701080293846,7.993404239416122,0.0,0.16900338851744745,0.09248167990280581,256,HL,1,training,0.11072749791098305,0.051873628198351576
growth_sensitivity,retained_satellites,0.0,instantaneous,ML,74,0.016884701080293846,7.993404239416122,0.0,0.16900338851744745,0.09248167990280581,256,HL,2,training,0.16735951318398423,0.04679000539616602
growth_sensitivity,retained_satellites,0.0,instantaneous,HL,74,0.016884701080293846,7.993404239416122,0.0,0.14572247569510854,0.13904350554748363,256,LL,1,training,0.22107533993391099,0.06743252743642589
growth_sensitivity,retained_satellites,0.0,instantaneous,HL,74,0.016884701080293846,7.993404239416122,0.0,0.14572247569510854,0.13904350554748363,256,LL,2,training,0.17685120304091148,0.03575522186295939
growth_sensitivity,retained_satellites,0.0,instantaneous,HL,74,0.016884701080293846,7.993404239416122,0.0,0.14572247569510854,0.13904350554748363,256,ML,1,training,0.09248167990280579,0.024603050886313867
growth_sensitivity,retained_satellites,0.0,instantaneous,HL,74,0.016884701080293846,7.993404239416122,0.0,0.14572247569510854,0.13904350554748363,256,HL,1,test,0.11072749791098305,0.051873628198351576
growth_sensitivity,retained_satellites,0.0,instantaneous,HL,74,0.016884701080293846,7.993404239416122,0.0,0.14572247569510854,0.13904350554748363,256,HL,2,test,0.16735951318398423,0.04679000539616602
growth_sensitivity,retained_satellites,0.0,finite_time,LL,134,0.003525199201836526,7.823885604739189,1.3985556588872043,0.11120693291798614,0.22554765506017052,256,LL,1,test,0.2132535535007268,0.04135554553345343
growth_sensitivity,retained_satellites,0.0,finite_time,LL,134,0.003525199201836526,7.823885604739189,1.3985556588872043,0.11120693291798614,0.22554765506017052,256,LL,2,test,0.23784175661961432,0.09020553058030656
growth_sensitivity,retained_satellites,0.0,finite_time,LL,134,0.003525199201836526,7.823885604739189,1.3985556588872043,0.11120693291798614,0.22554765506017052,256,ML,1,training,0.08523751581142948,0.02038808627241158
growth_sensitivity,retained_satellites,0.0,finite_time,LL,134,0.003525199201836526,7.823885604739189,1.3985556588872043,0.11120693291798614,0.22554765506017052,256,HL,1,training,0.10871109051274538,0.05081140048340804
growth_sensitivity,retained_satellites,0.0,finite_time,LL,134,0.003525199201836526,7.823885604739189,1.3985556588872043,0.11120693291798614,0.22554765506017052,256,HL,2,training,0.16564160953634027,0.04621347241687919
growth_sensitivity,retained_satellites,0.0,finite_time,ML,26,0.02212785614753733,6.422272086143494,0.0,0.17039377374704534,0.09542171543789704,256,LL,1,training,0.21921874021022414,0.06320540812593572
growth_sensitivity,retained_satellites,0.0,finite_time,ML,26,0.02212785614753733,6.422272086143494,0.0,0.17039377374704534,0.09542171543789704,256,LL,2,training,0.17945661100235816,0.04259963037033842
growth_sensitivity,retained_satellites,0.0,finite_time,ML,26,0.02212785614753733,6.422272086143494,0.0,0.17039377374704534,0.09542171543789704,256,ML,1,test,0.09542171543789707,0.026560263582051522
growth_sensitivity,retained_satellites,0.0,finite_time,ML,26,0.02212785614753733,6.422272086143494,0.0,0.17039377374704534,0.09542171543789704,256,HL,1,training,0.11332512473595703,0.0532404060934532
growth_sensitivity,retained_satellites,0.0,finite_time,ML,26,0.02212785614753733,6.422272086143494,0.0,0.17039377374704534,0.09542171543789704,256,HL,2,training,0.16957461903964194,0.04765511875154008
growth_sensitivity,retained_satellites,0.0,finite_time,HL,26,0.02212785614753733,6.422272086143494,0.0,0.14737969552209412,0.1414498718877995,256,LL,1,training,0.21921874021022414,0.06320540812593572
growth_sensitivity,retained_satellites,0.0,finite_time,HL,26,0.02212785614753733,6.422272086143494,0.0,0.14737969552209412,0.1414498718877995,256,LL,2,training,0.17945661100235816,0.04259963037033842
growth_sensitivity,retained_satellites,0.0,finite_time,HL,26,0.02212785614753733,6.422272086143494,0.0,0.14737969552209412,0.1414498718877995,256,ML,1,training,0.09542171543789707,0.026560263582051522
growth_sensitivity,retained_satellites,0.0,finite_time,HL,26,0.02212785614753733,6.422272086143494,0.0,0.14737969552209412,0.1414498718877995,256,HL,1,test,0.11332512473595703,0.0532404060934532
growth_sensitivity,retained_satellites,0.0,finite_time,HL,26,0.02212785614753733,6.422272086143494,0.0,0.14737969552209412,0.1414498718877995,256,HL,2,test,0.16957461903964194,0.04765511875154008
growth_sensitivity,asymmetric_binary,0.0,size_only,LL,198,0.0031848929766040823,0.0,0.0,0.11076322736090416,0.23816228262407657,256,LL,1,test,0.2175079585162421,0.0385722288160477
growth_sensitivity,asymmetric_binary,0.0,size_only,LL,198,0.0031848929766040823,0.0,0.0,0.11076322736090416,0.23816228262407657,256,LL,2,test,0.25881660673191104,0.10278542281004643
growth_sensitivity,asymmetric_binary,0.0,size_only,LL,198,0.0031848929766040823,0.0,0.0,0.11076322736090416,0.23816228262407657,256,ML,1,training,0.08269403541985972,0.01984710683351884
growth_sensitivity,asymmetric_binary,0.0,size_only,LL,198,0.0031848929766040823,0.0,0.0,0.11076322736090416,0.23816228262407657,256,HL,1,training,0.11041692905929815,0.051929631929732725
growth_sensitivity,asymmetric_binary,0.0,size_only,LL,198,0.0031848929766040823,0.0,0.0,0.11076322736090416,0.23816228262407657,256,HL,2,training,0.16724790954459912,0.046610531995810715
growth_sensitivity,asymmetric_binary,0.0,size_only,ML,198,0.0031848929766040823,0.0,0.0,0.1884973509630126,0.0826940354198597,256,LL,1,training,0.2175079585162421,0.0385722288160477
growth_sensitivity,asymmetric_binary,0.0,size_only,ML,198,0.0031848929766040823,0.0,0.0,0.1884973509630126,0.0826940354198597,256,LL,2,training,0.25881660673191104,0.10278542281004643
growth_sensitivity,asymmetric_binary,0.0,size_only,ML,198,0.0031848929766040823,0.0,0.0,0.1884973509630126,0.0826940354198597,256,ML,1,test,0.08269403541985972,0.01984710683351884
growth_sensitivity,asymmetric_binary,0.0,size_only,ML,198,0.0031848929766040823,0.0,0.0,0.1884973509630126,0.0826940354198597,256,HL,1,training,0.11041692905929815,0.051929631929732725
growth_sensitivity,asymmetric_binary,0.0,size_only,ML,198,0.0031848929766040823,0.0,0.0,0.1884973509630126,0.0826940354198597,256,HL,2,training,0.16724790954459912,0.046610531995810715
growth_sensitivity,asymmetric_binary,0.0,size_only,HL,213,0.01565717795808769,0.0,0.0,0.15983899300176813,0.14883035476353546,256,LL,1,training,0.2241166663923758,0.041799614482684114
growth_sensitivity,asymmetric_binary,0.0,size_only,HL,213,0.01565717795808769,0.0,0.0,0.15983899300176813,0.14883035476353546,256,LL,2,training,0.2566406292288088,0.0969373250392574
growth_sensitivity,asymmetric_binary,0.0,size_only,HL,213,0.01565717795808769,0.0,0.0,0.15983899300176813,0.14883035476353546,256,ML,1,training,0.07929933819294391,0.02169976105981839
growth_sensitivity,asymmetric_binary,0.0,size_only,HL,213,0.01565717795808769,0.0,0.0,0.15983899300176813,0.14883035476353546,256,HL,1,test,0.1215822113777833,0.05777773015982084
growth_sensitivity,asymmetric_binary,0.0,size_only,HL,213,0.01565717795808769,0.0,0.0,0.15983899300176813,0.14883035476353546,256,HL,2,test,0.17607849814928764,0.04993342279442815
growth_sensitivity,asymmetric_binary,0.0,instantaneous,LL,74,0.016884701080293846,7.993404239416122,0.0,0.10859776937795401,0.2725377613028714,256,LL,1,test,0.293607460781196,0.07248824332891385
growth_sensitivity,asymmetric_binary,0.0,instantaneous,LL,74,0.016884701080293846,7.993404239416122,0.0,0.10859776937795401,0.2725377613028714,256,LL,2,test,0.25146806182454684,0.051654830012340266
growth_sensitivity,asymmetric_binary,0.0,instantaneous,LL,74,0.016884701080293846,7.993404239416122,0.0,0.10859776937795401,0.2725377613028714,256,ML,1,training,0.07902593554371615,0.021975601682173742
growth_sensitivity,asymmetric_binary,0.0,instantaneous,LL,74,0.016884701080293846,7.993404239416122,0.0,0.10859776937795401,0.2725377613028714,256,HL,1,training,0.10972473487095184,0.05150396008727495
growth_sensitivity,asymmetric_binary,0.0,instantaneous,LL,74,0.016884701080293846,7.993404239416122,0.0,0.10859776937795401,0.2725377613028714,256,HL,2,training,0.16661447155343184,0.046426588396420165
growth_sensitivity,asymmetric_binary,0.0,instantaneous,ML,198,0.0031848929766040823,0.7738854587078094,0.0,0.18833015994729518,0.0826940354198597,256,LL,1,training,0.21778522286210333,0.038698381362513724
growth_sensitivity,asymmetric_binary,0.0,instantaneous,ML,198,0.0031848929766040823,0.7738854587078094,0.0,0.18833015994729518,0.0826940354198597,256,LL,2,training,0.25869941385402406,0.10246295734243491
growth_sensitivity,asymmetric_binary,0.0,instantaneous,ML,198,0.0031848929766040823,0.7738854587078094,0.0,0.18833015994729518,0.0826940354198597,256,ML,1,test,0.08269403541985972,0.01984710683351884
growth_sensitivity,asymmetric_binary,0.0,instantaneous,ML,198,0.0031848929766040823,0.7738854587078094,0.0,0.18833015994729518,0.0826940354198597,256,HL,1,training,0.10998417011907209,0.051663566738452245
growth_sensitivity,asymmetric_binary,0.0,instantaneous,ML,198,0.0031848929766040823,0.7738854587078094,0.0,0.18833015994729518,0.0826940354198597,256,HL,2,training,0.16685183295398132,0.0464895693493549
growth_sensitivity,asymmetric_binary,0.0,instantaneous,HL,245,0.01902795257667768,-7.530756488442421,0.0,0.15849140193474584,0.24207550647334142,256,LL,1,training,0.21738975036672037,0.03851844577234633
growth_sensitivity,asymmetric_binary,0.0,instantaneous,HL,245,0.01902795257667768,-7.530756488442421,0.0,0.15849140193474584,0.24207550647334142,256,LL,2,training,0.25886641288721335,0.10292273637467675
growth_sensitivity,asymmetric_binary,0.0,instantaneous,HL,245,0.01902795257667768,-7.530756488442421,0.0,0.15849140193474584,0.24207550647334142,256,ML,1,training,0.07885472224252482,0.022456686392762017
growth_sensitivity,asymmetric_binary,0.0,instantaneous,HL,245,0.01902795257667768,-7.530756488442421,0.0,0.15849140193474584,0.24207550647334142,256,HL,1,test,0.220169549330478,0.1032375459341778
growth_sensitivity,asymmetric_binary,0.0,instantaneous,HL,245,0.01902795257667768,-7.530756488442421,0.0,0.15849140193474584,0.24207550647334142,256,HL,2,test,0.2639814636162048,0.08555432746694136
growth_sensitivity,asymmetric_binary,0.0,finite_time,LL,26,0.02212785614753733,6.422272086143494,0.0,0.10923662313252891,0.2661064743923374,256,LL,1,test,0.28396504920153226,0.06833561748341697
growth_sensitivity,asymmetric_binary,0.0,finite_time,LL,26,0.02212785614753733,6.422272086143494,0.0,0.10923662313252891,0.2661064743923374,256,LL,2,test,0.24824789958314264,0.057049336620843986
growth_sensitivity,asymmetric_binary,0.0,finite_time,LL,26,0.02212785614753733,6.422272086143494,0.0,0.10923662313252891,0.2661064743923374,256,ML,1,training,0.07871052134195292,0.023151295453059148
growth_sensitivity,asymmetric_binary,0.0,finite_time,LL,26,0.02212785614753733,6.422272086143494,0.0,0.10923662313252891,0.2661064743923374,256,HL,1,training,0.11138807935144857,0.0525259271009263
growth_sensitivity,asymmetric_binary,0.0,finite_time,LL,26,0.02212785614753733,6.422272086143494,0.0,0.10923662313252891,0.2661064743923374,256,HL,2,training,0.16813737049476124,0.04694716126691901
growth_sensitivity,asymmetric_binary,0.0,finite_time,ML,70,0.0034580967037145505,4.901635468006134,9.927567857377172,0.18828356356883413,0.0826159057080832,256,LL,1,training,0.21941048111271214,0.03958715765248203
growth_sensitivity,asymmetric_binary,0.0,finite_time,ML,70,0.0034580967037145505,4.901635468006134,9.927567857377172,0.18828356356883413,0.0826159057080832,256,LL,2,training,0.2581029323341642,0.1008669944663238
growth_sensitivity,asymmetric_binary,0.0,finite_time,ML,70,0.0034580967037145505,4.901635468006134,9.927567857377172,0.18828356356883413,0.0826159057080832,256,ML,1,test,0.08261590570808325,0.019858811541949944
growth_sensitivity,asymmetric_binary,0.0,finite_time,ML,70,0.0034580967037145505,4.901635468006134,9.927567857377172,0.18828356356883413,0.0826159057080832,256,HL,1,training,0.10934825380817745,0.05127257368740694
growth_sensitivity,asymmetric_binary,0.0,finite_time,ML,70,0.0034580967037145505,4.901635468006134,9.927567857377172,0.18828356356883413,0.0826159057080832,256,HL,2,training,0.1662725870202829,0.04633532376344322
growth_sensitivity,asymmetric_binary,0.0,finite_time,HL,165,0.020536841728357014,-6.084138140082359,0.25366544697042503,0.15855814806511004,0.21476458709377524,256,LL,1,training,0.21809650709713768,0.03888685763972193
growth_sensitivity,asymmetric_binary,0.0,finite_time,HL,165,0.020536841728357014,-6.084138140082359,0.25366544697042503,0.15855814806511004,0.21476458709377524,256,LL,2,training,0.25856932678506134,0.10210202809891339
growth_sensitivity,asymmetric_binary,0.0,finite_time,HL,165,0.020536841728357014,-6.084138140082359,0.25366544697042503,0.15855814806511004,0.21476458709377524,256,ML,1,training,0.07878337918912062,0.022794969736256866
growth_sensitivity,asymmetric_binary,0.0,finite_time,HL,165,0.020536841728357014,-6.084138140082359,0.25366544697042503,0.15855814806511004,0.21476458709377524,256,HL,1,test,0.19200808921311935,0.09084717529292571
growth_sensitivity,asymmetric_binary,0.0,finite_time,HL,165,0.020536841728357014,-6.084138140082359,0.25366544697042503,0.15855814806511004,0.21476458709377524,256,HL,2,test,0.23752108497443114,0.07394547677523232
growth_sensitivity,broad_binary,0.0,size_only,LL,198,0.0031848929766040823,0.0,0.0,0.11086734707295015,0.2395090419767355,256,LL,1,test,0.21992778449971062,0.03971639001019235
growth_sensitivity,broad_binary,0.0,size_only,LL,198,0.0031848929766040823,0.0,0.0,0.11086734707295015,0.2395090419767355,256,LL,2,test,0.2590902994537603,0.10129954232637728
growth_sensitivity,broad_binary,0.0,size_only,LL,198,0.0031848929766040823,0.0,0.0,0.11086734707295015,0.2395090419767355,256,ML,1,training,0.08133786284931145,0.019765940644421942
growth_sensitivity,broad_binary,0.0,size_only,LL,198,0.0031848929766040823,0.0,0.0,0.11086734707295015,0.2395090419767355,256,HL,1,training,0.11219369316642165,0.05341551232327321
growth_sensitivity,broad_binary,0.0,size_only,LL,198,0.0031848929766040823,0.0,0.0,0.11086734707295015,0.2395090419767355,256,HL,2,training,0.1685999694267561,0.047195172041223386
growth_sensitivity,broad_binary,0.0,size_only,ML,198,0.0031848929766040823,0.0,0.0,0.18995293663666218,0.08133786284931145,256,LL,1,training,0.21992778449971062,0.03971639001019235
growth_sensitivity,broad_binary,0.0,size_only,ML,198,0.0031848929766040823,0.0,0.0,0.18995293663666218,0.08133786284931145,256,LL,2,training,0.2590902994537603,0.10129954232637728
growth_sensitivity,broad_binary,0.0,size_only,ML,198,0.0031848929766040823,0.0,0.0,0.18995293663666218,0.08133786284931145,256,ML,1,test,0.08133786284931145,0.019765940644421942
growth_sensitivity,broad_binary,0.0,size_only,ML,198,0.0031848929766040823,0.0,0.0,0.18995293663666218,0.08133786284931145,256,HL,1,training,0.11219369316642165,0.05341551232327321
growth_sensitivity,broad_binary,0.0,size_only,ML,198,0.0031848929766040823,0.0,0.0,0.18995293663666218,0.08133786284931145,256,HL,2,training,0.1685999694267561,0.047195172041223386
growth_sensitivity,broad_binary,0.0,size_only,HL,150,0.006024784301287608,0.0,0.0,0.16039026312297022,0.14446574693306274,256,LL,1,training,0.22402170828651358,0.04153662891393838
growth_sensitivity,broad_binary,0.0,size_only,HL,150,0.006024784301287608,0.0,0.0,0.16039026312297022,0.14446574693306274,256,LL,2,training,0.258842621628086,0.09865552103791941
growth_sensitivity,broad_binary,0.0,size_only,HL,150,0.006024784301287608,0.0,0.0,0.16039026312297022,0.14446574693306274,256,ML,1,training,0.0793483612886407,0.020398547220016296
growth_sensitivity,broad_binary,0.0,size_only,HL,150,0.006024784301287608,0.0,0.0,0.16039026312297022,0.14446574693306274,256,HL,1,test,0.11706596509414273,0.056059533635935854
growth_sensitivity,broad_binary,0.0,size_only,HL,150,0.006024784301287608,0.0,0.0,0.16039026312297022,0.14446574693306274,256,HL,2,test,0.17186552877198275,0.04848161902898596
growth_sensitivity,broad_binary,0.0,instantaneous,LL,14,0.00713475685485202,7.613024458289146,0.0,0.10848301291950882,0.27167512410670236,256,LL,1,test,0.28561466301452154,0.06789026546549098
growth_sensitivity,broad_binary,0.0,instantaneous,LL,14,0.00713475685485202,7.613024458289146,0.0,0.10848301291950882,0.27167512410670236,256,LL,2,test,0.25773558519888323,0.063160358417475
growth_sensitivity,broad_binary,0.0,instantaneous,LL,14,0.00713475685485202,7.613024458289146,0.0,0.10848301291950882,0.27167512410670236,256,ML,1,training,0.07918633006597017,0.020811412065473194
growth_sensitivity,broad_binary,0.0,instantaneous,LL,14,0.00713475685485202,7.613024458289146,0.0,0.10848301291950882,0.27167512410670236,256,HL,1,training,0.10936620081560258,0.05142026527636125
growth_sensitivity,broad_binary,0.0,instantaneous,LL,14,0.00713475685485202,7.613024458289146,0.0,0.10848301291950882,0.27167512410670236,256,HL,2,training,0.16619319073049232,0.04628873141094444
growth_sensitivity,broad_binary,0.0,instantaneous,ML,198,0.0031848929766040823,0.7738854587078094,0.0,0.18983604183753747,0.08133786284931145,256,LL,1,training,0.22091333097897609,0.04015543145983489
growth_sensitivity,broad_binary,0.0,instantaneous,ML,198,0.0031848929766040823,0.7738854587078094,0.0,0.18983604183753747,0.08133786284931145,256,LL,2,training,0.2590313644209609,0.10066377172660045
growth_sensitivity,broad_binary,0.0,instantaneous,ML,198,0.0031848929766040823,0.7738854587078094,0.0,0.18983604183753747,0.08133786284931145,256,ML,1,test,0.08133786284931145,0.019765940644421942
growth_sensitivity,broad_binary,0.0,instantaneous,ML,198,0.0031848929766040823,0.7738854587078094,0.0,0.18983604183753747,0.08133786284931145,256,HL,1,training,0.11143789886293777,0.05289023550343487
growth_sensitivity,broad_binary,0.0,instantaneous,ML,198,0.0031848929766040823,0.7738854587078094,0.0,0.18983604183753747,0.08133786284931145,256,HL,2,training,0.1679615730872752,0.046941790269582194
growth_sensitivity,broad_binary,0.0,instantaneous,HL,177,0.006734364853229165,-7.896472841501236,0.0,0.15876884141656164,0.2127412217591798,256,LL,1,training,0.2172718518977839,0.03844077674783318
growth_sensitivity,broad_binary,0.0,instantaneous,HL,177,0.006734364853229165,-7.896472841501236,0.0,0.15876884141656164,0.2127412217591798,256,LL,2,training,0.2594896787230705,0.10341609851432335
growth_sensitivity,broad_binary,0.0,instantaneous,HL,177,0.006734364853229165,-7.896472841501236,0.0,0.15876884141656164,0.2127412217591798,256,ML,1,training,0.07915691752269613,0.020662452479187954
growth_sensitivity,broad_binary,0.0,instantaneous,HL,177,0.006734364853229165,-7.896472841501236,0.0,0.15876884141656164,0.2127412217591798,256,HL,1,test,0.19056323830795752,0.09204317125561008
growth_sensitivity,broad_binary,0.0,instantaneous,HL,177,0.006734364853229165,-7.896472841501236,0.0,0.15876884141656164,0.2127412217591798,256,HL,2,test,0.23491920521040216,0.07455020154541919
growth_sensitivity,broad_binary,0.0,finite_time,LL,14,0.00713475685485202,7.613024458289146,0.0,0.10848301291950882,0.27167512410670236,256,LL,1,test,0.28561466301452154,0.06789026546549098
growth_sensitivity,broad_binary,0.0,finite_time,LL,14,0.00713475685485202,7.613024458289146,0.0,0.10848301291950882,0.27167512410670236,256,LL,2,test,0.25773558519888323,0.063160358417475
growth_sensitivity,broad_binary,0.0,finite_time,LL,14,0.00713475685485202,7.613024458289146,0.0,0.10848301291950882,0.27167512410670236,256,ML,1,training,0.07918633006597017,0.020811412065473194
growth_sensitivity,broad_binary,0.0,finite_time,LL,14,0.00713475685485202,7.613024458289146,0.0,0.10848301291950882,0.27167512410670236,256,HL,1,training,0.10936620081560258,0.05142026527636125
growth_sensitivity,broad_binary,0.0,finite_time,LL,14,0.00713475685485202,7.613024458289146,0.0,0.10848301291950882,0.27167512410670236,256,HL,2,training,0.16619319073049232,0.04628873141094444
growth_sensitivity,broad_binary,0.0,finite_time,ML,198,0.0031848929766040823,0.7738854587078094,5.678661612691661,0.18985990584902832,0.08133786284931145,256,LL,1,training,0.2206289734404613,0.04002891028993303
growth_sensitivity,broad_binary,0.0,finite_time,ML,198,0.0031848929766040823,0.7738854587078094,5.678661612691661,0.18985990584902832,0.08133786284931145,256,LL,2,training,0.2590481104763802,0.10084705453694562
growth_sensitivity,broad_binary,0.0,finite_time,ML,198,0.0031848929766040823,0.7738854587078094,5.678661612691661,0.18985990584902832,0.08133786284931145,256,ML,1,test,0.08133786284931145,0.019765940644421942
growth_sensitivity,broad_binary,0.0,finite_time,ML,198,0.0031848929766040823,0.7738854587078094,5.678661612691661,0.18985990584902832,0.08133786284931145,256,HL,1,training,0.11163320482137903,0.0530283547528211
growth_sensitivity,broad_binary,0.0,finite_time,ML,198,0.0031848929766040823,0.7738854587078094,5.678661612691661,0.18985990584902832,0.08133786284931145,256,HL,2,training,0.1681293346578927,0.04700833824080043
growth_sensitivity,broad_binary,0.0,finite_time,HL,17,0.00828777939920062,-6.836603492498398,0.0,0.1590492877077317,0.2082230036671833,256,LL,1,training,0.2179181282259886,0.038719573527355666
growth_sensitivity,broad_binary,0.0,finite_time,HL,17,0.00828777939920062,-6.836603492498398,0.0,0.1590492877077317,0.2082230036671833,256,LL,2,training,0.25938161316990294,0.10288270937011108
growth_sensitivity,broad_binary,0.0,finite_time,HL,17,0.00828777939920062,-6.836603492498398,0.0,0.1590492877077317,0.2082230036671833,256,ML,1,training,0.07944870471751768,0.021240559161936966
growth_sensitivity,broad_binary,0.0,finite_time,HL,17,0.00828777939920062,-6.836603492498398,0.0,0.1590492877077317,0.2082230036671833,256,HL,1,test,0.18588639979107563,0.08994084241606337
growth_sensitivity,broad_binary,0.0,finite_time,HL,17,0.00828777939920062,-6.836603492498398,0.0,0.1590492877077317,0.2082230036671833,256,HL,2,test,0.23055960754329097,0.07254910181888109
growth_sensitivity,retained_satellites,0.06,size_only,LL,136,0.1061259783056239,0.0,0.0,0.21541133727483602,0.18922316876066844,256,LL,1,test,0.13888069760294014,0.09528983126060793
growth_sensitivity,retained_satellites,0.06,size_only,LL,136,0.1061259783056239,0.0,0.0,0.21541133727483602,0.18922316876066844,256,LL,2,test,0.2395656399183968,0.18993814119591515
growth_sensitivity,retained_satellites,0.06,size_only,LL,136,0.1061259783056239,0.0,0.0,0.21541133727483602,0.18922316876066844,256,ML,1,training,0.21215718762635918,0.09938127879363168
growth_sensitivity,retained_satellites,0.06,size_only,LL,136,0.1061259783056239,0.0,0.0,0.21541133727483602,0.18922316876066844,256,HL,1,training,0.19037819156320604,0.07604775134983169
growth_sensitivity,retained_satellites,0.06,size_only,LL,136,0.1061259783056239,0.0,0.0,0.21541133727483602,0.18922316876066844,256,HL,2,training,0.24695278228341966,0.09657714778666748
growth_sensitivity,retained_satellites,0.06,size_only,ML,176,0.16542916339864827,0.0,0.0,0.1952290031784465,0.20547021474704977,256,LL,1,training,0.12430889749688658,0.050479216610944476
growth_sensitivity,retained_satellites,0.06,size_only,ML,176,0.16542916339864827,0.0,0.0,0.1952290031784465,0.20547021474704977,256,LL,2,training,0.1875791067189609,0.14509281936622723
growth_sensitivity,retained_satellites,0.06,size_only,ML,176,0.16542916339864827,0.0,0.0,0.1952290031784465,0.20547021474704977,256,ML,1,test,0.2054702147470498,0.07425230150448366
growth_sensitivity,retained_satellites,0.06,size_only,ML,176,0.16542916339864827,0.0,0.0,0.1952290031784465,0.20547021474704977,256,HL,1,training,0.20213298197941534,0.06684954883286465
growth_sensitivity,retained_satellites,0.06,size_only,ML,176,0.16542916339864827,0.0,0.0,0.1952290031784465,0.20547021474704977,256,HL,2,training,0.2668950265185232,0.08811394822671534
growth_sensitivity,retained_satellites,0.06,size_only,HL,95,0.19244836752929778,0.0,0.0,0.17782981752818583,0.2458762992390422,256,LL,1,training,0.12626603818450785,0.03685593089009982
growth_sensitivity,retained_satellites,0.06,size_only,HL,95,0.19244836752929778,0.0,0.0,0.17782981752818583,0.2458762992390422,256,LL,2,training,0.16969668802839516,0.1267879884285717
growth_sensitivity,retained_satellites,0.06,size_only,HL,95,0.19244836752929778,0.0,0.0,0.17782981752818583,0.2458762992390422,256,ML,1,training,0.2076782719499202,0.06868013642833702
growth_sensitivity,retained_satellites,0.06,size_only,HL,95,0.19244836752929778,0.0,0.0,0.17782981752818583,0.2458762992390422,256,HL,1,test,0.21359568034974255,0.06818957823225084
growth_sensitivity,retained_satellites,0.06,size_only,HL,95,0.19244836752929778,0.0,0.0,0.17782981752818583,0.2458762992390422,256,HL,2,test,0.2781569181283419,0.08868887466035379
growth_sensitivity,retained_satellites,0.06,instantaneous,LL,96,0.16800136987796183,3.783211410045624,0.0,0.20959882285134984,0.17906496769074215,256,LL,1,test,0.21009070399193894,0.0892131167893449
growth_sensitivity,retained_satellites,0.06,instantaneous,LL,96,0.16800136987796183,3.783211410045624,0.0,0.20959882285134984,0.17906496769074215,256,LL,2,test,0.14803923138954536,0.0349701347967736
growth_sensitivity,retained_satellites,0.06,instantaneous,LL,96,0.16800136987796183,3.783211410045624,0.0,0.20959882285134984,0.17906496769074215,256,ML,1,training,0.2054469433738364,0.07355749645765042
growth_sensitivity,retained_satellites,0.06,instantaneous,LL,96,0.16800136987796183,3.783211410045624,0.0,0.20959882285134984,0.17906496769074215,256,HL,1,training,0.18669966851375946,0.09384437897467243
growth_sensitivity,retained_satellites,0.06,instantaneous,LL,96,0.16800136987796183,3.783211410045624,0.0,0.20959882285134984,0.17906496769074215,256,HL,2,training,0.24080173614396708,0.11233624187682306
growth_sensitivity,retained_satellites,0.06,instantaneous,ML,48,0.1524119183189997,2.354815512895584,0.0,0.18004195202062728,0.20569994774694694,256,LL,1,training,0.14406937612383,0.03941868081407119
growth_sensitivity,retained_satellites,0.06,instantaneous,ML,48,0.1524119183189997,2.354815512895584,0.0,0.18004195202062728,0.20569994774694694,256,LL,2,training,0.14552633302319556,0.07823420560511152
growth_sensitivity,retained_satellites,0.06,instantaneous,ML,48,0.1524119183189997,2.354815512895584,0.0,0.18004195202062728,0.20569994774694694,256,ML,1,test,0.2056999477469469,0.07824871124246986
growth_sensitivity,retained_satellites,0.06,instantaneous,ML,48,0.1524119183189997,2.354815512895584,0.0,0.18004195202062728,0.20569994774694694,256,HL,1,training,0.1881853593733695,0.08426446446161287
growth_sensitivity,retained_satellites,0.06,instantaneous,ML,48,0.1524119183189997,2.354815512895584,0.0,0.18004195202062728,0.20569994774694694,256,HL,2,training,0.24238673956211415,0.10377302388937876
growth_sensitivity,retained_satellites,0.06,instantaneous,HL,48,0.1524119183189997,2.354815512895584,0.0,0.17524890116022984,0.21528604946774182,256,LL,1,training,0.14406937612383,0.03941868081407119
growth_sensitivity,retained_satellites,0.06,instantaneous,HL,48,0.1524119183189997,2.354815512895584,0.0,0.17524890116022984,0.21528604946774182,256,LL,2,training,0.14552633302319556,0.07823420560511152
growth_sensitivity,retained_satellites,0.06,instantaneous,HL,48,0.1524119183189997,2.354815512895584,0.0,0.17524890116022984,0.21528604946774182,256,ML,1,training,0.2056999477469469,0.07824871124246986
growth_sensitivity,retained_satellites,0.06,instantaneous,HL,48,0.1524119183189997,2.354815512895584,0.0,0.17524890116022984,0.21528604946774182,256,HL,1,test,0.1881853593733695,0.08426446446161287
growth_sensitivity,retained_satellites,0.06,instantaneous,HL,48,0.1524119183189997,2.354815512895584,0.0,0.17524890116022984,0.21528604946774182,256,HL,2,test,0.24238673956211415,0.10377302388937876
growth_sensitivity,retained_satellites,0.06,finite_time,LL,224,0.1771425837540777,7.907413810491562,15.252945637964608,0.2087325620956005,0.19372615622250594,256,LL,1,test,0.23421353679811316,0.10104382979236297
growth_sensitivity,retained_satellites,0.06,finite_time,LL,224,0.1771425837540777,7.907413810491562,15.252945637964608,0.2087325620956005,0.19372615622250594,256,LL,2,test,0.15323877564689875,0.037397690076529315
growth_sensitivity,retained_satellites,0.06,finite_time,LL,224,0.1771425837540777,7.907413810491562,15.252945637964608,0.2087325620956005,0.19372615622250594,256,ML,1,training,0.20562131434014674,0.07114820102662303
growth_sensitivity,retained_satellites,0.06,finite_time,LL,224,0.1771425837540777,7.907413810491562,15.252945637964608,0.2087325620956005,0.19372615622250594,256,HL,1,training,0.18475745699766427,0.08588240916646606
growth_sensitivity,retained_satellites,0.06,finite_time,LL,224,0.1771425837540777,7.907413810491562,15.252945637964608,0.2087325620956005,0.19372615622250594,256,HL,2,training,0.23893016270444437,0.10475650673852717
growth_sensitivity,retained_satellites,0.06,finite_time,ML,144,0.13535760175210307,3.4121348559856415,10.228843688400106,0.1783682915857937,0.20645455710056324,256,LL,1,training,0.1296599957615529,0.033003292296446066
growth_sensitivity,retained_satellites,0.06,finite_time,ML,144,0.13535760175210307,3.4121348559856415,10.228843688400106,0.1783682915857937,0.20645455710056324,256,LL,2,training,0.15610060731869735,0.1065355157463842
growth_sensitivity,retained_satellites,0.06,finite_time,ML,144,0.13535760175210307,3.4121348559856415,10.228843688400106,0.1783682915857937,0.20645455710056324,256,ML,1,test,0.20645455710056324,0.08488064302326115
growth_sensitivity,retained_satellites,0.06,finite_time,ML,144,0.13535760175210307,3.4121348559856415,10.228843688400106,0.1783682915857937,0.20645455710056324,256,HL,1,training,0.18668481821195393,0.08355832129708202
growth_sensitivity,retained_satellites,0.06,finite_time,ML,144,0.13535760175210307,3.4121348559856415,10.228843688400106,0.1783682915857937,0.20645455710056324,256,HL,2,training,0.24102774505097074,0.10305692041431178
growth_sensitivity,retained_satellites,0.06,finite_time,HL,112,0.140817810478024,5.305210217833519,22.956243194386403,0.1743173141010631,0.21458466608882573,256,LL,1,training,0.12971985327734176,0.032959829116753624
growth_sensitivity,retained_satellites,0.06,finite_time,HL,112,0.140817810478024,5.305210217833519,22.956243194386403,0.1743173141010631,0.21458466608882573,256,LL,2,training,0.15541341100993278,0.1056047732015512
growth_sensitivity,retained_satellites,0.06,finite_time,HL,112,0.140817810478024,5.305210217833519,22.956243194386403,0.1743173141010631,0.21458466608882573,256,ML,1,training,0.20606799605848894,0.082713428745432
growth_sensitivity,retained_satellites,0.06,finite_time,HL,112,0.140817810478024,5.305210217833519,22.956243194386403,0.1743173141010631,0.21458466608882573,256,HL,1,test,0.1871107956285451,0.080401108129581
growth_sensitivity,retained_satellites,0.06,finite_time,HL,112,0.140817810478024,5.305210217833519,22.956243194386403,0.1743173141010631,0.21458466608882573,256,HL,2,test,0.24205853654910636,0.1003437396422767
growth_sensitivity,asymmetric_binary,0.06,size_only,LL,127,0.22851949269679817,0.0,0.0,0.11262436936485662,0.26405748310688143,256,LL,1,test,0.23249467596100434,0.04980391663643977
growth_sensitivity,asymmetric_binary,0.06,size_only,LL,127,0.22851949269679817,0.0,0.0,0.11262436936485662,0.26405748310688143,256,LL,2,test,0.2956202902527583,0.14225157443056133
growth_sensitivity,asymmetric_binary,0.06,size_only,LL,127,0.22851949269679817,0.0,0.0,0.11262436936485662,0.26405748310688143,256,ML,1,training,0.08692682385848563,0.03820044328366475
growth_sensitivity,asymmetric_binary,0.06,size_only,LL,127,0.22851949269679817,0.0,0.0,0.11262436936485662,0.26405748310688143,256,HL,1,training,0.09954369879076644,0.03852250419413421
growth_sensitivity,asymmetric_binary,0.06,size_only,LL,127,0.22851949269679817,0.0,0.0,0.11262436936485662,0.26405748310688143,256,HL,2,training,0.1771001309516888,0.05863720530184058
growth_sensitivity,asymmetric_binary,0.06,size_only,ML,224,0.1771425837540777,0.0,0.0,0.1919848528557827,0.11570649013244641,256,LL,1,training,0.21276814507030375,0.07490668648945405
growth_sensitivity,asymmetric_binary,0.06,size_only,ML,224,0.1771425837540777,0.0,0.0,0.1919848528557827,0.11570649013244641,256,LL,2,training,0.30508652860663465,0.16958382232559685
growth_sensitivity,asymmetric_binary,0.06,size_only,ML,224,0.1771425837540777,0.0,0.0,0.1919848528557827,0.11570649013244641,256,ML,1,test,0.1157064901324464,0.06266656785482666
growth_sensitivity,asymmetric_binary,0.06,size_only,ML,224,0.1771425837540777,0.0,0.0,0.1919848528557827,0.11570649013244641,256,HL,1,training,0.08710082872292438,0.04141660348865637
growth_sensitivity,asymmetric_binary,0.06,size_only,ML,224,0.1771425837540777,0.0,0.0,0.1919848528557827,0.11570649013244641,256,HL,2,training,0.16298390902326787,0.06342023755162617
growth_sensitivity,asymmetric_binary,0.06,size_only,HL,128,0.23413218205042263,0.0,0.0,0.17496388079665465,0.14085794978541216,256,LL,1,training,0.23502461397373467,0.04895618621156513
growth_sensitivity,asymmetric_binary,0.06,size_only,HL,128,0.23413218205042263,0.0,0.0,0.17496388079665465,0.14085794978541216,256,LL,2,training,0.29472531395822427,0.1394377473703098
growth_sensitivity,asymmetric_binary,0.06,size_only,HL,128,0.23413218205042263,0.0,0.0,0.17496388079665465,0.14085794978541216,256,ML,1,training,0.08505279762732984,0.03688268156078244
growth_sensitivity,asymmetric_binary,0.06,size_only,HL,128,0.23413218205042263,0.0,0.0,0.17496388079665465,0.14085794978541216,256,HL,1,test,0.10230419459717006,0.038874348696490195
growth_sensitivity,asymmetric_binary,0.06,size_only,HL,128,0.23413218205042263,0.0,0.0,0.17496388079665465,0.14085794978541216,256,HL,2,test,0.17941170497365425,0.058482280126837885
growth_sensitivity,asymmetric_binary,0.06,instantaneous,LL,180,0.26631191664577736,1.0480666756629944,0.0,0.10570441599465905,0.2932683176096356,256,LL,1,test,0.2905753187643011,0.05847861711088683
growth_sensitivity,asymmetric_binary,0.06,instantaneous,LL,180,0.26631191664577736,1.0480666756629944,0.0,0.10570441599465905,0.2932683176096356,256,LL,2,test,0.29596131645497026,0.08967799371567402
growth_sensitivity,asymmetric_binary,0.06,instantaneous,LL,180,0.26631191664577736,1.0480666756629944,0.0,0.10570441599465905,0.2932683176096356,256,ML,1,training,0.08270140088037074,0.032505375268314415
growth_sensitivity,asymmetric_binary,0.06,instantaneous,LL,180,0.26631191664577736,1.0480666756629944,0.0,0.10570441599465905,0.2932683176096356,256,HL,1,training,0.08973336474840443,0.038367681673964246
growth_sensitivity,asymmetric_binary,0.06,instantaneous,LL,180,0.26631191664577736,1.0480666756629944,0.0,0.10570441599465905,0.2932683176096356,256,HL,2,training,0.16768149746949018,0.05951413040062049
growth_sensitivity,asymmetric_binary,0.06,instantaneous,ML,31,0.17387841674875754,-0.5201893746852875,0.0,0.19307179988556922,0.1179454711626877,256,LL,1,training,0.20939803185706962,0.08897408790838134
growth_sensitivity,asymmetric_binary,0.06,instantaneous,ML,31,0.17387841674875754,-0.5201893746852875,0.0,0.19307179988556922,0.1179454711626877,256,LL,2,training,0.3092994130259917,0.18365139216088106
growth_sensitivity,asymmetric_binary,0.06,instantaneous,ML,31,0.17387841674875754,-0.5201893746852875,0.0,0.19307179988556922,0.1179454711626877,256,ML,1,test,0.11794547116268772,0.06446115482433004
growth_sensitivity,asymmetric_binary,0.06,instantaneous,ML,31,0.17387841674875754,-0.5201893746852875,0.0,0.19307179988556922,0.1179454711626877,256,HL,1,training,0.08808323699814148,0.03869624464425362
growth_sensitivity,asymmetric_binary,0.06,instantaneous,ML,31,0.17387841674875754,-0.5201893746852875,0.0,0.19307179988556922,0.1179454711626877,256,HL,2,training,0.16550651766107394,0.060150748186290154
growth_sensitivity,asymmetric_binary,0.06,instantaneous,HL,11,0.24035528798849104,-1.4604194611310959,0.0,0.17150276490305008,0.2082813637888612,256,LL,1,training,0.21098012706342933,0.08074623708732795
growth_sensitivity,asymmetric_binary,0.06,instantaneous,HL,11,0.24035528798849104,-1.4604194611310959,0.0,0.17150276490305008,0.2082813637888612,256,LL,2,training,0.30688542934340024,0.1754234438747948
growth_sensitivity,asymmetric_binary,0.06,instantaneous,HL,11,0.24035528798849104,-1.4604194611310959,0.0,0.17150276490305008,0.2082813637888612,256,ML,1,training,0.08407275160268543,0.035634064626668606
growth_sensitivity,asymmetric_binary,0.06,instantaneous,HL,11,0.24035528798849104,-1.4604194611310959,0.0,0.17150276490305008,0.2082813637888612,256,HL,1,test,0.17609701476674253,0.066209402690583
growth_sensitivity,asymmetric_binary,0.06,instantaneous,HL,11,0.24035528798849104,-1.4604194611310959,0.0,0.17150276490305008,0.2082813637888612,256,HL,2,test,0.24046571281097984,0.07010282050727658
growth_sensitivity,asymmetric_binary,0.06,finite_time,LL,116,0.24817672897975132,2.220545217394829,1.1222432260071242,0.10548134911064701,0.3231952153613399,256,LL,1,test,0.33370576831671117,0.07490406570209279
growth_sensitivity,asymmetric_binary,0.06,finite_time,LL,116,0.24817672897975132,2.220545217394829,1.1222432260071242,0.10548134911064701,0.3231952153613399,256,LL,2,test,0.3126846624059684,0.06361995313997543
growth_sensitivity,asymmetric_binary,0.06,finite_time,LL,116,0.24817672897975132,2.220545217394829,1.1222432260071242,0.10548134911064701,0.3231952153613399,256,ML,1,training,0.08287274535821013,0.034287669497126756
growth_sensitivity,asymmetric_binary,0.06,finite_time,LL,116,0.24817672897975132,2.220545217394829,1.1222432260071242,0.10548134911064701,0.3231952153613399,256,HL,1,training,0.09510087671648972,0.04887014286869188
growth_sensitivity,asymmetric_binary,0.06,finite_time,LL,116,0.24817672897975132,2.220545217394829,1.1222432260071242,0.10548134911064701,0.3231952153613399,256,HL,2,training,0.16107902900967808,0.07029149590828074
growth_sensitivity,asymmetric_binary,0.06,finite_time,ML,31,0.17387841674875754,-0.5201893746852875,0.0,0.19307179988556922,0.1179454711626877,256,LL,1,training,0.20939803185706962,0.08897408790838134
growth_sensitivity,asymmetric_binary,0.06,finite_time,ML,31,0.17387841674875754,-0.5201893746852875,0.0,0.19307179988556922,0.1179454711626877,256,LL,2,training,0.3092994130259917,0.18365139216088106
growth_sensitivity,asymmetric_binary,0.06,finite_time,ML,31,0.17387841674875754,-0.5201893746852875,0.0,0.19307179988556922,0.1179454711626877,256,ML,1,test,0.11794547116268772,0.06446115482433004
growth_sensitivity,asymmetric_binary,0.06,finite_time,ML,31,0.17387841674875754,-0.5201893746852875,0.0,0.19307179988556922,0.1179454711626877,256,HL,1,training,0.08808323699814148,0.03869624464425362
growth_sensitivity,asymmetric_binary,0.06,finite_time,ML,31,0.17387841674875754,-0.5201893746852875,0.0,0.19307179988556922,0.1179454711626877,256,HL,2,training,0.16550651766107394,0.060150748186290154
growth_sensitivity,asymmetric_binary,0.06,finite_time,HL,11,0.24035528798849104,-1.4604194611310959,0.0,0.17150276490305008,0.2082813637888612,256,LL,1,training,0.21098012706342933,0.08074623708732795
growth_sensitivity,asymmetric_binary,0.06,finite_time,HL,11,0.24035528798849104,-1.4604194611310959,0.0,0.17150276490305008,0.2082813637888612,256,LL,2,training,0.30688542934340024,0.1754234438747948
growth_sensitivity,asymmetric_binary,0.06,finite_time,HL,11,0.24035528798849104,-1.4604194611310959,0.0,0.17150276490305008,0.2082813637888612,256,ML,1,training,0.08407275160268543,0.035634064626668606
growth_sensitivity,asymmetric_binary,0.06,finite_time,HL,11,0.24035528798849104,-1.4604194611310959,0.0,0.17150276490305008,0.2082813637888612,256,HL,1,test,0.17609701476674253,0.066209402690583
growth_sensitivity,asymmetric_binary,0.06,finite_time,HL,11,0.24035528798849104,-1.4604194611310959,0.0,0.17150276490305008,0.2082813637888612,256,HL,2,test,0.24046571281097984,0.07010282050727658
growth_sensitivity,broad_binary,0.06,size_only,LL,40,0.095333287025842,0.0,0.0,0.10906125536282965,0.2786418258766739,256,LL,1,test,0.2287572886564381,0.06868476158398719
growth_sensitivity,broad_binary,0.06,size_only,LL,40,0.095333287025842,0.0,0.0,0.10906125536282965,0.2786418258766739,256,LL,2,test,0.3285263630969098,0.16336222122544036
growth_sensitivity,broad_binary,0.06,size_only,LL,40,0.095333287025842,0.0,0.0,0.10906125536282965,0.2786418258766739,256,ML,1,training,0.11489173741983473,0.05541844078059971
growth_sensitivity,broad_binary,0.06,size_only,LL,40,0.095333287025842,0.0,0.0,0.10906125536282965,0.2786418258766739,256,HL,1,training,0.07149974853822919,0.028443205146746524
growth_sensitivity,broad_binary,0.06,size_only,LL,40,0.095333287025842,0.0,0.0,0.10906125536282965,0.2786418258766739,256,HL,2,training,0.13496179807341996,0.05045115920246984
growth_sensitivity,broad_binary,0.06,size_only,ML,104,0.08813949106941732,0.0,0.0,0.18910655364702264,0.11860257339245044,256,LL,1,training,0.22511999743570238,0.07658937003369083
growth_sensitivity,broad_binary,0.06,size_only,ML,104,0.08813949106941732,0.0,0.0,0.18910655364702264,0.11860257339245044,256,LL,2,training,0.33012494390259767,0.17126689713720455
growth_sensitivity,broad_binary,0.06,size_only,ML,104,0.08813949106941732,0.0,0.0,0.18910655364702264,0.11860257339245044,256,ML,1,test,0.11860257339245041,0.06330802922332046
growth_sensitivity,broad_binary,0.06,size_only,ML,104,0.08813949106941732,0.0,0.0,0.18910655364702264,0.11860257339245044,256,HL,1,training,0.07068368294619574,0.03127141617104289
growth_sensitivity,broad_binary,0.06,size_only,ML,104,0.08813949106941732,0.0,0.0,0.18910655364702264,0.11860257339245044,256,HL,2,training,0.13049759030359465,0.05327980132034956
growth_sensitivity,broad_binary,0.06,size_only,HL,183,0.10122475907571407,0.0,0.0,0.19619824724949103,0.10661001974245647,256,LL,1,training,0.23323135822610233,0.062382860920844004
growth_sensitivity,broad_binary,0.06,size_only,HL,183,0.10122475907571407,0.0,0.0,0.19619824724949103,0.10661001974245647,256,LL,2,training,0.32717003606735995,0.15706026530851291
growth_sensitivity,broad_binary,0.06,size_only,HL,183,0.10122475907571407,0.0,0.0,0.19619824724949103,0.10661001974245647,256,ML,1,training,0.11219579735225092,0.04912922306686978
growth_sensitivity,broad_binary,0.06,size_only,HL,183,0.10122475907571407,0.0,0.0,0.19619824724949103,0.10661001974245647,256,HL,1,test,0.07396624653452583,0.02742617709445787
growth_sensitivity,broad_binary,0.06,size_only,HL,183,0.10122475907571407,0.0,0.0,0.19619824724949103,0.10661001974245647,256,HL,2,test,0.13925379295038717,0.04857837162544151
growth_sensitivity,broad_binary,0.06,instantaneous,LL,40,0.095333287025842,0.6982148736715317,0.0,0.10825600202478633,0.28441963012525795,256,LL,1,test,0.2446354666204824,0.05199988707045506
growth_sensitivity,broad_binary,0.06,instantaneous,LL,40,0.095333287025842,0.6982148736715317,0.0,0.10825600202478633,0.28441963012525795,256,LL,2,test,0.3242037936300335,0.14439753900155797
growth_sensitivity,broad_binary,0.06,instantaneous,LL,40,0.095333287025842,0.6982148736715317,0.0,0.10825600202478633,0.28441963012525795,256,ML,1,training,0.11489173741983473,0.05541844078059971
growth_sensitivity,broad_binary,0.06,instantaneous,LL,40,0.095333287025842,0.6982148736715317,0.0,0.10825600202478633,0.28441963012525795,256,HL,1,training,0.07385902744811887,0.03597138211415312
growth_sensitivity,broad_binary,0.06,instantaneous,LL,40,0.095333287025842,0.6982148736715317,0.0,0.10825600202478633,0.28441963012525795,256,HL,2,training,0.12938150581135702,0.05755501838644185
growth_sensitivity,broad_binary,0.06,instantaneous,ML,40,0.095333287025842,0.6982148736715317,0.0,0.19301994837749795,0.11489173741983474,256,LL,1,training,0.2446354666204824,0.05199988707045506
growth_sensitivity,broad_binary,0.06,instantaneous,ML,40,0.095333287025842,0.6982148736715317,0.0,0.19301994837749795,0.11489173741983474,256,LL,2,training,0.3242037936300335,0.14439753900155797
growth_sensitivity,broad_binary,0.06,instantaneous,ML,40,0.095333287025842,0.6982148736715317,0.0,0.19301994837749795,0.11489173741983474,256,ML,1,test,0.11489173741983473,0.05541844078059971
growth_sensitivity,broad_binary,0.06,instantaneous,ML,40,0.095333287025842,0.6982148736715317,0.0,0.19301994837749795,0.11489173741983474,256,HL,1,training,0.07385902744811887,0.03597138211415312
growth_sensitivity,broad_binary,0.06,instantaneous,ML,40,0.095333287025842,0.6982148736715317,0.0,0.19301994837749795,0.11489173741983474,256,HL,2,training,0.12938150581135702,0.05755501838644185
growth_sensitivity,broad_binary,0.06,instantaneous,HL,247,0.11198168239092895,-2.797867104411125,0.0,0.1957807031666345,0.26985829251785876,256,LL,1,training,0.22668765993239648,0.11532647303211004
growth_sensitivity,broad_binary,0.06,instantaneous,HL,247,0.11198168239092895,-2.797867104411125,0.0,0.1957807031666345,0.26985829251785876,256,LL,2,training,0.33656659388619736,0.2100043048492639
growth_sensitivity,broad_binary,0.06,instantaneous,HL,247,0.11198168239092895,-2.797867104411125,0.0,0.1957807031666345,0.26985829251785876,256,ML,1,training,0.10993427942397206,0.03803521551055233
growth_sensitivity,broad_binary,0.06,instantaneous,HL,247,0.11198168239092895,-2.797867104411125,0.0,0.1957807031666345,0.26985829251785876,256,HL,1,test,0.24429272565408136,0.09996660568681737
growth_sensitivity,broad_binary,0.06,instantaneous,HL,247,0.11198168239092895,-2.797867104411125,0.0,0.1957807031666345,0.26985829251785876,256,HL,2,test,0.29542385938163607,0.08621649732790422
growth_sensitivity,broad_binary,0.06,finite_time,LL,40,0.095333287025842,0.6982148736715317,4.780793744637051,0.10765236930029648,0.28259052931915923,256,LL,1,test,0.24020210903516456,0.05424691978166749
growth_sensitivity,broad_binary,0.06,finite_time,LL,40,0.095333287025842,0.6982148736715317,4.780793744637051,0.10765236930029648,0.28259052931915923,256,LL,2,test,0.3249789496031538,0.14872955157150117
growth_sensitivity,broad_binary,0.06,finite_time,LL,40,0.095333287025842,0.6982148736715317,4.780793744637051,0.10765236930029648,0.28259052931915923,256,ML,1,training,0.11489173741983473,0.05541844078059971
growth_sensitivity,broad_binary,0.06,finite_time,LL,40,0.095333287025842,0.6982148736715317,4.780793744637051,0.10765236930029648,0.28259052931915923,256,HL,1,training,0.07234403840867444,0.0336553415681251
growth_sensitivity,broad_binary,0.06,finite_time,LL,40,0.095333287025842,0.6982148736715317,4.780793744637051,0.10765236930029648,0.28259052931915923,256,HL,2,training,0.12848196395284198,0.05523880304921257
growth_sensitivity,broad_binary,0.06,finite_time,ML,40,0.095333287025842,0.6982148736715317,4.780793744637051,0.1915017652499587,0.11489173741983474,256,LL,1,training,0.24020210903516456,0.05424691978166749
growth_sensitivity,broad_binary,0.06,finite_time,ML,40,0.095333287025842,0.6982148736715317,4.780793744637051,0.1915017652499587,0.11489173741983474,256,LL,2,training,0.3249789496031538,0.14872955157150117
growth_sensitivity,broad_binary,0.06,finite_time,ML,40,0.095333287025842,0.6982148736715317,4.780793744637051,0.1915017652499587,0.11489173741983474,256,ML,1,test,0.11489173741983473,0.05541844078059971
growth_sensitivity,broad_binary,0.06,finite_time,ML,40,0.095333287025842,0.6982148736715317,4.780793744637051,0.1915017652499587,0.11489173741983474,256,HL,1,training,0.07234403840867444,0.0336553415681251
growth_sensitivity,broad_binary,0.06,finite_time,ML,40,0.095333287025842,0.6982148736715317,4.780793744637051,0.1915017652499587,0.11489173741983474,256,HL,2,training,0.12848196395284198,0.05523880304921257
growth_sensitivity,broad_binary,0.06,finite_time,HL,247,0.11198168239092895,-2.797867104411125,10.775472492249342,0.1946008504590397,0.1880936294355373,256,LL,1,training,0.22526351303140024,0.08928930038441903
growth_sensitivity,broad_binary,0.06,finite_time,HL,247,0.11198168239092895,-2.797867104411125,10.775472492249342,0.1946008504590397,0.1880936294355373,256,LL,2,training,0.3332713299568143,0.1839669365489785
growth_sensitivity,broad_binary,0.06,finite_time,HL,247,0.11198168239092895,-2.797867104411125,10.775472492249342,0.1946008504590397,0.1880936294355373,256,ML,1,training,0.10993427942397206,0.03803521551055233
growth_sensitivity,broad_binary,0.06,finite_time,HL,247,0.11198168239092895,-2.797867104411125,10.775472492249342,0.1946008504590397,0.1880936294355373,256,HL,1,test,0.15764121785148788,0.05950092728735312
growth_sensitivity,broad_binary,0.06,finite_time,HL,247,0.11198168239092895,-2.797867104411125,10.775472492249342,0.1946008504590397,0.1880936294355373,256,HL,2,test,0.21854604101958672,0.058561025708021935
growth_sensitivity,retained_satellites,0.08,size_only,LL,224,0.1771425837540777,0.0,0.0,0.24775415551547672,0.1650851629795128,256,LL,1,test,0.12719853124172056,0.09716359464173273
growth_sensitivity,retained_satellites,0.08,size_only,LL,224,0.1771425837540777,0.0,0.0,0.24775415551547672,0.1650851629795128,256,LL,2,test,0.20297179471730503,0.1919599591042286
growth_sensitivity,retained_satellites,0.08,size_only,LL,224,0.1771425837540777,0.0,0.0,0.24775415551547672,0.1650851629795128,256,ML,1,training,0.23494289986386904,0.11120335088955428
growth_sensitivity,retained_satellites,0.08,size_only,LL,224,0.1771425837540777,0.0,0.0,0.24775415551547672,0.1650851629795128,256,HL,1,training,0.22748473553192117,0.093525627108362
growth_sensitivity,retained_satellites,0.08,size_only,LL,224,0.1771425837540777,0.0,0.0,0.24775415551547672,0.1650851629795128,256,HL,2,training,0.2936460868022475,0.11496583693679802
growth_sensitivity,retained_satellites,0.08,size_only,ML,0,0.22054130581068726,0.0,0.0,0.20945092463127962,0.23233862522433332,256,LL,1,training,0.12412127645713648,0.06425769365576295
growth_sensitivity,retained_satellites,0.08,size_only,ML,0,0.22054130581068726,0.0,0.0,0.20945092463127962,0.23233862522433332,256,LL,2,training,0.17577797887947041,0.15904303509542336
growth_sensitivity,retained_satellites,0.08,size_only,ML,0,0.22054130581068726,0.0,0.0,0.20945092463127962,0.23233862522433332,256,ML,1,test,0.23233862522433335,0.0931048951722639
growth_sensitivity,retained_satellites,0.08,size_only,ML,0,0.22054130581068726,0.0,0.0,0.20945092463127962,0.23233862522433332,256,HL,1,training,0.2346854363704649,0.08486712629404207
growth_sensitivity,retained_satellites,0.08,size_only,ML,0,0.22054130581068726,0.0,0.0,0.20945092463127962,0.23233862522433332,256,HL,2,training,0.3032190068180468,0.10664125769469623
growth_sensitivity,retained_satellites,0.08,size_only,HL,116,0.24817672897975132,0.0,0.0,0.19010065435235501,0.27767253926582347,256,LL,1,training,0.12740898705944342,0.048960633674315066
growth_sensitivity,retained_satellites,0.08,size_only,HL,116,0.24817672897975132,0.0,0.0,0.19010065435235501,0.27767253926582347,256,LL,2,training,0.1653546942727968,0.13987217801228571
growth_sensitivity,retained_satellites,0.08,size_only,HL,116,0.24817672897975132,0.0,0.0,0.19010065435235501,0.27767253926582347,256,ML,1,training,0.23381946803858994,0.08560752361717101
growth_sensitivity,retained_satellites,0.08,size_only,HL,116,0.24817672897975132,0.0,0.0,0.19010065435235501,0.27767253926582347,256,HL,1,test,0.24397545207910398,0.08345006914850805
growth_sensitivity,retained_satellites,0.08,size_only,HL,116,0.24817672897975132,0.0,0.0,0.19010065435235501,0.27767253926582347,256,HL,2,test,0.311369626452543,0.10430857635548522
growth_sensitivity,retained_satellites,0.08,instantaneous,LL,192,0.21634040493531345,2.9837045669555664,0.0,0.245242484173199,0.17493202944047678,256,LL,1,test,0.19521983656465888,0.07500309206888982
growth_sensitivity,retained_satellites,0.08,instantaneous,LL,192,0.21634040493531345,2.9837045669555664,0.0,0.245242484173199,0.17493202944047678,256,LL,2,test,0.15464422231629477,0.04281058901880466
growth_sensitivity,retained_satellites,0.08,instantaneous,LL,192,0.21634040493531345,2.9837045669555664,0.0,0.245242484173199,0.17493202944047678,256,ML,1,training,0.23243424580614178,0.09450187139802722
growth_sensitivity,retained_satellites,0.08,instantaneous,LL,192,0.21634040493531345,2.9837045669555664,0.0,0.245242484173199,0.17493202944047678,256,HL,1,training,0.2294375707481326,0.12862654843318944
growth_sensitivity,retained_satellites,0.08,instantaneous,LL,192,0.21634040493531345,2.9837045669555664,0.0,0.245242484173199,0.17493202944047678,256,HL,2,training,0.2866638743323797,0.14754419201234137
growth_sensitivity,retained_satellites,0.08,instantaneous,ML,160,0.19593215944447884,0.9872315376996994,0.0,0.20208228937646638,0.23317034426937877,256,LL,1,training,0.12771294149318282,0.048080210797829905
growth_sensitivity,retained_satellites,0.08,instantaneous,ML,160,0.19593215944447884,0.9872315376996994,0.0,0.20208228937646638,0.23317034426937877,256,LL,2,training,0.16443319691491529,0.13813367575550697
growth_sensitivity,retained_satellites,0.08,instantaneous,ML,160,0.19593215944447884,0.9872315376996994,0.0,0.20208228937646638,0.23317034426937877,256,ML,1,test,0.23317034426937874,0.10252492453246587
growth_sensitivity,retained_satellites,0.08,instantaneous,ML,160,0.19593215944447884,0.9872315376996994,0.0,0.20208228937646638,0.23317034426937877,256,HL,1,training,0.22737943578059647,0.10199680370160868
growth_sensitivity,retained_satellites,0.08,instantaneous,ML,160,0.19593215944447884,0.9872315376996994,0.0,0.20208228937646638,0.23317034426937877,256,HL,2,training,0.28880358331717104,0.122286309390495
growth_sensitivity,retained_satellites,0.08,instantaneous,HL,160,0.19593215944447884,0.9872315376996994,0.0,0.1896217067367139,0.2580915095488837,256,LL,1,training,0.12771294149318282,0.048080210797829905
growth_sensitivity,retained_satellites,0.08,instantaneous,HL,160,0.19593215944447884,0.9872315376996994,0.0,0.1896217067367139,0.2580915095488837,256,LL,2,training,0.16443319691491529,0.13813367575550697
growth_sensitivity,retained_satellites,0.08,instantaneous,HL,160,0.19593215944447884,0.9872315376996994,0.0,0.1896217067367139,0.2580915095488837,256,ML,1,training,0.23317034426937874,0.10252492453246587
growth_sensitivity,retained_satellites,0.08,instantaneous,HL,160,0.19593215944447884,0.9872315376996994,0.0,0.1896217067367139,0.2580915095488837,256,HL,1,test,0.22737943578059647,0.10199680370160868
growth_sensitivity,retained_satellites,0.08,instantaneous,HL,160,0.19593215944447884,0.9872315376996994,0.0,0.1896217067367139,0.2580915095488837,256,HL,2,test,0.28880358331717104,0.122286309390495
growth_sensitivity,retained_satellites,0.08,finite_time,LL,192,0.21634040493531345,2.9837045669555664,1.9973646946428385,0.2442061296183784,0.16779539924446812,256,LL,1,test,0.18351605260788798,0.06780870048830452
growth_sensitivity,retained_satellites,0.08,finite_time,LL,192,0.21634040493531345,2.9837045669555664,1.9973646946428385,0.2442061296183784,0.16779539924446812,256,LL,2,test,0.15207474588104833,0.04716737823058816
growth_sensitivity,retained_satellites,0.08,finite_time,LL,192,0.21634040493531345,2.9837045669555664,1.9973646946428385,0.2442061296183784,0.16779539924446812,256,ML,1,training,0.23243424580614178,0.09450187139802722
growth_sensitivity,retained_satellites,0.08,finite_time,LL,192,0.21634040493531345,2.9837045669555664,1.9973646946428385,0.2442061296183784,0.16779539924446812,256,HL,1,training,0.22736318765122984,0.1229249307735095
growth_sensitivity,retained_satellites,0.08,finite_time,LL,192,0.21634040493531345,2.9837045669555664,1.9973646946428385,0.2442061296183784,0.16779539924446812,256,HL,2,training,0.28459283921000017,0.1418529411903724
growth_sensitivity,retained_satellites,0.08,finite_time,ML,96,0.16800136987796183,3.783211410045624,9.180580268032735,0.20036571193528502,0.23649816661902376,256,LL,1,training,0.1383333247846359,0.043590460785556034
growth_sensitivity,retained_satellites,0.08,finite_time,ML,96,0.16800136987796183,3.783211410045624,9.180580268032735,0.20036571193528502,0.23649816661902376,256,LL,2,training,0.15146056801278723,0.10407326817854845
growth_sensitivity,retained_satellites,0.08,finite_time,ML,96,0.16800136987796183,3.783211410045624,9.180580268032735,0.20036571193528502,0.23649816661902376,256,ML,1,test,0.2364981666190238,0.11617345757590429
growth_sensitivity,retained_satellites,0.08,finite_time,ML,96,0.16800136987796183,3.783211410045624,9.180580268032735,0.20036571193528502,0.23649816661902376,256,HL,1,training,0.22724058523121224,0.13141532613460433
growth_sensitivity,retained_satellites,0.08,finite_time,ML,96,0.16800136987796183,3.783211410045624,9.180580268032735,0.20036571193528502,0.23649816661902376,256,HL,2,training,0.28442836971250474,0.14985485026565654
growth_sensitivity,retained_satellites,0.08,finite_time,HL,160,0.19593215944447884,0.9872315376996994,0.5231955473648926,0.18969020735635556,0.25800743567584705,256,LL,1,training,0.12751579209003205,0.04858200983425976
growth_sensitivity,retained_satellites,0.08,finite_time,HL,160,0.19593215944447884,0.9872315376996994,0.5231955473648926,0.18969020735635556,0.25800743567584705,256,LL,2,training,0.16490434879663257,0.1390631560103385
growth_sensitivity,retained_satellites,0.08,finite_time,HL,160,0.19593215944447884,0.9872315376996994,0.5231955473648926,0.18969020735635556,0.25800743567584705,256,ML,1,training,0.23317034426937874,0.10252492453246587
growth_sensitivity,retained_satellites,0.08,finite_time,HL,160,0.19593215944447884,0.9872315376996994,0.5231955473648926,0.18969020735635556,0.25800743567584705,256,HL,1,test,0.22719088309595725,0.10152378488349466
growth_sensitivity,retained_satellites,0.08,finite_time,HL,160,0.19593215944447884,0.9872315376996994,0.5231955473648926,0.18969020735635556,0.25800743567584705,256,HL,2,test,0.28882398825573685,0.12190726443834736
growth_sensitivity,asymmetric_binary,0.08,size_only,LL,84,0.30310299628649084,0.0,0.0,0.11345758759919478,0.27263982011813537,256,LL,1,test,0.2387005760465647,0.06140805649583546
growth_sensitivity,asymmetric_binary,0.08,size_only,LL,84,0.30310299628649084,0.0,0.0,0.11345758759919478,0.27263982011813537,256,LL,2,test,0.306579064189706,0.1559817178868793
growth_sensitivity,asymmetric_binary,0.08,size_only,LL,84,0.30310299628649084,0.0,0.0,0.11345758759919478,0.27263982011813537,256,ML,1,training,0.08997102862900591,0.04760702111158287
growth_sensitivity,asymmetric_binary,0.08,size_only,LL,84,0.30310299628649084,0.0,0.0,0.11345758759919478,0.27263982011813537,256,HL,1,training,0.09660959121002356,0.042511600000492526
growth_sensitivity,asymmetric_binary,0.08,size_only,LL,84,0.30310299628649084,0.0,0.0,0.11345758759919478,0.27263982011813537,256,HL,2,training,0.17727870192874362,0.06439505204788275
growth_sensitivity,asymmetric_binary,0.08,size_only,ML,139,0.25480892237598873,0.0,0.0,0.19727361689044048,0.11453538593287917,256,LL,1,training,0.22178290972632908,0.0872526301246768
growth_sensitivity,asymmetric_binary,0.08,size_only,ML,139,0.25480892237598873,0.0,0.0,0.19727361689044048,0.11453538593287917,256,LL,2,training,0.31449154921547595,0.18207053304789558
growth_sensitivity,asymmetric_binary,0.08,size_only,ML,139,0.25480892237598873,0.0,0.0,0.19727361689044048,0.11453538593287917,256,ML,1,test,0.11453538593287917,0.073028804828859
growth_sensitivity,asymmetric_binary,0.08,size_only,ML,139,0.25480892237598873,0.0,0.0,0.19727361689044048,0.11453538593287917,256,HL,1,training,0.08669403498904346,0.04853208255800608
growth_sensitivity,asymmetric_binary,0.08,size_only,ML,139,0.25480892237598873,0.0,0.0,0.19727361689044048,0.11453538593287917,256,HL,2,training,0.1661259736309133,0.07127674172867637
growth_sensitivity,asymmetric_binary,0.08,size_only,HL,148,0.3231906054363986,0.0,0.0,0.18088469979138289,0.1457722257258098,256,LL,1,training,0.24737399634232562,0.056207670238187325
growth_sensitivity,asymmetric_binary,0.08,size_only,HL,148,0.3231906054363986,0.0,0.0,0.18088469979138289,0.1457722257258098,256,LL,2,training,0.3031176257968145,0.14586592698034628
growth_sensitivity,asymmetric_binary,0.08,size_only,HL,148,0.3231906054363986,0.0,0.0,0.18088469979138289,0.1457722257258098,256,ML,1,training,0.08652358851319567,0.04021908393268837
growth_sensitivity,asymmetric_binary,0.08,size_only,HL,148,0.3231906054363986,0.0,0.0,0.18088469979138289,0.1457722257258098,256,HL,1,test,0.10714228344274046,0.04294134046663046
growth_sensitivity,asymmetric_binary,0.08,size_only,HL,148,0.3231906054363986,0.0,0.0,0.18088469979138289,0.1457722257258098,256,HL,2,test,0.18440216800887924,0.06324067128168144
growth_sensitivity,asymmetric_binary,0.08,instantaneous,LL,68,0.3601241570807449,1.676990121603012,0.0,0.10738074238836906,0.34506039037573855,256,LL,1,test,0.3560796614636433,0.08286819643343167
growth_sensitivity,asymmetric_binary,0.08,instantaneous,LL,68,0.3601241570807449,1.676990121603012,0.0,0.10738074238836906,0.34506039037573855,256,LL,2,test,0.3340411192878339,0.06411654884467181
growth_sensitivity,asymmetric_binary,0.08,instantaneous,LL,68,0.3601241570807449,1.676990121603012,0.0,0.10738074238836906,0.34506039037573855,256,ML,1,training,0.08683877442160402,0.03544139198696839
growth_sensitivity,asymmetric_binary,0.08,instantaneous,LL,68,0.3601241570807449,1.676990121603012,0.0,0.10738074238836906,0.34506039037573855,256,HL,1,training,0.09040466186149647,0.05352641801010255
growth_sensitivity,asymmetric_binary,0.08,instantaneous,LL,68,0.3601241570807449,1.676990121603012,0.0,0.10738074238836906,0.34506039037573855,256,HL,2,training,0.1654407588487717,0.07584787573082034
growth_sensitivity,asymmetric_binary,0.08,instantaneous,ML,0,0.22054130581068726,0.0,0.0,0.19996345383708938,0.13767177255667665,256,LL,1,training,0.21773118635620628,0.1073793042904772
growth_sensitivity,asymmetric_binary,0.08,instantaneous,ML,0,0.22054130581068726,0.0,0.0,0.19996345383708938,0.13767177255667665,256,LL,2,training,0.31972766256811225,0.20219733944653426
growth_sensitivity,asymmetric_binary,0.08,instantaneous,ML,0,0.22054130581068726,0.0,0.0,0.19996345383708938,0.13767177255667665,256,ML,1,test,0.13767177255667665,0.09294207642247827
growth_sensitivity,asymmetric_binary,0.08,instantaneous,ML,0,0.22054130581068726,0.0,0.0,0.19996345383708938,0.13767177255667665,256,HL,1,training,0.09629819141447886,0.059498774976612566
growth_sensitivity,asymmetric_binary,0.08,instantaneous,ML,0,0.22054130581068726,0.0,0.0,0.19996345383708938,0.13767177255667665,256,HL,2,training,0.1660967750095602,0.0810743842759702
growth_sensitivity,asymmetric_binary,0.08,instantaneous,HL,171,0.3096758520820369,-0.27555225789546967,0.0,0.17981411690139834,0.1499867580114023,256,LL,1,training,0.23268735869889456,0.06848639093945053
growth_sensitivity,asymmetric_binary,0.08,instantaneous,HL,171,0.3096758520820369,-0.27555225789546967,0.0,0.17981411690139834,0.1499867580114023,256,LL,2,training,0.3089408904929508,0.16330416162588948
growth_sensitivity,asymmetric_binary,0.08,instantaneous,HL,171,0.3096758520820369,-0.27555225789546967,0.0,0.17981411690139834,0.1499867580114023,256,ML,1,training,0.08881410920687394,0.04442132840236492
growth_sensitivity,asymmetric_binary,0.08,instantaneous,HL,171,0.3096758520820369,-0.27555225789546967,0.0,0.17981411690139834,0.1499867580114023,256,HL,1,test,0.1116798293905154,0.04326348774043664
growth_sensitivity,asymmetric_binary,0.08,instantaneous,HL,171,0.3096758520820369,-0.27555225789546967,0.0,0.17981411690139834,0.1499867580114023,256,HL,2,test,0.18829368663228924,0.06282974610488373
growth_sensitivity,asymmetric_binary,0.08,finite_time,LL,68,0.3601241570807449,1.676990121603012,6.284573588126583,0.10502418897129767,0.32187693241741455,256,LL,1,test,0.32549434057380355,0.0704014589282527
growth_sensitivity,asymmetric_binary,0.08,finite_time,LL,68,0.3601241570807449,1.676990121603012,6.284573588126583,0.10502418897129767,0.32187693241741455,256,LL,2,test,0.31825952426102555,0.07665796545822139
growth_sensitivity,asymmetric_binary,0.08,finite_time,LL,68,0.3601241570807449,1.676990121603012,6.284573588126583,0.10502418897129767,0.32187693241741455,256,ML,1,training,0.08683877442160402,0.03544139198696839
growth_sensitivity,asymmetric_binary,0.08,finite_time,LL,68,0.3601241570807449,1.676990121603012,6.284573588126583,0.10502418897129767,0.32187693241741455,256,HL,1,training,0.08276579705372668,0.04481242747724376
growth_sensitivity,asymmetric_binary,0.08,finite_time,LL,68,0.3601241570807449,1.676990121603012,6.284573588126583,0.10502418897129767,0.32187693241741455,256,HL,2,training,0.1636534099882559,0.06755636785774602
growth_sensitivity,asymmetric_binary,0.08,finite_time,ML,180,0.26631191664577736,1.0480666756629944,14.942628958472552,0.1991401386039591,0.10806392574162103,256,LL,1,training,0.23755156542554087,0.062330568276594805
growth_sensitivity,asymmetric_binary,0.08,finite_time,ML,180,0.26631191664577736,1.0480666756629944,14.942628958472552,0.1991401386039591,0.10806392574162103,256,LL,2,training,0.3060593897866469,0.15708661298939058
growth_sensitivity,asymmetric_binary,0.08,finite_time,ML,180,0.26631191664577736,1.0480666756629944,14.942628958472552,0.1991401386039591,0.10806392574162103,256,ML,1,test,0.10806392574162103,0.06671255585538712
growth_sensitivity,asymmetric_binary,0.08,finite_time,ML,180,0.26631191664577736,1.0480666756629944,14.942628958472552,0.1991401386039591,0.10806392574162103,256,HL,1,training,0.08916341730945303,0.0531503105523751
growth_sensitivity,asymmetric_binary,0.08,finite_time,ML,180,0.26631191664577736,1.0480666756629944,14.942628958472552,0.1991401386039591,0.10806392574162103,256,HL,2,training,0.16378618189419555,0.07547222340330886
growth_sensitivity,asymmetric_binary,0.08,finite_time,HL,171,0.3096758520820369,-0.27555225789546967,0.35232025076534096,0.1798407183818628,0.1498647567268575,256,LL,1,training,0.2328243972907669,0.06831415665329832
growth_sensitivity,asymmetric_binary,0.08,finite_time,HL,171,0.3096758520820369,-0.27555225789546967,0.35232025076534096,0.1798407183818628,0.1498647567268575,256,LL,2,training,0.3089102578229363,0.16313192618616734
growth_sensitivity,asymmetric_binary,0.08,finite_time,HL,171,0.3096758520820369,-0.27555225789546967,0.35232025076534096,0.1798407183818628,0.1498647567268575,256,ML,1,training,0.08881410920687394,0.04442132840236492
growth_sensitivity,asymmetric_binary,0.08,finite_time,HL,171,0.3096758520820369,-0.27555225789546967,0.35232025076534096,0.1798407183818628,0.1498647567268575,256,HL,1,test,0.11154298951895084,0.04326623349395959
growth_sensitivity,asymmetric_binary,0.08,finite_time,HL,171,0.3096758520820369,-0.27555225789546967,0.35232025076534096,0.1798407183818628,0.1498647567268575,256,HL,2,test,0.18818652393476412,0.062865397353327
growth_sensitivity,broad_binary,0.08,size_only,LL,144,0.13535760175210307,0.0,0.0,0.11522653093649124,0.292750704842096,256,LL,1,test,0.24044777575527573,0.07994778919907576
growth_sensitivity,broad_binary,0.08,size_only,LL,144,0.13535760175210307,0.0,0.0,0.11522653093649124,0.292750704842096,256,LL,2,test,0.3450536339289164,0.17476600707885465
growth_sensitivity,broad_binary,0.08,size_only,LL,144,0.13535760175210307,0.0,0.0,0.11522653093649124,0.292750704842096,256,ML,1,training,0.12424623710979485,0.06497560603524927
growth_sensitivity,broad_binary,0.08,size_only,LL,144,0.13535760175210307,0.0,0.0,0.11522653093649124,0.292750704842096,256,HL,1,training,0.0763944295735505,0.030972678549655047
growth_sensitivity,broad_binary,0.08,size_only,LL,144,0.13535760175210307,0.0,0.0,0.11522653093649124,0.292750704842096,256,HL,2,training,0.13601921995282476,0.05360863358104086
growth_sensitivity,broad_binary,0.08,size_only,ML,208,0.12517072818149774,0.0,0.0,0.1982107436567071,0.12897183138876006,256,LL,1,training,0.23518002987453543,0.09131912232148197
growth_sensitivity,broad_binary,0.08,size_only,ML,208,0.12517072818149774,0.0,0.0,0.1982107436567071,0.12897183138876006,256,LL,2,training,0.3470330404534578,0.18613739043871125
growth_sensitivity,broad_binary,0.08,size_only,ML,208,0.12517072818149774,0.0,0.0,0.1982107436567071,0.12897183138876006,256,ML,1,test,0.12897183138876006,0.07632983278244602
growth_sensitivity,broad_binary,0.08,size_only,ML,208,0.12517072818149774,0.0,0.0,0.1982107436567071,0.12897183138876006,256,HL,1,training,0.07673629940950628,0.03712270349069489
growth_sensitivity,broad_binary,0.08,size_only,ML,208,0.12517072818149774,0.0,0.0,0.1982107436567071,0.12897183138876006,256,HL,2,training,0.13389360488932894,0.05839437580314298
growth_sensitivity,broad_binary,0.08,size_only,HL,112,0.140817810478024,0.0,0.0,0.2083654141054503,0.10823692869705628,256,LL,1,training,0.24423116072168943,0.07404445503713147
growth_sensitivity,broad_binary,0.08,size_only,HL,112,0.140817810478024,0.0,0.0,0.2083654141054503,0.10823692869705628,256,LL,2,training,0.34394922653948434,0.1688626459863696
growth_sensitivity,broad_binary,0.08,size_only,HL,112,0.140817810478024,0.0,0.0,0.2083654141054503,0.10823692869705628,256,ML,1,training,0.1226406345803138,0.05908177848924799
growth_sensitivity,broad_binary,0.08,size_only,HL,112,0.140817810478024,0.0,0.0,0.2083654141054503,0.10823692869705628,256,HL,1,test,0.07912733250916724,0.02913644206707891
growth_sensitivity,broad_binary,0.08,size_only,HL,112,0.140817810478024,0.0,0.0,0.2083654141054503,0.10823692869705628,256,HL,2,test,0.1373465248849453,0.051385589462683914
growth_sensitivity,broad_binary,0.08,instantaneous,LL,239,0.13085444954149728,-0.14126598834991455,0.0,0.11629299333925644,0.29121834439633426,256,LL,1,test,0.23562050890107766,0.09001957847007254
growth_sensitivity,broad_binary,0.08,instantaneous,LL,239,0.13085444954149728,-0.14126598834991455,0.0,0.11629299333925644,0.29121834439633426,256,LL,2,test,0.34681617989159075,0.18483784095060626
growth_sensitivity,broad_binary,0.08,instantaneous,LL,239,0.13085444954149728,-0.14126598834991455,0.0,0.11629299333925644,0.29121834439633426,256,ML,1,training,0.12632223500615886,0.06993659747613418
growth_sensitivity,broad_binary,0.08,instantaneous,LL,239,0.13085444954149728,-0.14126598834991455,0.0,0.11629299333925644,0.29121834439633426,256,HL,1,training,0.07646170968682928,0.03087328882037566
growth_sensitivity,broad_binary,0.08,instantaneous,LL,239,0.13085444954149728,-0.14126598834991455,0.0,0.11629299333925644,0.29121834439633426,256,HL,2,training,0.13606579365787877,0.0535245126098168
growth_sensitivity,broad_binary,0.08,instantaneous,ML,239,0.13085444954149728,-0.14126598834991455,0.0,0.19874104803434414,0.12632223500615886,256,LL,1,training,0.23562050890107766,0.09001957847007254
growth_sensitivity,broad_binary,0.08,instantaneous,ML,239,0.13085444954149728,-0.14126598834991455,0.0,0.19874104803434414,0.12632223500615886,256,LL,2,training,0.34681617989159075,0.18483784095060626
growth_sensitivity,broad_binary,0.08,instantaneous,ML,239,0.13085444954149728,-0.14126598834991455,0.0,0.19874104803434414,0.12632223500615886,256,ML,1,test,0.12632223500615886,0.06993659747613418
growth_sensitivity,broad_binary,0.08,instantaneous,ML,239,0.13085444954149728,-0.14126598834991455,0.0,0.19874104803434414,0.12632223500615886,256,HL,1,training,0.07646170968682928,0.03087328882037566
growth_sensitivity,broad_binary,0.08,instantaneous,ML,239,0.13085444954149728,-0.14126598834991455,0.0,0.19874104803434414,0.12632223500615886,256,HL,2,training,0.13606579365787877,0.0535245126098168
growth_sensitivity,broad_binary,0.08,instantaneous,HL,79,0.16101010791116377,-1.0917755961418152,0.0,0.20666027799675668,0.1804447046586652,256,LL,1,training,0.2349025501361743,0.09432089122115207
growth_sensitivity,broad_binary,0.08,instantaneous,HL,79,0.16101010791116377,-1.0917755961418152,0.0,0.20666027799675668,0.1804447046586652,256,LL,2,training,0.3475251585257933,0.18913917225903248
growth_sensitivity,broad_binary,0.08,instantaneous,HL,79,0.16101010791116377,-1.0917755961418152,0.0,0.20666027799675668,0.1804447046586652,256,ML,1,training,0.12210670166252954,0.03840399544539919
growth_sensitivity,broad_binary,0.08,instantaneous,HL,79,0.16101010791116377,-1.0917755961418152,0.0,0.20666027799675668,0.1804447046586652,256,HL,1,test,0.14942677490522602,0.053505609146775185
growth_sensitivity,broad_binary,0.08,instantaneous,HL,79,0.16101010791116377,-1.0917755961418152,0.0,0.20666027799675668,0.1804447046586652,256,HL,2,test,0.2114626344121043,0.05641820237688974
growth_sensitivity,broad_binary,0.08,finite_time,LL,240,0.14947295182576786,1.433327630162239,3.3230393092350927,0.11422706112600295,0.32156210179988765,256,LL,1,test,0.30993014788111745,0.06338236217874815
growth_sensitivity,broad_binary,0.08,finite_time,LL,240,0.14947295182576786,1.433327630162239,3.3230393092350927,0.11422706112600295,0.32156210179988765,256,LL,2,test,0.3331940557186579,0.11017939147927691
growth_sensitivity,broad_binary,0.08,finite_time,LL,240,0.14947295182576786,1.433327630162239,3.3230393092350927,0.11422706112600295,0.32156210179988765,256,ML,1,training,0.12044420335785211,0.05000648555200549
growth_sensitivity,broad_binary,0.08,finite_time,LL,240,0.14947295182576786,1.433327630162239,3.3230393092350927,0.11422706112600295,0.32156210179988765,256,HL,1,training,0.0827756617064889,0.05285415880949633
growth_sensitivity,broad_binary,0.08,finite_time,LL,240,0.14947295182576786,1.433327630162239,3.3230393092350927,0.11422706112600295,0.32156210179988765,256,HL,2,training,0.13324417608181865,0.06908295076051937
growth_sensitivity,broad_binary,0.08,finite_time,ML,239,0.13085444954149728,-0.14126598834991455,1.0818384000265384,0.198750539681944,0.12632223500615886,256,LL,1,training,0.2357299615522703,0.08976618020857226
growth_sensitivity,broad_binary,0.08,finite_time,ML,239,0.13085444954149728,-0.14126598834991455,1.0818384000265384,0.198750539681944,0.12632223500615886,256,LL,2,training,0.34679397599285755,0.18458444164393698
growth_sensitivity,broad_binary,0.08,finite_time,ML,239,0.13085444954149728,-0.14126598834991455,1.0818384000265384,0.198750539681944,0.12632223500615886,256,ML,1,test,0.12632223500615886,0.06993659747613418
growth_sensitivity,broad_binary,0.08,finite_time,ML,239,0.13085444954149728,-0.14126598834991455,1.0818384000265384,0.198750539681944,0.12632223500615886,256,HL,1,training,0.07640715656809731,0.03101070670874576
growth_sensitivity,broad_binary,0.08,finite_time,ML,239,0.13085444954149728,-0.14126598834991455,1.0818384000265384,0.198750539681944,0.12632223500615886,256,HL,2,training,0.13607106461455065,0.05365106832710887
growth_sensitivity,broad_binary,0.08,finite_time,HL,79,0.16101010791116377,-1.0917755961418152,5.084182906084923,0.2071769825545628,0.16566572616134698,256,LL,1,training,0.23804475788356352,0.08472713876032095
growth_sensitivity,broad_binary,0.08,finite_time,HL,79,0.16101010791116377,-1.0917755961418152,5.084182906084923,0.2071769825545628,0.16566572616134698,256,LL,2,training,0.3464497690096286,0.17954537936955234
growth_sensitivity,broad_binary,0.08,finite_time,HL,79,0.16101010791116377,-1.0917755961418152,5.084182906084923,0.2071769825545628,0.16566572616134698,256,ML,1,training,0.12210670166252954,0.03840399544539919
growth_sensitivity,broad_binary,0.08,finite_time,HL,79,0.16101010791116377,-1.0917755961418152,5.084182906084923,0.2071769825545628,0.16566572616134698,256,HL,1,test,0.1330807995608061,0.04537770578491561
growth_sensitivity,broad_binary,0.08,finite_time,HL,79,0.16101010791116377,-1.0917755961418152,5.084182906084923,0.2071769825545628,0.16566572616134698,256,HL,2,test,0.19825065276188786,0.05330457338398325
